method,query_song_name,query_song_genre,match_1,match_1_genre,match_2,match_2_genre,match_3,match_3_genre
raw dot product,All The Things You Are,blues,Interlude 5,r&b/soul,I'm A Winner (Amended Album Version),hip hop,Hot N Cold (Innerpartysystem Main),electronic
raw dot product,Vultures,blues,B-Boy Bouillabaisse: A.W.O.L. (2009 Digital Remaster),hip hop,Interlude 5,r&b/soul,I Mean (I Don't Mean It),r&b/soul
raw dot product,Out Of My Mind,blues,Interlude 5,r&b/soul,B-Boy Bouillabaisse: A.W.O.L. (2009 Digital Remaster),hip hop,I'm A Winner (Amended Album Version),hip hop
raw dot product,Hump Bounce,blues,Interlude 5,r&b/soul,B-Boy Bouillabaisse: A.W.O.L. (2009 Digital Remaster),hip hop,I Want You,r&b/soul
raw dot product,Intro - The Sermon,blues,Interlude 5,r&b/soul,B-Boy Bouillabaisse: A.W.O.L. (2009 Digital Remaster),hip hop,I'm A Winner (Amended Album Version),hip hop
raw dot product,Call On Me,blues,Interlude 5,r&b/soul,I'm A Winner (Amended Album Version),hip hop,B-Boy Bouillabaisse: A.W.O.L. (2009 Digital Remaster),hip hop
raw dot product,Oceans and Streams,blues,Interlude 5,r&b/soul,B-Boy Bouillabaisse: A.W.O.L. (2009 Digital Remaster),hip hop,8 Mile,hip hop
raw dot product,10 A.M. Automatic,blues,Interlude 5,r&b/soul,I'm A Winner (Amended Album Version),hip hop,Man In The Mirror,pop
raw dot product,Aeroplane Blues,blues,Interlude 5,r&b/soul,B-Boy Bouillabaisse: A.W.O.L. (2009 Digital Remaster),hip hop,I Mean (I Don't Mean It),r&b/soul
raw dot product,All Hands Against His Own,blues,Interlude 5,r&b/soul,I'm A Winner (Amended Album Version),hip hop,Man In The Mirror,pop
raw dot product,Black Door,blues,I Wanna Know,r&b/soul,Interlude 5,r&b/soul,Everytime I...,r&b/soul
raw dot product,Busted,blues,Interlude 5,r&b/soul,I'm A Winner (Amended Album Version),hip hop,I Want You,r&b/soul
raw dot product,Give Your Heart Away,blues,Interlude 5,r&b/soul,Man In The Mirror,pop,B-Boy Bouillabaisse: A.W.O.L. (2009 Digital Remaster),hip hop
raw dot product,Grown So Ugly,blues,Interlude 5,r&b/soul,B-Boy Bouillabaisse: A.W.O.L. (2009 Digital Remaster),hip hop,My Darling,hip hop
raw dot product,Hard Row,blues,Interlude 5,r&b/soul,I'm A Winner (Amended Album Version),hip hop,Man In The Mirror,pop
raw dot product,I Got Mine,blues,Everytime I...,r&b/soul,8 Mile,hip hop,I Want You,r&b/soul
raw dot product,If You See Me,blues,I'm A Winner (Amended Album Version),hip hop,Interlude 5,r&b/soul,I Want You,r&b/soul
raw dot product,Lies,blues,Interlude 5,r&b/soul,B-Boy Bouillabaisse: A.W.O.L. (2009 Digital Remaster),hip hop,I'm A Winner (Amended Album Version),hip hop
raw dot product,Next Girl,blues,B-Boy Bouillabaisse: A.W.O.L. (2009 Digital Remaster),hip hop,The Girls,electronic,8 Mile,hip hop
raw dot product,No Fun,blues,Miss You,latin,Breakaway,pop,Kozmic Blues,blues
raw dot product,Stack Shot Billy,blues,Interlude 5,r&b/soul,B-Boy Bouillabaisse: A.W.O.L. (2009 Digital Remaster),hip hop,Otha Fish,hip hop
raw dot product,Ten Cent Pistol,blues,Queen Of Hollywood ( LP Version ),pop,She Ain't Afraid,hip hop,Interlude 5,r&b/soul
raw dot product,The Flame,blues,Interlude 5,r&b/soul,I'm A Winner (Amended Album Version),hip hop,My Darling,hip hop
raw dot product,These Days,blues,Interlude 5,r&b/soul,B-Boy Bouillabaisse: A.W.O.L. (2009 Digital Remaster),hip hop,I Want You,r&b/soul
raw dot product,When The Lights Go Out,blues,Interlude 5,r&b/soul,I'm A Winner (Amended Album Version),hip hop,I Want You,r&b/soul
raw dot product,Have Love Will Travel,blues,I Want You,r&b/soul,Interlude 5,r&b/soul,I'm A Winner (Amended Album Version),hip hop
raw dot product,C.C. Rider,blues,Interlude 5,r&b/soul,I'm A Winner (Amended Album Version),hip hop,My Darling,hip hop
raw dot product,I Got a Woman,blues,B-Boy Bouillabaisse: A.W.O.L. (2009 Digital Remaster),hip hop,Interlude 5,r&b/soul,She Ain't Afraid,hip hop
raw dot product,The Sun's Gonna Shine Again,blues,Interlude 5,r&b/soul,B-Boy Bouillabaisse: A.W.O.L. (2009 Digital Remaster),hip hop,I'm A Winner (Amended Album Version),hip hop
raw dot product,Losing Hand,blues,Interlude 5,r&b/soul,I'm A Winner (Amended Album Version),hip hop,I Want You,r&b/soul
raw dot product,Nobody But Me (Album Version),blues,Interlude 5,r&b/soul,I'm A Winner (Amended Album Version),hip hop,I Want You,r&b/soul
raw dot product,A Sunday Kind of Love,blues,Interlude 5,r&b/soul,B-Boy Bouillabaisse: A.W.O.L. (2009 Digital Remaster),hip hop,8 Mile,hip hop
raw dot product,I Just Want To Make Love To You,blues,Interlude 5,r&b/soul,I'm A Winner (Amended Album Version),hip hop,I Want You,r&b/soul
raw dot product,My Dearest Darling,blues,Interlude 5,r&b/soul,I'm A Winner (Amended Album Version),hip hop,My Darling,hip hop
raw dot product,W.O.M.A.N.,blues,Interlude 5,r&b/soul,Cut And Run,punk,I'm A Winner (Amended Album Version),hip hop
raw dot product,Alberta,blues,Interlude 5,r&b/soul,I'm A Winner (Amended Album Version),hip hop,My Darling,hip hop
raw dot product,Before You Accuse Me (Take A Look At Yourself),blues,Interlude 5,r&b/soul,My Darling,hip hop,B-Boy Bouillabaisse: A.W.O.L. (2009 Digital Remaster),hip hop
raw dot product,Early In The Morning,blues,Interlude 5,r&b/soul,B-Boy Bouillabaisse: A.W.O.L. (2009 Digital Remaster),hip hop,Hold Me Down (Album Version),r&b/soul
raw dot product,Floating Bridge,blues,Interlude 5,r&b/soul,B-Boy Bouillabaisse: A.W.O.L. (2009 Digital Remaster),hip hop,8 Mile,hip hop
raw dot product,Kind Hearted Woman Blues (Album Version),blues,Interlude 5,r&b/soul,B-Boy Bouillabaisse: A.W.O.L. (2009 Digital Remaster),hip hop,I'm A Winner (Amended Album Version),hip hop
raw dot product,That's All (Album Version),classical,Interlude 5,r&b/soul,I'm A Winner (Amended Album Version),hip hop,Man In The Mirror,pop
raw dot product,America (Revised Live Version),classical,Interlude 5,r&b/soul,B-Boy Bouillabaisse: A.W.O.L. (2009 Digital Remaster),hip hop,8 Mile,hip hop
raw dot product,Broken Vow (Album Version),classical,Interlude 5,r&b/soul,I'm A Winner (Amended Album Version),hip hop,I Want You,r&b/soul
raw dot product,Gira Con Me Questa Notte (Album Version),classical,Move On,pop,Horse With No Name,reggae,Istruzioni Per L'(Ill)uso,hip hop
raw dot product,Hymne A L'Amour (Album Version),classical,Yakamonéyé,reggae,L'Amour Du Risque,hip hop,Panam All Star,hip hop
raw dot product,It Came Upon A Midnight Clear (Album Version),classical,Weak Become Heroes,hip hop,Sing,pop,Sing A Song,country
raw dot product,Let Me Fall (From Cirque du Soleil) (Album Version),classical,Interlude 5,r&b/soul,8 Mile,hip hop,B-Boy Bouillabaisse: A.W.O.L. (2009 Digital Remaster),hip hop
raw dot product,Mi Mancherai (Il Postino) (Revised Live Version),classical,Luv Me Up,reggae,Sinan Capudan Pascià,folk,Te Ando Buscando,reggae
raw dot product,My Confession (Album Version),classical,B-Boy Bouillabaisse: A.W.O.L. (2009 Digital Remaster),hip hop,8 Mile,hip hop,Interlude 5,r&b/soul
raw dot product,Oceano (Revised Live Version),classical,Quelli Che,hip hop,Sinan Capudan Pascià,folk,Istruzioni Per L'(Ill)uso,hip hop
raw dot product,Remember When It Rained (Album Version),classical,Interlude 5,r&b/soul,Man In The Mirror,pop,B-Boy Bouillabaisse: A.W.O.L. (2009 Digital Remaster),hip hop
raw dot product,Remember When It Rained (Revised Live Version),classical,Interlude 5,r&b/soul,Man In The Mirror,pop,B-Boy Bouillabaisse: A.W.O.L. (2009 Digital Remaster),hip hop
raw dot product,Smile,classical,Interlude 5,r&b/soul,I'm A Winner (Amended Album Version),hip hop,Man In The Mirror,pop
raw dot product,Solo Por Ti (Album Version),classical,Move On,pop,Horse With No Name,reggae,Dale tiempo al rumor,hip hop
raw dot product,Un Giorno Per Noi (Album Version),classical,Otha Fish,hip hop,Move On,pop,Sinan Capudan Pascià,folk
raw dot product,Vincent (Starry_ Starry Night) (Album Version),classical,Interlude 5,r&b/soul,B-Boy Bouillabaisse: A.W.O.L. (2009 Digital Remaster),hip hop,My Darling,hip hop
raw dot product,When You Say You Love Me (Album Version),classical,Interlude 5,r&b/soul,I'm A Winner (Amended Album Version),hip hop,I Want You,r&b/soul
raw dot product,You Raise Me Up (Album Version),classical,Interlude 5,r&b/soul,I'm A Winner (Amended Album Version),hip hop,B-Boy Bouillabaisse: A.W.O.L. (2009 Digital Remaster),hip hop
raw dot product,Believe (Album Version),classical,Interlude 5,r&b/soul,I'm A Winner (Amended Album Version),hip hop,Man In The Mirror,pop
raw dot product,Away In A Manger,classical,Interlude 5,r&b/soul,B-Boy Bouillabaisse: A.W.O.L. (2009 Digital Remaster),hip hop,8 Mile,hip hop
raw dot product,Cinema Paradiso (Se) (Album Version),classical,Istruzioni Per L'(Ill)uso,hip hop,Quelli Che,hip hop,Sinan Capudan Pascià,folk
raw dot product,All Around Me,classical,Interlude 5,r&b/soul,I'm A Winner (Amended Album Version),hip hop,B-Boy Bouillabaisse: A.W.O.L. (2009 Digital Remaster),hip hop
raw dot product,Black Opera,classical,Interlude 5,r&b/soul,I'm A Winner (Amended Album Version),hip hop,I Want You,r&b/soul
raw dot product,Baal's Hymn,classical,Interlude 5,r&b/soul,B-Boy Bouillabaisse: A.W.O.L. (2009 Digital Remaster),hip hop,Ice Is Workin' It,hip hop
raw dot product,Adagio,classical,Istruzioni Per L'(Ill)uso,hip hop,Quelli Che,hip hop,Sinan Capudan Pascià,folk
raw dot product,Adeste Fideles,classical,It's A Party,hip hop,Tell Your Momma Come,hip hop,Aguas De Marco,latin
raw dot product,All By Myself (Solo Otra Vez),classical,El Negro Está Cocinando,latin,Gitana,latin,Horse With No Name,reggae
raw dot product,Amazing Grace,classical,Interlude 5,r&b/soul,B-Boy Bouillabaisse: A.W.O.L. (2009 Digital Remaster),hip hop,Splurge,hip hop
raw dot product,Angelina,classical,Dale tiempo al rumor,hip hop,Cantando,hip hop,El Negro Está Cocinando,latin
raw dot product,Ave Maria,classical,Move On,pop,Horse With No Name,reggae,Istruzioni Per L'(Ill)uso,hip hop
raw dot product,Caruso,classical,Istruzioni Per L'(Ill)uso,hip hop,Sinan Capudan Pascià,folk,Move On,pop
raw dot product,Come Primavera,classical,Move On,pop,Horse With No Name,reggae,Mother Nature,reggae
raw dot product,Dentro Un Altro Si,classical,Quelli Che,hip hop,Istruzioni Per L'(Ill)uso,hip hop,Sinan Capudan Pascià,folk
raw dot product,En Aranjuez Con Tu Amor,classical,Dale tiempo al rumor,hip hop,Cantando,hip hop,Lloré Lloré,latin
raw dot product,Enamorado,classical,Dale tiempo al rumor,hip hop,Te Vuelvo Loca,reggae,Gitana,latin
raw dot product,Esisti Dentro Me,classical,Tu Sonrisa,latin,Como Y Vete,reggae,Tu Amor (Hecho En Madrid),latin
raw dot product,Everytime I Look At You,classical,Interlude 5,r&b/soul,B-Boy Bouillabaisse: A.W.O.L. (2009 Digital Remaster),hip hop,I'm A Winner (Amended Album Version),hip hop
raw dot product,Feelings,classical,I've Grown Accustomed To Her Face,jazz,Can U Feel It?,jazz,Istruzioni Per L'(Ill)uso,hip hop
raw dot product,Hallelujah (Aleluya),classical,Dale tiempo al rumor,hip hop,Cantando,hip hop,Lloré Lloré,latin
raw dot product,Hasta Mi Final,classical,Dale tiempo al rumor,hip hop,Te Vuelvo Loca,reggae,Cantando,hip hop
raw dot product,Crazier,country,Interlude 5,r&b/soul,I'm A Winner (Amended Album Version),hip hop,Hold Me Down (Album Version),r&b/soul
raw dot product,Fifteen,country,Interlude 5,r&b/soul,I'm A Winner (Amended Album Version),hip hop,My Darling,hip hop
raw dot product,Change,country,Interlude 5,r&b/soul,Ice Is Workin' It,hip hop,Touch It / Technologic,electronic
raw dot product,You Can't Read My Mind,country,Interlude 5,r&b/soul,B-Boy Bouillabaisse: A.W.O.L. (2009 Digital Remaster),hip hop,I'm A Winner (Amended Album Version),hip hop
raw dot product,Man In White,country,Interlude 5,r&b/soul,B-Boy Bouillabaisse: A.W.O.L. (2009 Digital Remaster),hip hop,8 Mile,hip hop
raw dot product,Holes,country,Interlude 5,r&b/soul,B-Boy Bouillabaisse: A.W.O.L. (2009 Digital Remaster),hip hop,I'm A Winner (Amended Album Version),hip hop
raw dot product,Baby Girl,country,Interlude 5,r&b/soul,B-Boy Bouillabaisse: A.W.O.L. (2009 Digital Remaster),hip hop,I'm A Winner (Amended Album Version),hip hop
raw dot product,Growin' Up Down There,country,Interlude 5,r&b/soul,B-Boy Bouillabaisse: A.W.O.L. (2009 Digital Remaster),hip hop,I'm A Winner (Amended Album Version),hip hop
raw dot product,Hangin' Around,country,Interlude 5,r&b/soul,I'm A Winner (Amended Album Version),hip hop,I Want You,r&b/soul
raw dot product,Here I Am,country,Interlude 5,r&b/soul,B-Boy Bouillabaisse: A.W.O.L. (2009 Digital Remaster),hip hop,I'm A Winner (Amended Album Version),hip hop
raw dot product,She's Got A Way With Me,country,Interlude 5,r&b/soul,B-Boy Bouillabaisse: A.W.O.L. (2009 Digital Remaster),hip hop,She Ain't Afraid,hip hop
raw dot product,That's How Country Boys Roll,country,Interlude 5,r&b/soul,Man In The Mirror,pop,B-Boy Bouillabaisse: A.W.O.L. (2009 Digital Remaster),hip hop
raw dot product,Where The Girls Are,country,Interlude 5,r&b/soul,B-Boy Bouillabaisse: A.W.O.L. (2009 Digital Remaster),hip hop,My Darling,hip hop
raw dot product,Daddy Sang Bass,country,Interlude 5,r&b/soul,B-Boy Bouillabaisse: A.W.O.L. (2009 Digital Remaster),hip hop,Otha Fish,hip hop
raw dot product,I Don't Know Where I'm Bound,country,B-Boy Bouillabaisse: A.W.O.L. (2009 Digital Remaster),hip hop,8 Mile,hip hop,I Mean (I Don't Mean It),r&b/soul
raw dot product,I Was There When It Happened,country,Interlude 5,r&b/soul,B-Boy Bouillabaisse: A.W.O.L. (2009 Digital Remaster),hip hop,8 Mile,hip hop
raw dot product,The Big Battle,country,Interlude 5,r&b/soul,B-Boy Bouillabaisse: A.W.O.L. (2009 Digital Remaster),hip hop,My Darling,hip hop
raw dot product,A Thing Called Love,country,Interlude 5,r&b/soul,Man In The Mirror,pop,B-Boy Bouillabaisse: A.W.O.L. (2009 Digital Remaster),hip hop
raw dot product,You Dreamer You,country,Interlude 5,r&b/soul,I'm A Winner (Amended Album Version),hip hop,I Want You,r&b/soul
raw dot product,I Walk The Line,country,Interlude 5,r&b/soul,I'm A Winner (Amended Album Version),hip hop,B-Boy Bouillabaisse: A.W.O.L. (2009 Digital Remaster),hip hop
raw dot product,Life's Railway To Heaven,country,Interlude 5,r&b/soul,Man In The Mirror,pop,Otha Fish,hip hop
raw dot product,If I Had Wings,country,B-Boy Bouillabaisse: A.W.O.L. (2009 Digital Remaster),hip hop,Interlude 5,r&b/soul,8 Mile,hip hop
raw dot product,Pray About Everything,country,Never Wanted to Dance,punk,Interlude 5,r&b/soul,I Mean (I Don't Mean It),r&b/soul
raw dot product,Your Everything,country,Interlude 5,r&b/soul,B-Boy Bouillabaisse: A.W.O.L. (2009 Digital Remaster),hip hop,I'm A Winner (Amended Album Version),hip hop
raw dot product,A Little Too Late,country,Interlude 5,r&b/soul,Man In The Mirror,pop,Over It (Acoustic),punk
raw dot product,Who's Your Daddy?,country,Interlude 5,r&b/soul,I'm A Winner (Amended Album Version),hip hop,My Darling,hip hop
raw dot product,A Woman's Touch,country,Interlude 5,r&b/soul,B-Boy Bouillabaisse: A.W.O.L. (2009 Digital Remaster),hip hop,Man In The Mirror,pop
raw dot product,Big Ol' Truck,country,B-Boy Bouillabaisse: A.W.O.L. (2009 Digital Remaster),hip hop,Interlude 5,r&b/soul,Man In The Mirror,pop
raw dot product,Blue Bedroom,country,Interlude 5,r&b/soul,I'm A Winner (Amended Album Version),hip hop,My Darling,hip hop
raw dot product,It's All Good,country,Interlude 5,r&b/soul,B-Boy Bouillabaisse: A.W.O.L. (2009 Digital Remaster),hip hop,Ice Is Workin' It,hip hop
raw dot product,Sweet,country,Interlude 5,r&b/soul,B-Boy Bouillabaisse: A.W.O.L. (2009 Digital Remaster),hip hop,I'm A Winner (Amended Album Version),hip hop
raw dot product,You Shouldn't Kiss Me Like This,country,Interlude 5,r&b/soul,I'm A Winner (Amended Album Version),hip hop,B-Boy Bouillabaisse: A.W.O.L. (2009 Digital Remaster),hip hop
raw dot product,A Real Fine Place To Start,country,Interlude 5,r&b/soul,I'm A Winner (Amended Album Version),hip hop,Man In The Mirror,pop
raw dot product,Endless love,country,Interlude 5,r&b/soul,I'm A Winner (Amended Album Version),hip hop,B-Boy Bouillabaisse: A.W.O.L. (2009 Digital Remaster),hip hop
raw dot product,Love Gets In The Way (Album Version),country,Interlude 5,r&b/soul,B-Boy Bouillabaisse: A.W.O.L. (2009 Digital Remaster),hip hop,I'm A Winner (Amended Album Version),hip hop
raw dot product,I'd Like To Have That One Back,country,Interlude 5,r&b/soul,B-Boy Bouillabaisse: A.W.O.L. (2009 Digital Remaster),hip hop,8 Mile,hip hop
raw dot product,Marina Del Rey,country,Interlude 5,r&b/soul,B-Boy Bouillabaisse: A.W.O.L. (2009 Digital Remaster),hip hop,Otha Fish,hip hop
raw dot product,Milk Cow Blues,country,Interlude 5,r&b/soul,I'm A Winner (Amended Album Version),hip hop,B-Boy Bouillabaisse: A.W.O.L. (2009 Digital Remaster),hip hop
raw dot product,Another Try,country,B-Boy Bouillabaisse: A.W.O.L. (2009 Digital Remaster),hip hop,8 Mile,hip hop,Interlude 5,r&b/soul
raw dot product,As Fast As I Could,country,Interlude 5,r&b/soul,B-Boy Bouillabaisse: A.W.O.L. (2009 Digital Remaster),hip hop,I'm A Winner (Amended Album Version),hip hop
raw dot product,One More Time / Aerodynamic,electronic,Interlude 5,r&b/soul,Hold Me Down (Album Version),r&b/soul,B-Boy Bouillabaisse: A.W.O.L. (2009 Digital Remaster),hip hop
raw dot product,One More Time (Romanthony's Unplugged),electronic,Interlude 5,r&b/soul,I'm A Winner (Amended Album Version),hip hop,One of Us,hip hop
raw dot product,Touch It / Technologic,electronic,Ice Is Workin' It,hip hop,Shake It And Break It,blues,If It Aint Broke Break It,rock
raw dot product,Boots &  Boys,electronic,Interlude 5,r&b/soul,B-Boy Bouillabaisse: A.W.O.L. (2009 Digital Remaster),hip hop,I'm A Winner (Amended Album Version),hip hop
raw dot product,Animal,electronic,Interlude 5,r&b/soul,B-Boy Bouillabaisse: A.W.O.L. (2009 Digital Remaster),hip hop,8 Mile,hip hop
raw dot product,Hot N Cold (Innerpartysystem Main),electronic,Interlude 5,r&b/soul,I'm A Winner (Amended Album Version),hip hop,My Darling,hip hop
raw dot product,Captains and Cruise Ships,electronic,Interlude 5,r&b/soul,I'm A Winner (Amended Album Version),hip hop,B-Boy Bouillabaisse: A.W.O.L. (2009 Digital Remaster),hip hop
raw dot product,Designer Skyline,electronic,Interlude 5,r&b/soul,B-Boy Bouillabaisse: A.W.O.L. (2009 Digital Remaster),hip hop,My Darling,hip hop
raw dot product,Early Birdie,electronic,Interlude 5,r&b/soul,B-Boy Bouillabaisse: A.W.O.L. (2009 Digital Remaster),hip hop,I'm A Winner (Amended Album Version),hip hop
raw dot product,Meteor Shower,electronic,Interlude 5,r&b/soul,B-Boy Bouillabaisse: A.W.O.L. (2009 Digital Remaster),hip hop,I Want You,r&b/soul
raw dot product,This Is The Future,electronic,Interlude 5,r&b/soul,My Darling,hip hop,Spitfall,metal
raw dot product,Kings and Queens (Innerpartysystem Remix Main),electronic,Interlude 5,r&b/soul,One of Us,hip hop,B-Boy Bouillabaisse: A.W.O.L. (2009 Digital Remaster),hip hop
raw dot product,Bounce,electronic,Interlude 5,r&b/soul,B-Boy Bouillabaisse: A.W.O.L. (2009 Digital Remaster),hip hop,I'm A Winner (Amended Album Version),hip hop
raw dot product,Vanished,electronic,Interlude 5,r&b/soul,B-Boy Bouillabaisse: A.W.O.L. (2009 Digital Remaster),hip hop,My Darling,hip hop
raw dot product,Xxzxcuzx,electronic,Interlude 5,r&b/soul,B-Boy Bouillabaisse: A.W.O.L. (2009 Digital Remaster),hip hop,I'm A Winner (Amended Album Version),hip hop
raw dot product,Die Another Day [Live],electronic,Everytime I...,r&b/soul,8 Mile,hip hop,B-Boy Bouillabaisse: A.W.O.L. (2009 Digital Remaster),hip hop
raw dot product,Perfect (Nellee Hooper Instrumental),electronic,Interlude 5,r&b/soul,I'm A Winner (Amended Album Version),hip hop,I Want You,r&b/soul
raw dot product,Love At First Sight (The Scumfrog's Beauty And The Beast Vocal Edit),electronic,Interlude 5,r&b/soul,I'm A Winner (Amended Album Version),hip hop,B-Boy Bouillabaisse: A.W.O.L. (2009 Digital Remaster),hip hop
raw dot product,I Am Not A Whore,electronic,8 Mile,hip hop,Over It (Acoustic),punk,B-Boy Bouillabaisse: A.W.O.L. (2009 Digital Remaster),hip hop
raw dot product,Fever,electronic,Touch It / Technologic,electronic,I'm A Winner (Amended Album Version),hip hop,Ice Is Workin' It,hip hop
raw dot product,Freestate,electronic,Cancel (Album Version),r&b/soul,Acid 8000,electronic,My Darling,hip hop
raw dot product,Personal Jesus,electronic,Interlude 5,r&b/soul,My Darling,hip hop,B-Boy Bouillabaisse: A.W.O.L. (2009 Digital Remaster),hip hop
raw dot product,Broken,electronic,Interlude 5,r&b/soul,B-Boy Bouillabaisse: A.W.O.L. (2009 Digital Remaster),hip hop,I'm A Winner (Amended Album Version),hip hop
raw dot product,Kids With Guns (Quiet Village Remix),electronic,Touch It / Technologic,electronic,Ice Is Workin' It,hip hop,Shake It And Break It,blues
raw dot product,Rhinestone Eyes,electronic,Interlude 5,r&b/soul,B-Boy Bouillabaisse: A.W.O.L. (2009 Digital Remaster),hip hop,Otha Fish,hip hop
raw dot product,Invaders Must Die,electronic,NDW 2005,hip hop,Stand,r&b/soul,The Earth Dies Screaming,reggae
raw dot product,Wake Up Call (Album Version),electronic,Interlude 5,r&b/soul,I'm A Winner (Amended Album Version),hip hop,Do The Bartman,hip hop
raw dot product,We Gonna Rock,electronic,Stop The Rock,electronic,Here We Go,punk,It's A Party,hip hop
raw dot product,The Great Collapse,electronic,Interlude 5,r&b/soul,Ice Is Workin' It,hip hop,Touch It / Technologic,electronic
raw dot product,Electric Barbarella (Radio Edit),electronic,Interlude 5,r&b/soul,I'm A Winner (Amended Album Version),hip hop,B-Boy Bouillabaisse: A.W.O.L. (2009 Digital Remaster),hip hop
raw dot product,Pluto,electronic,8 Mile,hip hop,Interlude 5,r&b/soul,B-Boy Bouillabaisse: A.W.O.L. (2009 Digital Remaster),hip hop
raw dot product,Delta Bay,electronic,Otha Fish,hip hop,B-Boy Bouillabaisse: A.W.O.L. (2009 Digital Remaster),hip hop,I'm A Winner (Amended Album Version),hip hop
raw dot product,We Are The People (Shazam Remix),electronic,Interlude 5,r&b/soul,I'm A Winner (Amended Album Version),hip hop,I Want You,r&b/soul
raw dot product,You Left Me,electronic,Interlude 5,r&b/soul,Hold Me Down (Album Version),r&b/soul,That's What You Told Me,pop
raw dot product,The Warning,electronic,I'm A Winner (Amended Album Version),hip hop,Interlude 5,r&b/soul,B-Boy Bouillabaisse: A.W.O.L. (2009 Digital Remaster),hip hop
raw dot product,Keep It On Ice,electronic,B-Boy Bouillabaisse: A.W.O.L. (2009 Digital Remaster),hip hop,My Darling,hip hop,New Town,rock
raw dot product,The Jester,electronic,Interlude 5,r&b/soul,B-Boy Bouillabaisse: A.W.O.L. (2009 Digital Remaster),hip hop,I'm A Winner (Amended Album Version),hip hop
raw dot product,Lazy Days,electronic,Interlude 5,r&b/soul,Ice Is Workin' It,hip hop,Touch It / Technologic,electronic
raw dot product,Someone Said Goodbye,electronic,Interlude 5,r&b/soul,I Want You,r&b/soul,I'm A Winner (Amended Album Version),hip hop
raw dot product,The Magic Of The Night,electronic,Interlude 5,r&b/soul,I'm A Winner (Amended Album Version),hip hop,Otha Fish,hip hop
raw dot product,Gave It A Name,folk,Interlude 5,r&b/soul,Ice Is Workin' It,hip hop,B-Boy Bouillabaisse: A.W.O.L. (2009 Digital Remaster),hip hop
raw dot product,The Vanishing Race,folk,B-Boy Bouillabaisse: A.W.O.L. (2009 Digital Remaster),hip hop,Interlude 5,r&b/soul,8 Mile,hip hop
raw dot product,All We Ever Do Is Say Goodbye,folk,Interlude 5,r&b/soul,I Want You,r&b/soul,I'm A Winner (Amended Album Version),hip hop
raw dot product,Clarity,folk,I Mean (I Don't Mean It),r&b/soul,B-Boy Bouillabaisse: A.W.O.L. (2009 Digital Remaster),hip hop,Interlude 5,r&b/soul
raw dot product,Why Georgia,folk,8 Mile,hip hop,B-Boy Bouillabaisse: A.W.O.L. (2009 Digital Remaster),hip hop,Over It (Acoustic),punk
raw dot product,Mudfootball (For Moe Lerner),folk,Interlude 5,r&b/soul,B-Boy Bouillabaisse: A.W.O.L. (2009 Digital Remaster),hip hop,Man In The Mirror,pop
raw dot product,Sister Winter,folk,Interlude 5,r&b/soul,B-Boy Bouillabaisse: A.W.O.L. (2009 Digital Remaster),hip hop,I'm A Winner (Amended Album Version),hip hop
raw dot product,In A Graveyard,folk,Interlude 5,r&b/soul,One of Us,hip hop,B-Boy Bouillabaisse: A.W.O.L. (2009 Digital Remaster),hip hop
raw dot product,Baby,folk,Interlude 5,r&b/soul,I'm A Winner (Amended Album Version),hip hop,B-Boy Bouillabaisse: A.W.O.L. (2009 Digital Remaster),hip hop
raw dot product,Janglin,folk,Interlude 5,r&b/soul,B-Boy Bouillabaisse: A.W.O.L. (2009 Digital Remaster),hip hop,My Darling,hip hop
raw dot product,Ballad In Plain D,folk,Interlude 5,r&b/soul,B-Boy Bouillabaisse: A.W.O.L. (2009 Digital Remaster),hip hop,8 Mile,hip hop
raw dot product,One Of Us Must Know (Sooner Or Later),folk,Interlude 5,r&b/soul,I'm A Winner (Amended Album Version),hip hop,I Want You,r&b/soul
raw dot product,It's Growing,folk,Interlude 5,r&b/soul,Touch It / Technologic,electronic,Ice Is Workin' It,hip hop
raw dot product,Oh_ Susannah (LP Version),folk,B-Boy Bouillabaisse: A.W.O.L. (2009 Digital Remaster),hip hop,Interlude 5,r&b/soul,I'm A Winner (Amended Album Version),hip hop
raw dot product,Something In The Way She Moves,folk,Interlude 5,r&b/soul,B-Boy Bouillabaisse: A.W.O.L. (2009 Digital Remaster),hip hop,She Ain't Afraid,hip hop
raw dot product,Draw The Line,folk,Interlude 5,r&b/soul,B-Boy Bouillabaisse: A.W.O.L. (2009 Digital Remaster),hip hop,Cancel (Album Version),r&b/soul
raw dot product,Sail Away,folk,The Rockafeller Skank,electronic,Interlude 5,r&b/soul,Hold Me Down (Album Version),r&b/soul
raw dot product,Stella The Artist,folk,Interlude 5,r&b/soul,B-Boy Bouillabaisse: A.W.O.L. (2009 Digital Remaster),hip hop,She Ain't Afraid,hip hop
raw dot product,Swing Life Away (Acoustic),folk,Interlude 5,r&b/soul,B-Boy Bouillabaisse: A.W.O.L. (2009 Digital Remaster),hip hop,I'm A Winner (Amended Album Version),hip hop
raw dot product,Billy 4,folk,Interlude 5,r&b/soul,I'm A Winner (Amended Album Version),hip hop,My Darling,hip hop
raw dot product,Stuck Inside Of Mobile With The Memphis Blues Again,folk,Interlude 5,r&b/soul,B-Boy Bouillabaisse: A.W.O.L. (2009 Digital Remaster),hip hop,I'm A Winner (Amended Album Version),hip hop
raw dot product,Pretty Peggy-O,folk,Interlude 5,r&b/soul,B-Boy Bouillabaisse: A.W.O.L. (2009 Digital Remaster),hip hop,My Darling,hip hop
raw dot product,She Belongs To Me,folk,She Ain't Afraid,hip hop,She Luv It,hip hop,Queen Of Hollywood ( LP Version ),pop
raw dot product,When The Deal Goes Down,folk,Interlude 5,r&b/soul,B-Boy Bouillabaisse: A.W.O.L. (2009 Digital Remaster),hip hop,I'm A Winner (Amended Album Version),hip hop
raw dot product,With God On Our Side,folk,Interlude 5,r&b/soul,B-Boy Bouillabaisse: A.W.O.L. (2009 Digital Remaster),hip hop,Ice Is Workin' It,hip hop
raw dot product,Terrapin,folk,Interlude 5,r&b/soul,I'm A Winner (Amended Album Version),hip hop,I Want You,r&b/soul
raw dot product,On The 4th of July,folk,Interlude 5,r&b/soul,B-Boy Bouillabaisse: A.W.O.L. (2009 Digital Remaster),hip hop,One of Us,hip hop
raw dot product,Company Man,folk,Interlude 5,r&b/soul,I'm A Winner (Amended Album Version),hip hop,Man In The Mirror,pop
raw dot product,Ace,folk,Interlude 5,r&b/soul,B-Boy Bouillabaisse: A.W.O.L. (2009 Digital Remaster),hip hop,Man In The Mirror,pop
raw dot product,How Do You Keep Love Alive,folk,Interlude 5,r&b/soul,I'm A Winner (Amended Album Version),hip hop,I Want You,r&b/soul
raw dot product,When The Stars Go Blue,folk,I'm A Winner (Amended Album Version),hip hop,Interlude 5,r&b/soul,I Want You,r&b/soul
raw dot product,Forever My Friend,folk,Interlude 5,r&b/soul,B-Boy Bouillabaisse: A.W.O.L. (2009 Digital Remaster),hip hop,8 Mile,hip hop
raw dot product,How Come [Acoustic Mix],folk,Interlude 5,r&b/soul,B-Boy Bouillabaisse: A.W.O.L. (2009 Digital Remaster),hip hop,8 Mile,hip hop
raw dot product,Chelsea Hotel #2,folk,Interlude 5,r&b/soul,I'm A Winner (Amended Album Version),hip hop,I Want You,r&b/soul
raw dot product,Lethal Enforcer (Live From Union Chapel_ London),folk,Interlude 5,r&b/soul,I'm A Winner (Amended Album Version),hip hop,B-Boy Bouillabaisse: A.W.O.L. (2009 Digital Remaster),hip hop
raw dot product,Change,folk,Interlude 5,r&b/soul,I Want You,r&b/soul,B-Boy Bouillabaisse: A.W.O.L. (2009 Digital Remaster),hip hop
raw dot product,Under The Weather,folk,Interlude 5,r&b/soul,I'm A Winner (Amended Album Version),hip hop,B-Boy Bouillabaisse: A.W.O.L. (2009 Digital Remaster),hip hop
raw dot product,So Sister,folk,B-Boy Bouillabaisse: A.W.O.L. (2009 Digital Remaster),hip hop,Interlude 5,r&b/soul,I Want You,r&b/soul
raw dot product,Lost Tonight,folk,Interlude 5,r&b/soul,I'm A Winner (Amended Album Version),hip hop,I Want You,r&b/soul
raw dot product,Sunnyside Of The Street,folk,B-Boy Bouillabaisse: A.W.O.L. (2009 Digital Remaster),hip hop,8 Mile,hip hop,Interlude 5,r&b/soul
raw dot product,Can't Tell Me Nothing,hip hop,Interlude 5,r&b/soul,I'm A Winner (Amended Album Version),hip hop,B-Boy Bouillabaisse: A.W.O.L. (2009 Digital Remaster),hip hop
raw dot product,Graduation Day,hip hop,Interlude 5,r&b/soul,I'm A Winner (Amended Album Version),hip hop,I Want You,r&b/soul
raw dot product,Wake Up Mr. West,hip hop,Interlude 5,r&b/soul,I'm A Winner (Amended Album Version),hip hop,I Want You,r&b/soul
raw dot product,A8,hip hop,Interlude 5,r&b/soul,I'm A Winner (Amended Album Version),hip hop,I Want You,r&b/soul
raw dot product,Boom Boom Guetta,hip hop,Let's Get Crazy,hip hop,I'm A Winner (Amended Album Version),hip hop,The Girls,electronic
raw dot product,Communication,hip hop,Interlude 5,r&b/soul,Touch It / Technologic,electronic,Ice Is Workin' It,hip hop
raw dot product,One Tribe,hip hop,One of Us,hip hop,Interlude 5,r&b/soul,B-Boy Bouillabaisse: A.W.O.L. (2009 Digital Remaster),hip hop
raw dot product,Sexy,hip hop,Interlude 5,r&b/soul,I'm A Winner (Amended Album Version),hip hop,B-Boy Bouillabaisse: A.W.O.L. (2009 Digital Remaster),hip hop
raw dot product,Tell Your Momma Come,hip hop,Interlude 5,r&b/soul,It's A Party,hip hop,Cancel (Album Version),r&b/soul
raw dot product,The Apl Song,hip hop,Interlude 5,r&b/soul,B-Boy Bouillabaisse: A.W.O.L. (2009 Digital Remaster),hip hop,I'm A Winner (Amended Album Version),hip hop
raw dot product,Diamonds From Sierra Leone,hip hop,Interlude 5,r&b/soul,B-Boy Bouillabaisse: A.W.O.L. (2009 Digital Remaster),hip hop,I'm A Winner (Amended Album Version),hip hop
raw dot product,If I Had,hip hop,Interlude 5,r&b/soul,B-Boy Bouillabaisse: A.W.O.L. (2009 Digital Remaster),hip hop,One of Us,hip hop
raw dot product,Ken Kaniff,hip hop,Interlude 5,r&b/soul,B-Boy Bouillabaisse: A.W.O.L. (2009 Digital Remaster),hip hop,Splurge,hip hop
raw dot product,My Darling,hip hop,Interlude 5,r&b/soul,I'm A Winner (Amended Album Version),hip hop,B-Boy Bouillabaisse: A.W.O.L. (2009 Digital Remaster),hip hop
raw dot product,8 Mile,hip hop,B-Boy Bouillabaisse: A.W.O.L. (2009 Digital Remaster),hip hop,Interlude 5,r&b/soul,I'm A Winner (Amended Album Version),hip hop
raw dot product,Love Was Here,hip hop,Interlude 5,r&b/soul,I'm A Winner (Amended Album Version),hip hop,I Want You,r&b/soul
raw dot product,Be With You,hip hop,Interlude 5,r&b/soul,B-Boy Bouillabaisse: A.W.O.L. (2009 Digital Remaster),hip hop,I'm A Winner (Amended Album Version),hip hop
raw dot product,Locked Up,hip hop,When I Get To Heaven (Remix) (Explicit),hip hop,Hold Me Down (Album Version),r&b/soul,B-Boy Bouillabaisse: A.W.O.L. (2009 Digital Remaster),hip hop
raw dot product,So Ghetto,hip hop,Interlude 5,r&b/soul,B-Boy Bouillabaisse: A.W.O.L. (2009 Digital Remaster),hip hop,8 Mile,hip hop
raw dot product,Heart Of The City (Ain't No Love),hip hop,Interlude 5,r&b/soul,B-Boy Bouillabaisse: A.W.O.L. (2009 Digital Remaster),hip hop,8 Mile,hip hop
raw dot product,Rabbit Run,hip hop,Interlude 5,r&b/soul,B-Boy Bouillabaisse: A.W.O.L. (2009 Digital Remaster),hip hop,I'm A Winner (Amended Album Version),hip hop
raw dot product,Splurge,hip hop,Interlude 5,r&b/soul,B-Boy Bouillabaisse: A.W.O.L. (2009 Digital Remaster),hip hop,I'm A Winner (Amended Album Version),hip hop
raw dot product,St. Louie,hip hop,Interlude 5,r&b/soul,B-Boy Bouillabaisse: A.W.O.L. (2009 Digital Remaster),hip hop,I'm A Winner (Amended Album Version),hip hop
raw dot product,Wrap Sumden,hip hop,Interlude 5,r&b/soul,B-Boy Bouillabaisse: A.W.O.L. (2009 Digital Remaster),hip hop,8 Mile,hip hop
raw dot product,Soon You'll Understand,hip hop,Interlude 5,r&b/soul,I'm A Winner (Amended Album Version),hip hop,I Want You,r&b/soul
raw dot product,Encore,hip hop,Interlude 5,r&b/soul,I'm A Winner (Amended Album Version),hip hop,I Want You,r&b/soul
raw dot product,Say Now,hip hop,Interlude 5,r&b/soul,Man In The Mirror,pop,The Rockafeller Skank,electronic
raw dot product,Been There Done That,hip hop,Interlude 5,r&b/soul,B-Boy Bouillabaisse: A.W.O.L. (2009 Digital Remaster),hip hop,Man In The Mirror,pop
raw dot product,Magical,hip hop,Interlude 5,r&b/soul,All Day Sucker,r&b/soul,Love Is Wicked,r&b/soul
raw dot product,Over,hip hop,Interlude 5,r&b/soul,B-Boy Bouillabaisse: A.W.O.L. (2009 Digital Remaster),hip hop,I'm A Winner (Amended Album Version),hip hop
raw dot product,Wrap U Around Me,hip hop,Hold Me Down (Album Version),r&b/soul,That's What You Told Me,pop,Interlude 5,r&b/soul
raw dot product,Paper Planes,hip hop,Interlude 5,r&b/soul,B-Boy Bouillabaisse: A.W.O.L. (2009 Digital Remaster),hip hop,I'm A Winner (Amended Album Version),hip hop
raw dot product,Set It Off,hip hop,Interlude 5,r&b/soul,B-Boy Bouillabaisse: A.W.O.L. (2009 Digital Remaster),hip hop,Touch It / Technologic,electronic
raw dot product,Ho,hip hop,Interlude 5,r&b/soul,Mambo Swing,jazz,B-Boy Bouillabaisse: A.W.O.L. (2009 Digital Remaster),hip hop
raw dot product,The What,hip hop,Interlude 5,r&b/soul,I'm A Winner (Amended Album Version),hip hop,B-Boy Bouillabaisse: A.W.O.L. (2009 Digital Remaster),hip hop
raw dot product,Rowdy Rowdy,hip hop,Interlude 5,r&b/soul,B-Boy Bouillabaisse: A.W.O.L. (2009 Digital Remaster),hip hop,I'm A Winner (Amended Album Version),hip hop
raw dot product,Bang Out,hip hop,Interlude 5,r&b/soul,B-Boy Bouillabaisse: A.W.O.L. (2009 Digital Remaster),hip hop,I'm A Winner (Amended Album Version),hip hop
raw dot product,Snoopafella (Edited),hip hop,Interlude 5,r&b/soul,B-Boy Bouillabaisse: A.W.O.L. (2009 Digital Remaster),hip hop,I'm A Winner (Amended Album Version),hip hop
raw dot product,Hair,hip hop,Interlude 5,r&b/soul,B-Boy Bouillabaisse: A.W.O.L. (2009 Digital Remaster),hip hop,I'm A Winner (Amended Album Version),hip hop
raw dot product,Happymess,hip hop,Interlude 5,r&b/soul,B-Boy Bouillabaisse: A.W.O.L. (2009 Digital Remaster),hip hop,I'm A Winner (Amended Album Version),hip hop
raw dot product,Put Your Head On My Shoulder (Album Version),jazz,Interlude 5,r&b/soul,Hold Me Down (Album Version),r&b/soul,That's What You Told Me,pop
raw dot product,Stuck In The Middle With You (Non-Album Track),jazz,Interlude 5,r&b/soul,I'm A Winner (Amended Album Version),hip hop,B-Boy Bouillabaisse: A.W.O.L. (2009 Digital Remaster),hip hop
raw dot product,You'll Never Find Another Love Like Mine (Album Version),jazz,Interlude 5,r&b/soul,I'm A Winner (Amended Album Version),hip hop,My Darling,hip hop
raw dot product,Kiss me baby,jazz,Hold Me Down (Album Version),r&b/soul,Interlude 5,r&b/soul,That's What You Told Me,pop
raw dot product,Let's Go,jazz,Interlude 5,r&b/soul,I'm A Winner (Amended Album Version),hip hop,Hold Me Down (Album Version),r&b/soul
raw dot product,Moon Over Miami,jazz,Interlude 5,r&b/soul,It's A Party,hip hop,B-Boy Bouillabaisse: A.W.O.L. (2009 Digital Remaster),hip hop
raw dot product,Hit That Jive Jack,jazz,Interlude 5,r&b/soul,B-Boy Bouillabaisse: A.W.O.L. (2009 Digital Remaster),hip hop,Man In The Mirror,pop
raw dot product,The Christmas Song,jazz,Interlude 5,r&b/soul,B-Boy Bouillabaisse: A.W.O.L. (2009 Digital Remaster),hip hop,Man In The Mirror,pop
raw dot product,Too Young,jazz,Interlude 5,r&b/soul,B-Boy Bouillabaisse: A.W.O.L. (2009 Digital Remaster),hip hop,Indy 500,hip hop
raw dot product,Unforgettable,jazz,Interlude 5,r&b/soul,Man In The Mirror,pop,Otha Fish,hip hop
raw dot product,Autumn Leaves,jazz,Interlude 5,r&b/soul,B-Boy Bouillabaisse: A.W.O.L. (2009 Digital Remaster),hip hop,I'm A Winner (Amended Album Version),hip hop
raw dot product,Love Is A Many Splendored Thing,jazz,Interlude 5,r&b/soul,Man In The Mirror,pop,B-Boy Bouillabaisse: A.W.O.L. (2009 Digital Remaster),hip hop
raw dot product,Smoke Gets in Your Eyes,jazz,B-Boy Bouillabaisse: A.W.O.L. (2009 Digital Remaster),hip hop,Interlude 5,r&b/soul,I'm A Winner (Amended Album Version),hip hop
raw dot product,If You Can't Smile And Say Yes,jazz,Interlude 5,r&b/soul,Don't You Say No,r&b/soul,B-Boy Bouillabaisse: A.W.O.L. (2009 Digital Remaster),hip hop
raw dot product,She's Funny That Way,jazz,Interlude 5,r&b/soul,B-Boy Bouillabaisse: A.W.O.L. (2009 Digital Remaster),hip hop,My Darling,hip hop
raw dot product,The Ruby And The Pearl (2003 Digital Remaster),jazz,Interlude 5,r&b/soul,B-Boy Bouillabaisse: A.W.O.L. (2009 Digital Remaster),hip hop,Expansion Team Theme,hip hop
raw dot product,The Very Thought Of You,jazz,Interlude 5,r&b/soul,I'm A Winner (Amended Album Version),hip hop,B-Boy Bouillabaisse: A.W.O.L. (2009 Digital Remaster),hip hop
raw dot product,Rudolph The Red-Nosed Reindeer,jazz,Interlude 5,r&b/soul,I'm A Winner (Amended Album Version),hip hop,B-Boy Bouillabaisse: A.W.O.L. (2009 Digital Remaster),hip hop
raw dot product,December,jazz,I'm A Winner (Amended Album Version),hip hop,B-Boy Bouillabaisse: A.W.O.L. (2009 Digital Remaster),hip hop,Interlude 5,r&b/soul
raw dot product,Don't Know Why (Live),jazz,B-Boy Bouillabaisse: A.W.O.L. (2009 Digital Remaster),hip hop,Interlude 5,r&b/soul,I Mean (I Don't Mean It),r&b/soul
raw dot product,Humble Me,jazz,Interlude 5,r&b/soul,I'm A Winner (Amended Album Version),hip hop,Hold Me Down (Album Version),r&b/soul
raw dot product,I've Got To See You Again,jazz,Interlude 5,r&b/soul,I'm A Winner (Amended Album Version),hip hop,B-Boy Bouillabaisse: A.W.O.L. (2009 Digital Remaster),hip hop
raw dot product,Sinkin' Soon (iTunes Live Session),jazz,Interlude 5,r&b/soul,We Gonna Rock,electronic,B-Boy Bouillabaisse: A.W.O.L. (2009 Digital Remaster),hip hop
raw dot product,The Long Way Home,jazz,Interlude 5,r&b/soul,I'm A Winner (Amended Album Version),hip hop,B-Boy Bouillabaisse: A.W.O.L. (2009 Digital Remaster),hip hop
raw dot product,Those Sweet Words,jazz,Interlude 5,r&b/soul,I'm A Winner (Amended Album Version),hip hop,B-Boy Bouillabaisse: A.W.O.L. (2009 Digital Remaster),hip hop
raw dot product,Wish I Could (Live),jazz,Interlude 5,r&b/soul,B-Boy Bouillabaisse: A.W.O.L. (2009 Digital Remaster),hip hop,I'm A Winner (Amended Album Version),hip hop
raw dot product,My Dear Country,jazz,Interlude 5,r&b/soul,B-Boy Bouillabaisse: A.W.O.L. (2009 Digital Remaster),hip hop,Splurge,hip hop
raw dot product,I Love The Way You Say Goodnight,jazz,Interlude 5,r&b/soul,I'm A Winner (Amended Album Version),hip hop,I Want You,r&b/soul
raw dot product,White Christmas,jazz,B-Boy Bouillabaisse: A.W.O.L. (2009 Digital Remaster),hip hop,8 Mile,hip hop,I'm A Winner (Amended Album Version),hip hop
raw dot product,Memories Are Made Of This,jazz,One of Us,hip hop,Interlude 5,r&b/soul,One Tribe,hip hop
raw dot product,Little Room,jazz,Interlude 5,r&b/soul,B-Boy Bouillabaisse: A.W.O.L. (2009 Digital Remaster),hip hop,Otha Fish,hip hop
raw dot product,Bei Mir Bist Du Schön,jazz,Interlude 5,r&b/soul,I'm A Winner (Amended Album Version),hip hop,My Darling,hip hop
raw dot product,Don't Sit Under The Apple Tree,jazz,Hold Me Down (Album Version),r&b/soul,Interlude 5,r&b/soul,Splurge,hip hop
raw dot product,Falling In Love Again,jazz,Interlude 5,r&b/soul,I'm A Winner (Amended Album Version),hip hop,B-Boy Bouillabaisse: A.W.O.L. (2009 Digital Remaster),hip hop
raw dot product,Heebie Jeebies,jazz,Interlude 5,r&b/soul,B-Boy Bouillabaisse: A.W.O.L. (2009 Digital Remaster),hip hop,I Mean (I Don't Mean It),r&b/soul
raw dot product,I Will Survive,jazz,Interlude 5,r&b/soul,B-Boy Bouillabaisse: A.W.O.L. (2009 Digital Remaster),hip hop,I'm A Winner (Amended Album Version),hip hop
raw dot product,In The Mood,jazz,Interlude 5,r&b/soul,B-Boy Bouillabaisse: A.W.O.L. (2009 Digital Remaster),hip hop,I'm A Winner (Amended Album Version),hip hop
raw dot product,Kiss,jazz,Interlude 5,r&b/soul,I'm A Winner (Amended Album Version),hip hop,B-Boy Bouillabaisse: A.W.O.L. (2009 Digital Remaster),hip hop
raw dot product,Let Me Go Lover,jazz,Hold Me Down (Album Version),r&b/soul,That's What You Told Me,pop,Interlude 5,r&b/soul
raw dot product,On An Evening In Roma (Sott'er Celo De Roma),jazz,Interlude 5,r&b/soul,B-Boy Bouillabaisse: A.W.O.L. (2009 Digital Remaster),hip hop,Otha Fish,hip hop
raw dot product,No Puedo Mas Sin Ti (I'm Your Man),latin,Dale tiempo al rumor,hip hop,Desde Que No Estas,latin,Al Natural (Amended Version),latin
raw dot product,En Tus Pupilas,latin,Dale tiempo al rumor,hip hop,Cantando,hip hop,Lloré Lloré,latin
raw dot product,Que Me Quedes Tu,latin,Dale tiempo al rumor,hip hop,Cantando,hip hop,Al Natural (Amended Version),latin
raw dot product,Sombra De Ti,latin,Dale tiempo al rumor,hip hop,El Negro Está Cocinando,latin,Lloré Lloré,latin
raw dot product,Te Dejo Madrid,latin,Dale tiempo al rumor,hip hop,Cantando,hip hop,Yakamonéyé,reggae
raw dot product,Tú,latin,Dale tiempo al rumor,hip hop,Cantando,hip hop,Como Y Vete,reggae
raw dot product,La Chica De Ayer,latin,Move On,pop,Horse With No Name,reggae,Dale tiempo al rumor,hip hop
raw dot product,Adicto,latin,Dale tiempo al rumor,hip hop,Cantando,hip hop,Lloré Lloré,latin
raw dot product,Al Despertar,latin,Lloré Lloré,latin,Dale tiempo al rumor,hip hop,Cantando,hip hop
raw dot product,Alguien Como Tú,latin,Dale tiempo al rumor,hip hop,Cantando,hip hop,Lloré Lloré,latin
raw dot product,Inalcanzable,latin,Dale tiempo al rumor,hip hop,Cantando,hip hop,Hold Me Down (Album Version),r&b/soul
raw dot product,Lloro Por Ti,latin,Dale tiempo al rumor,hip hop,Cantando,hip hop,Lloré Lloré,latin
raw dot product,Mamacita,latin,Dale tiempo al rumor,hip hop,Cantando,hip hop,El Negro Está Cocinando,latin
raw dot product,Miss You,latin,Interlude 5,r&b/soul,I'm A Winner (Amended Album Version),hip hop,I Want You,r&b/soul
raw dot product,Para De Jugar,latin,Dale tiempo al rumor,hip hop,Cantando,hip hop,Por Mi Reggae Muero,reggae
raw dot product,She Be The One,latin,Interlude 5,r&b/soul,I'm A Winner (Amended Album Version),hip hop,Man In The Mirror,pop
raw dot product,Trapecista,latin,Dale tiempo al rumor,hip hop,Cantando,hip hop,Como Y Vete,reggae
raw dot product,Tu Vacio,latin,Dale tiempo al rumor,hip hop,Cantando,hip hop,Lloré Lloré,latin
raw dot product,Volveré,latin,Dale tiempo al rumor,hip hop,Lloré Lloré,latin,Al Natural (Amended Version),latin
raw dot product,Estoy Aquí,latin,Dale tiempo al rumor,hip hop,Te Vuelvo Loca,reggae,Al Natural (Amended Version),latin
raw dot product,Life Is Anew,latin,Interlude 5,r&b/soul,I'm A Winner (Amended Album Version),hip hop,B-Boy Bouillabaisse: A.W.O.L. (2009 Digital Remaster),hip hop
raw dot product,Donde Estas Corazon,latin,Dale tiempo al rumor,hip hop,La ciudad nunca duerme,hip hop,No Existe Un Lugar,latin
raw dot product,Octavo Día,latin,Dale tiempo al rumor,hip hop,Cantando,hip hop,Lloré Lloré,latin
raw dot product,Te Necesito,latin,Dale tiempo al rumor,hip hop,Cantando,hip hop,Te Vuelvo Loca,reggae
raw dot product,Evil Ways,latin,Interlude 5,r&b/soul,B-Boy Bouillabaisse: A.W.O.L. (2009 Digital Remaster),hip hop,Man In The Mirror,pop
raw dot product,Anna (el negro zumbon),latin,Interlude 5,r&b/soul,Hold Me Down (Album Version),r&b/soul,B-Boy Bouillabaisse: A.W.O.L. (2009 Digital Remaster),hip hop
raw dot product,Piensa en mi,latin,Move On,pop,Dale tiempo al rumor,hip hop,Horse With No Name,reggae
raw dot product,Esperando,latin,B-Boy Bouillabaisse: A.W.O.L. (2009 Digital Remaster),hip hop,Mellow My Man,hip hop,My Baby Just Cares For Me,jazz
raw dot product,Beautiful Liar (Bello Embustero),latin,Miss You,latin,Dale tiempo al rumor,hip hop,Breakaway,pop
raw dot product,Rosario Tijeras,latin,Move On,pop,Horse With No Name,reggae,Dale tiempo al rumor,hip hop
raw dot product,Animal Nocturno,latin,Dale tiempo al rumor,hip hop,Cantando,hip hop,La ciudad nunca duerme,hip hop
raw dot product,Alejate De Mi,latin,Dale tiempo al rumor,hip hop,Lloré Lloré,latin,El Negro Está Cocinando,latin
raw dot product,Entre Tus Alas,latin,Dale tiempo al rumor,hip hop,Cantando,hip hop,Lloré Lloré,latin
raw dot product,Me Basto,latin,Dale tiempo al rumor,hip hop,Cantando,hip hop,Como Y Vete,reggae
raw dot product,Va Para Ti,latin,Miss You,latin,Breakaway,pop,El Negro Está Cocinando,latin
raw dot product,Fui,latin,Dale tiempo al rumor,hip hop,Cantando,hip hop,La ciudad nunca duerme,hip hop
raw dot product,Ilusionado,latin,Dale tiempo al rumor,hip hop,El Negro Está Cocinando,latin,Cantando,hip hop
raw dot product,Piel De Ciudad,latin,Cantando,hip hop,Dale tiempo al rumor,hip hop,Lloré Lloré,latin
raw dot product,Quedate,latin,Dale tiempo al rumor,hip hop,El Negro Está Cocinando,latin,Cantando,hip hop
raw dot product,Brother Sport,latin,Interlude 5,r&b/soul,Man In The Mirror,pop,Cancel (Album Version),r&b/soul
raw dot product,The Prince,metal,B-Boy Bouillabaisse: A.W.O.L. (2009 Digital Remaster),hip hop,Interlude 5,r&b/soul,I Want You,r&b/soul
raw dot product,Second Heartbeat,metal,Interlude 5,r&b/soul,B-Boy Bouillabaisse: A.W.O.L. (2009 Digital Remaster),hip hop,I'm A Winner (Amended Album Version),hip hop
raw dot product,To End The Rapture,metal,Interlude 5,r&b/soul,One of Us,hip hop,Spitfall,metal
raw dot product,Witness,metal,Interlude 5,r&b/soul,I'm A Winner (Amended Album Version),hip hop,My Darling,hip hop
raw dot product,Heartache Every Moment,metal,Interlude 5,r&b/soul,Ice Is Workin' It,hip hop,B-Boy Bouillabaisse: A.W.O.L. (2009 Digital Remaster),hip hop
raw dot product,Sigillum Diaboli,metal,Interlude 5,r&b/soul,I Want You,r&b/soul,B-Boy Bouillabaisse: A.W.O.L. (2009 Digital Remaster),hip hop
raw dot product,Refined By Your Embrace,metal,I'm A Winner (Amended Album Version),hip hop,Interlude 5,r&b/soul,B-Boy Bouillabaisse: A.W.O.L. (2009 Digital Remaster),hip hop
raw dot product,The Innocence Spilled,metal,Interlude 5,r&b/soul,B-Boy Bouillabaisse: A.W.O.L. (2009 Digital Remaster),hip hop,My Darling,hip hop
raw dot product,An American Dream,metal,Interlude 5,r&b/soul,One of Us,hip hop,Otha Fish,hip hop
raw dot product,The Changing Of Times,metal,Interlude 5,r&b/soul,I'm A Winner (Amended Album Version),hip hop,B-Boy Bouillabaisse: A.W.O.L. (2009 Digital Remaster),hip hop
raw dot product,Autumn,metal,B-Boy Bouillabaisse: A.W.O.L. (2009 Digital Remaster),hip hop,Touch It / Technologic,electronic,Mellow My Man,hip hop
raw dot product,Chorus Of Angels,metal,One of Us,hip hop,Interlude 5,r&b/soul,Remind Me (Live),electronic
raw dot product,Follow The Wolves,metal,One of Us,hip hop,If I Had,hip hop,Interlude 5,r&b/soul
raw dot product,I Am You,metal,Interlude 5,r&b/soul,B-Boy Bouillabaisse: A.W.O.L. (2009 Digital Remaster),hip hop,I'm A Winner (Amended Album Version),hip hop
raw dot product,The Science Of Lies,metal,Interlude 5,r&b/soul,One of Us,hip hop,B-Boy Bouillabaisse: A.W.O.L. (2009 Digital Remaster),hip hop
raw dot product,Slow Down,metal,Interlude 5,r&b/soul,I'm A Winner (Amended Album Version),hip hop,My Darling,hip hop
raw dot product,Steal Away (The Night),metal,Interlude 5,r&b/soul,B-Boy Bouillabaisse: A.W.O.L. (2009 Digital Remaster),hip hop,My Darling,hip hop
raw dot product,Black Curtains (2004 Digital Remaster),metal,B-Boy Bouillabaisse: A.W.O.L. (2009 Digital Remaster),hip hop,Interlude 5,r&b/soul,Mellow My Man,hip hop
raw dot product,Die Dead Enough,metal,B-Boy Bouillabaisse: A.W.O.L. (2009 Digital Remaster),hip hop,8 Mile,hip hop,Everytime I...,r&b/soul
raw dot product,Bodies,metal,Hold Me Down (Album Version),r&b/soul,Locked Up,hip hop,Interlude 5,r&b/soul
raw dot product,Rotting Head,metal,One of Us,hip hop,B-Boy Bouillabaisse: A.W.O.L. (2009 Digital Remaster),hip hop,Interlude 5,r&b/soul
raw dot product,Gehenna,metal,Interlude 5,r&b/soul,I'm A Winner (Amended Album Version),hip hop,I Want You,r&b/soul
raw dot product,[sic] [Explicit],metal,Interlude 5,r&b/soul,I'm A Winner (Amended Album Version),hip hop,I Want You,r&b/soul
raw dot product,Gunshots by Computer,metal,Interlude 5,r&b/soul,I'm A Winner (Amended Album Version),hip hop,B-Boy Bouillabaisse: A.W.O.L. (2009 Digital Remaster),hip hop
raw dot product,Hope Is... (Album Version),metal,Interlude 5,r&b/soul,Remind Me (Live),electronic,Miss You,latin
raw dot product,The Moor,metal,Interlude 5,r&b/soul,B-Boy Bouillabaisse: A.W.O.L. (2009 Digital Remaster),hip hop,I'm A Winner (Amended Album Version),hip hop
raw dot product,This Flesh A Tomb (Instrumental Version),metal,Interlude 5,r&b/soul,B-Boy Bouillabaisse: A.W.O.L. (2009 Digital Remaster),hip hop,I'm A Winner (Amended Album Version),hip hop
raw dot product,A Higher Standard,metal,Interlude 5,r&b/soul,Ice Is Workin' It,hip hop,Touch It / Technologic,electronic
raw dot product,Redemption,metal,Interlude 5,r&b/soul,B-Boy Bouillabaisse: A.W.O.L. (2009 Digital Remaster),hip hop,My Darling,hip hop
raw dot product,We Die Alone (Bonus Track),metal,Interlude 5,r&b/soul,We Gonna Rock,electronic,Undead,hip hop
raw dot product,Elements,metal,Interlude 5,r&b/soul,One of Us,hip hop,B-Boy Bouillabaisse: A.W.O.L. (2009 Digital Remaster),hip hop
raw dot product,Know The Difference,metal,Interlude 5,r&b/soul,B-Boy Bouillabaisse: A.W.O.L. (2009 Digital Remaster),hip hop,Man In The Mirror,pop
raw dot product,Peephole,metal,I'm A Winner (Amended Album Version),hip hop,Interlude 5,r&b/soul,New Town,rock
raw dot product,Hellhounds on My Trail,metal,Interlude 5,r&b/soul,I'm A Winner (Amended Album Version),hip hop,B-Boy Bouillabaisse: A.W.O.L. (2009 Digital Remaster),hip hop
raw dot product,No Commands,metal,Interlude 5,r&b/soul,B-Boy Bouillabaisse: A.W.O.L. (2009 Digital Remaster),hip hop,Miss You,latin
raw dot product,Mother (2006 Remastered Alternate Mix),metal,Interlude 5,r&b/soul,B-Boy Bouillabaisse: A.W.O.L. (2009 Digital Remaster),hip hop,I'm A Winner (Amended Album Version),hip hop
raw dot product,Lord Of The Flies (Live In Dortmund),metal,Interlude 5,r&b/soul,B-Boy Bouillabaisse: A.W.O.L. (2009 Digital Remaster),hip hop,One of Us,hip hop
raw dot product,Phantom Of The Opera (Live) (1998 Digital Remaster),metal,Interlude 5,r&b/soul,I'm A Winner (Amended Album Version),hip hop,My Darling,hip hop
raw dot product,Re-Birth,metal,Interlude 5,r&b/soul,I'm A Winner (Amended Album Version),hip hop,That's What You Told Me,pop
raw dot product,This Pain,metal,Interlude 5,r&b/soul,B-Boy Bouillabaisse: A.W.O.L. (2009 Digital Remaster),hip hop,8 Mile,hip hop
raw dot product,You Are Not Alone,pop,Interlude 5,r&b/soul,I'm A Winner (Amended Album Version),hip hop,My Darling,hip hop
raw dot product,Baby Be Mine,pop,Interlude 5,r&b/soul,I'm A Winner (Amended Album Version),hip hop,B-Boy Bouillabaisse: A.W.O.L. (2009 Digital Remaster),hip hop
raw dot product,Man In The Mirror,pop,Interlude 5,r&b/soul,I'm A Winner (Amended Album Version),hip hop,B-Boy Bouillabaisse: A.W.O.L. (2009 Digital Remaster),hip hop
raw dot product,Why You Wanna Trip On Me,pop,Interlude 5,r&b/soul,Hold Me Down (Album Version),r&b/soul,That's What You Told Me,pop
raw dot product,TiK ToK,pop,Interlude 5,r&b/soul,B-Boy Bouillabaisse: A.W.O.L. (2009 Digital Remaster),hip hop,I'm A Winner (Amended Album Version),hip hop
raw dot product,Nothing Lasts Forever,pop,Interlude 5,r&b/soul,I'm A Winner (Amended Album Version),hip hop,I Want You,r&b/soul
raw dot product,Roamer,pop,B-Boy Bouillabaisse: A.W.O.L. (2009 Digital Remaster),hip hop,8 Mile,hip hop,Interlude 5,r&b/soul
raw dot product,Live High (Album Version),pop,Interlude 5,r&b/soul,Touch It / Technologic,electronic,Ice Is Workin' It,hip hop
raw dot product,Did I Do That?,pop,Interlude 5,r&b/soul,I'm A Winner (Amended Album Version),hip hop,My Darling,hip hop
raw dot product,I'll Be There,pop,Interlude 5,r&b/soul,I'm A Winner (Amended Album Version),hip hop,B-Boy Bouillabaisse: A.W.O.L. (2009 Digital Remaster),hip hop
raw dot product,I Think They're Thinking - Interlude,pop,B-Boy Bouillabaisse: A.W.O.L. (2009 Digital Remaster),hip hop,Interlude 5,r&b/soul,Splurge,hip hop
raw dot product,Silent Movie,pop,Interlude 5,r&b/soul,I'm A Winner (Amended Album Version),hip hop,Hold Me Down (Album Version),r&b/soul
raw dot product,Stumble,pop,Interlude 5,r&b/soul,I'm A Winner (Amended Album Version),hip hop,I Want You,r&b/soul
raw dot product,Heroe,pop,I'm A Winner (Amended Album Version),hip hop,Interlude 5,r&b/soul,I Want You,r&b/soul
raw dot product,Little Girl,pop,I'm A Winner (Amended Album Version),hip hop,Interlude 5,r&b/soul,I Want You,r&b/soul
raw dot product,Ruleta Rusa,pop,Dale tiempo al rumor,hip hop,Te Vuelvo Loca,reggae,Al Natural (Amended Version),latin
raw dot product,Contigo,pop,Dale tiempo al rumor,hip hop,Al Natural (Amended Version),latin,Cantando,hip hop
raw dot product,Años Luz,pop,Dale tiempo al rumor,hip hop,Cantando,hip hop,El Negro Está Cocinando,latin
raw dot product,Love Song,pop,Interlude 5,r&b/soul,I'm A Winner (Amended Album Version),hip hop,My Darling,hip hop
raw dot product,Candyman,pop,Interlude 5,r&b/soul,B-Boy Bouillabaisse: A.W.O.L. (2009 Digital Remaster),hip hop,One of Us,hip hop
raw dot product,Tell Me Something I Don't Know,pop,Interlude 5,r&b/soul,I Mean (I Don't Mean It),r&b/soul,B-Boy Bouillabaisse: A.W.O.L. (2009 Digital Remaster),hip hop
raw dot product,Cry,pop,Interlude 5,r&b/soul,I'm A Winner (Amended Album Version),hip hop,B-Boy Bouillabaisse: A.W.O.L. (2009 Digital Remaster),hip hop
raw dot product,Zora sourit,pop,Interlude 5,r&b/soul,She Ain't Afraid,hip hop,Panam All Star,hip hop
raw dot product,Dance,pop,Interlude 5,r&b/soul,B-Boy Bouillabaisse: A.W.O.L. (2009 Digital Remaster),hip hop,I'm A Winner (Amended Album Version),hip hop
raw dot product,Partout Je Vois,pop,Interlude 5,r&b/soul,I'm A Winner (Amended Album Version),hip hop,B-Boy Bouillabaisse: A.W.O.L. (2009 Digital Remaster),hip hop
raw dot product,Anytime,pop,Interlude 5,r&b/soul,I'm A Winner (Amended Album Version),hip hop,My Darling,hip hop
raw dot product,Simplest Love,pop,All Day Sucker,r&b/soul,Love Is Wicked,r&b/soul,Love And War,hip hop
raw dot product,Midnight Bottle,pop,Interlude 5,r&b/soul,I'm A Winner (Amended Album Version),hip hop,B-Boy Bouillabaisse: A.W.O.L. (2009 Digital Remaster),hip hop
raw dot product,Let Me Be,pop,Interlude 5,r&b/soul,I'm A Winner (Amended Album Version),hip hop,B-Boy Bouillabaisse: A.W.O.L. (2009 Digital Remaster),hip hop
raw dot product,Big Sky,pop,Interlude 5,r&b/soul,I'm A Winner (Amended Album Version),hip hop,B-Boy Bouillabaisse: A.W.O.L. (2009 Digital Remaster),hip hop
raw dot product,Thinking About You,pop,Interlude 5,r&b/soul,I'm A Winner (Amended Album Version),hip hop,I Want You,r&b/soul
raw dot product,A Groovy Kind Of Love (Live),pop,Interlude 5,r&b/soul,I'm A Winner (Amended Album Version),hip hop,I Want You,r&b/soul
raw dot product,That's Why You're Beautiful,pop,Interlude 5,r&b/soul,Man In The Mirror,pop,B-Boy Bouillabaisse: A.W.O.L. (2009 Digital Remaster),hip hop
raw dot product,Step By Step,pop,By The Way,hip hop,Interlude 5,r&b/soul,B-Boy Bouillabaisse: A.W.O.L. (2009 Digital Remaster),hip hop
raw dot product,Piece Of Me (Main Version),pop,Interlude 5,r&b/soul,I'm A Winner (Amended Album Version),hip hop,Hold Me Down (Album Version),r&b/soul
raw dot product,Can't Make You Love Me,pop,Interlude 5,r&b/soul,I'm A Winner (Amended Album Version),hip hop,B-Boy Bouillabaisse: A.W.O.L. (2009 Digital Remaster),hip hop
raw dot product,Girl In The Mirror,pop,Interlude 5,r&b/soul,B-Boy Bouillabaisse: A.W.O.L. (2009 Digital Remaster),hip hop,I'm A Winner (Amended Album Version),hip hop
raw dot product,Radar,pop,Interlude 5,r&b/soul,I'm A Winner (Amended Album Version),hip hop,B-Boy Bouillabaisse: A.W.O.L. (2009 Digital Remaster),hip hop
raw dot product,When Your Eyes Say It,pop,Interlude 5,r&b/soul,I'm A Winner (Amended Album Version),hip hop,B-Boy Bouillabaisse: A.W.O.L. (2009 Digital Remaster),hip hop
raw dot product,Precious (Live In Milan),pop,Interlude 5,r&b/soul,B-Boy Bouillabaisse: A.W.O.L. (2009 Digital Remaster),hip hop,I'm A Winner (Amended Album Version),hip hop
raw dot product,Insectica,punk,I'm A Winner (Amended Album Version),hip hop,Interlude 5,r&b/soul,My Darling,hip hop
raw dot product,Cambridge (Album Version),punk,Interlude 5,r&b/soul,B-Boy Bouillabaisse: A.W.O.L. (2009 Digital Remaster),hip hop,Otha Fish,hip hop
raw dot product,Disappear,punk,I'm A Winner (Amended Album Version),hip hop,Interlude 5,r&b/soul,I Want You,r&b/soul
raw dot product,Fell in Love Without You (Cd),punk,Interlude 5,r&b/soul,B-Boy Bouillabaisse: A.W.O.L. (2009 Digital Remaster),hip hop,Otha Fish,hip hop
raw dot product,Point Of Extinction (Cd),punk,Interlude 5,r&b/soul,I'm A Winner (Amended Album Version),hip hop,B-Boy Bouillabaisse: A.W.O.L. (2009 Digital Remaster),hip hop
raw dot product,Stand Too Close,punk,Interlude 5,r&b/soul,I'm A Winner (Amended Album Version),hip hop,B-Boy Bouillabaisse: A.W.O.L. (2009 Digital Remaster),hip hop
raw dot product,Worker Bee,punk,B-Boy Bouillabaisse: A.W.O.L. (2009 Digital Remaster),hip hop,8 Mile,hip hop,Interlude 5,r&b/soul
raw dot product,Mind Over Time,punk,Interlude 5,r&b/soul,B-Boy Bouillabaisse: A.W.O.L. (2009 Digital Remaster),hip hop,Over It (Acoustic),punk
raw dot product,I Fought The Law,punk,Interlude 5,r&b/soul,B-Boy Bouillabaisse: A.W.O.L. (2009 Digital Remaster),hip hop,8 Mile,hip hop
raw dot product,The Magnificent Seven,punk,Interlude 5,r&b/soul,I'm A Winner (Amended Album Version),hip hop,Man In The Mirror,pop
raw dot product,Believe,punk,Interlude 5,r&b/soul,B-Boy Bouillabaisse: A.W.O.L. (2009 Digital Remaster),hip hop,I'm A Winner (Amended Album Version),hip hop
raw dot product,Empty Apartment,punk,Interlude 5,r&b/soul,I'm A Winner (Amended Album Version),hip hop,Hold Me Down (Album Version),r&b/soul
raw dot product,But Tonight We Dance,punk,Interlude 5,r&b/soul,B-Boy Bouillabaisse: A.W.O.L. (2009 Digital Remaster),hip hop,I'm A Winner (Amended Album Version),hip hop
raw dot product,Faint Resemblance,punk,Interlude 5,r&b/soul,B-Boy Bouillabaisse: A.W.O.L. (2009 Digital Remaster),hip hop,I Want You,r&b/soul
raw dot product,Survive,punk,Interlude 5,r&b/soul,Undead,hip hop,We Gonna Rock,electronic
raw dot product,The Dirt Whispered,punk,B-Boy Bouillabaisse: A.W.O.L. (2009 Digital Remaster),hip hop,Interlude 5,r&b/soul,8 Mile,hip hop
raw dot product,Get It Right (Album Version),punk,Interlude 5,r&b/soul,B-Boy Bouillabaisse: A.W.O.L. (2009 Digital Remaster),hip hop,I'm A Winner (Amended Album Version),hip hop
raw dot product,Want You Bad,punk,Interlude 5,r&b/soul,I'm A Winner (Amended Album Version),hip hop,I Want You,r&b/soul
raw dot product,Staring At The Sun,punk,Interlude 5,r&b/soul,I'm A Winner (Amended Album Version),hip hop,B-Boy Bouillabaisse: A.W.O.L. (2009 Digital Remaster),hip hop
raw dot product,Operation Rescue,punk,Interlude 5,r&b/soul,B-Boy Bouillabaisse: A.W.O.L. (2009 Digital Remaster),hip hop,My Darling,hip hop
raw dot product,When Broken Is Easily Fixed (Album Version),punk,Interlude 5,r&b/soul,Hold Me Down (Album Version),r&b/soul,That's What You Told Me,pop
raw dot product,Want,punk,Interlude 5,r&b/soul,I'm A Winner (Amended Album Version),hip hop,I Want You,r&b/soul
raw dot product,Josey,punk,Interlude 5,r&b/soul,B-Boy Bouillabaisse: A.W.O.L. (2009 Digital Remaster),hip hop,Touch It / Technologic,electronic
raw dot product,1-2 Crush On You,punk,I'm A Winner (Amended Album Version),hip hop,Interlude 5,r&b/soul,I Want You,r&b/soul
raw dot product,Brand New Cadillac,punk,Interlude 5,r&b/soul,She Ain't Afraid,hip hop,Baby Come Back,blues
raw dot product,Cool Confusion,punk,Interlude 5,r&b/soul,B-Boy Bouillabaisse: A.W.O.L. (2009 Digital Remaster),hip hop,Otha Fish,hip hop
raw dot product,First Night Back In London,punk,Interlude 5,r&b/soul,B-Boy Bouillabaisse: A.W.O.L. (2009 Digital Remaster),hip hop,I'm A Winner (Amended Album Version),hip hop
raw dot product,Inoculated City,punk,Interlude 5,r&b/soul,One of Us,hip hop,B-Boy Bouillabaisse: A.W.O.L. (2009 Digital Remaster),hip hop
raw dot product,Lost In The Supermarket,punk,B-Boy Bouillabaisse: A.W.O.L. (2009 Digital Remaster),hip hop,8 Mile,hip hop,Everytime I...,r&b/soul
raw dot product,Overpowered By Funk,punk,Interlude 5,r&b/soul,B-Boy Bouillabaisse: A.W.O.L. (2009 Digital Remaster),hip hop,I'm A Winner (Amended Album Version),hip hop
raw dot product,Automatic Man (Album Version),punk,Interlude 5,r&b/soul,B-Boy Bouillabaisse: A.W.O.L. (2009 Digital Remaster),hip hop,Man In The Mirror,pop
raw dot product,Chimaera (Album Version),punk,Interlude 5,r&b/soul,I'm A Winner (Amended Album Version),hip hop,My Darling,hip hop
raw dot product,Damned to Be Free (Album Version),punk,Interlude 5,r&b/soul,B-Boy Bouillabaisse: A.W.O.L. (2009 Digital Remaster),hip hop,Ice Is Workin' It,hip hop
raw dot product,Get Off,punk,Interlude 5,r&b/soul,B-Boy Bouillabaisse: A.W.O.L. (2009 Digital Remaster),hip hop,8 Mile,hip hop
raw dot product,Juneau,punk,B-Boy Bouillabaisse: A.W.O.L. (2009 Digital Remaster),hip hop,Interlude 5,r&b/soul,New Town,rock
raw dot product,Another The letter,punk,Otha Fish,hip hop,Man In The Mirror,pop,Interlude 5,r&b/soul
raw dot product,Strange,punk,Go Cat Go,hip hop,B-Boy Bouillabaisse: A.W.O.L. (2009 Digital Remaster),hip hop,Interlude 5,r&b/soul
raw dot product,Dude_ What Is a Land Pirate?,punk,Interlude 5,r&b/soul,B-Boy Bouillabaisse: A.W.O.L. (2009 Digital Remaster),hip hop,I Want You,r&b/soul
raw dot product,Again I Go Unnoticed,punk,Interlude 5,r&b/soul,B-Boy Bouillabaisse: A.W.O.L. (2009 Digital Remaster),hip hop,My Darling,hip hop
raw dot product,Carry This Picture,punk,Interlude 5,r&b/soul,B-Boy Bouillabaisse: A.W.O.L. (2009 Digital Remaster),hip hop,8 Mile,hip hop
raw dot product,U R The One,r&b/soul,Interlude 5,r&b/soul,I'm A Winner (Amended Album Version),hip hop,B-Boy Bouillabaisse: A.W.O.L. (2009 Digital Remaster),hip hop
raw dot product,Ain't No Way (You Won't Love Me),r&b/soul,Interlude 5,r&b/soul,I'm A Winner (Amended Album Version),hip hop,Hold Me Down (Album Version),r&b/soul
raw dot product,Nice & Slow,r&b/soul,Interlude 5,r&b/soul,I'm A Winner (Amended Album Version),hip hop,I Want You,r&b/soul
raw dot product,Roni,r&b/soul,Interlude 5,r&b/soul,I'm A Winner (Amended Album Version),hip hop,B-Boy Bouillabaisse: A.W.O.L. (2009 Digital Remaster),hip hop
raw dot product,Damage,r&b/soul,Interlude 5,r&b/soul,I'm A Winner (Amended Album Version),hip hop,B-Boy Bouillabaisse: A.W.O.L. (2009 Digital Remaster),hip hop
raw dot product,Gotta Be Ur Man,r&b/soul,Interlude 5,r&b/soul,I'm A Winner (Amended Album Version),hip hop,B-Boy Bouillabaisse: A.W.O.L. (2009 Digital Remaster),hip hop
raw dot product,Birthmark,r&b/soul,Interlude 5,r&b/soul,My Darling,hip hop,Cancel (Album Version),r&b/soul
raw dot product,Don't You Say No,r&b/soul,Interlude 5,r&b/soul,I'm A Winner (Amended Album Version),hip hop,I Want You,r&b/soul
raw dot product,Kickin' It With Your Girlfriend,r&b/soul,Interlude 5,r&b/soul,B-Boy Bouillabaisse: A.W.O.L. (2009 Digital Remaster),hip hop,I'm A Winner (Amended Album Version),hip hop
raw dot product,Rise Up,r&b/soul,Interlude 5,r&b/soul,I'm A Winner (Amended Album Version),hip hop,My Darling,hip hop
raw dot product,Joy Ride,r&b/soul,Interlude 5,r&b/soul,B-Boy Bouillabaisse: A.W.O.L. (2009 Digital Remaster),hip hop,I Want You,r&b/soul
raw dot product,Sprung,r&b/soul,Interlude 5,r&b/soul,I'm A Winner (Amended Album Version),hip hop,I Want You,r&b/soul
raw dot product,Never Too Much,r&b/soul,Interlude 5,r&b/soul,B-Boy Bouillabaisse: A.W.O.L. (2009 Digital Remaster),hip hop,I'm A Winner (Amended Album Version),hip hop
raw dot product,Chocolate Factory,r&b/soul,Interlude 5,r&b/soul,B-Boy Bouillabaisse: A.W.O.L. (2009 Digital Remaster),hip hop,My Darling,hip hop
raw dot product,I Mean (I Don't Mean It),r&b/soul,I Want You,r&b/soul,Interlude 5,r&b/soul,I'm A Winner (Amended Album Version),hip hop
raw dot product,In The Kitchen,r&b/soul,Interlude 5,r&b/soul,I'm A Winner (Amended Album Version),hip hop,B-Boy Bouillabaisse: A.W.O.L. (2009 Digital Remaster),hip hop
raw dot product,Distance And Time,r&b/soul,Interlude 5,r&b/soul,I'm A Winner (Amended Album Version),hip hop,I Want You,r&b/soul
raw dot product,Lover Man,r&b/soul,Interlude 5,r&b/soul,B-Boy Bouillabaisse: A.W.O.L. (2009 Digital Remaster),hip hop,Man In The Mirror,pop
raw dot product,Nobody Not Really (Interlude),r&b/soul,B-Boy Bouillabaisse: A.W.O.L. (2009 Digital Remaster),hip hop,8 Mile,hip hop,Splurge,hip hop
raw dot product,Piano & I,r&b/soul,Interlude 5,r&b/soul,I Want You,r&b/soul,I'm A Winner (Amended Album Version),hip hop
raw dot product,Tell You Something (Nana's Reprise),r&b/soul,I Mean (I Don't Mean It),r&b/soul,Interlude 5,r&b/soul,I'm A Winner (Amended Album Version),hip hop
raw dot product,Try Sleeping With A Broken Heart,r&b/soul,Interlude 5,r&b/soul,I'm A Winner (Amended Album Version),hip hop,Hold Me Down (Album Version),r&b/soul
raw dot product,Why Do I Feel So Sad,r&b/soul,Interlude 5,r&b/soul,B-Boy Bouillabaisse: A.W.O.L. (2009 Digital Remaster),hip hop,I Mean (I Don't Mean It),r&b/soul
raw dot product,Lovin U,r&b/soul,Interlude 5,r&b/soul,I'm A Winner (Amended Album Version),hip hop,I Want You,r&b/soul
raw dot product,My Ride,r&b/soul,B-Boy Bouillabaisse: A.W.O.L. (2009 Digital Remaster),hip hop,Interlude 5,r&b/soul,Mellow My Man,hip hop
raw dot product,Starting All Over,r&b/soul,Interlude 5,r&b/soul,8 Mile,hip hop,B-Boy Bouillabaisse: A.W.O.L. (2009 Digital Remaster),hip hop
raw dot product,Oh Boy,r&b/soul,B-Boy Bouillabaisse: A.W.O.L. (2009 Digital Remaster),hip hop,Interlude 5,r&b/soul,I'm A Winner (Amended Album Version),hip hop
raw dot product,Maybe,r&b/soul,Interlude 5,r&b/soul,I'm A Winner (Amended Album Version),hip hop,B-Boy Bouillabaisse: A.W.O.L. (2009 Digital Remaster),hip hop
raw dot product,Stuck In the Middle,r&b/soul,Interlude 5,r&b/soul,I'm A Winner (Amended Album Version),hip hop,B-Boy Bouillabaisse: A.W.O.L. (2009 Digital Remaster),hip hop
raw dot product,Bump What Your Friends Say,r&b/soul,Interlude 5,r&b/soul,I'm A Winner (Amended Album Version),hip hop,My Darling,hip hop
raw dot product,Smack Dab In The Middle,r&b/soul,Interlude 5,r&b/soul,B-Boy Bouillabaisse: A.W.O.L. (2009 Digital Remaster),hip hop,I'm A Winner (Amended Album Version),hip hop
raw dot product,Don't You Know,r&b/soul,Interlude 5,r&b/soul,I'm A Winner (Amended Album Version),hip hop,It's A Party,hip hop
raw dot product,All I Ever Think About,r&b/soul,Interlude 5,r&b/soul,I'm A Winner (Amended Album Version),hip hop,I Want You,r&b/soul
raw dot product,(You Were Made) Especially For Me,r&b/soul,Interlude 5,r&b/soul,I'm A Winner (Amended Album Version),hip hop,Hold Me Down (Album Version),r&b/soul
raw dot product,I Was Made To Love Her,r&b/soul,Interlude 5,r&b/soul,B-Boy Bouillabaisse: A.W.O.L. (2009 Digital Remaster),hip hop,8 Mile,hip hop
raw dot product,Bridge Over Troubled Water,r&b/soul,I'm A Winner (Amended Album Version),hip hop,Interlude 5,r&b/soul,B-Boy Bouillabaisse: A.W.O.L. (2009 Digital Remaster),hip hop
raw dot product,Goin' Back To Indiana,r&b/soul,8 Mile,hip hop,B-Boy Bouillabaisse: A.W.O.L. (2009 Digital Remaster),hip hop,Everytime I...,r&b/soul
raw dot product,Lookin' Through The Windows,r&b/soul,Interlude 5,r&b/soul,New Town,rock,I'm A Winner (Amended Album Version),hip hop
raw dot product,You've Changed,r&b/soul,Interlude 5,r&b/soul,I'm A Winner (Amended Album Version),hip hop,Man In The Mirror,pop
raw dot product,Switch!,r&b/soul,Interlude 5,r&b/soul,B-Boy Bouillabaisse: A.W.O.L. (2009 Digital Remaster),hip hop,I'm A Winner (Amended Album Version),hip hop
raw dot product,One World (Not Three),reggae,One of Us,hip hop,One Tribe,hip hop,Interlude 5,r&b/soul
raw dot product,Close My Eyes,reggae,Interlude 5,r&b/soul,B-Boy Bouillabaisse: A.W.O.L. (2009 Digital Remaster),hip hop,I'm A Winner (Amended Album Version),hip hop
raw dot product,Exaltation,reggae,Interlude 5,r&b/soul,B-Boy Bouillabaisse: A.W.O.L. (2009 Digital Remaster),hip hop,Otha Fish,hip hop
raw dot product,Fire and Heights,reggae,Interlude 5,r&b/soul,B-Boy Bouillabaisse: A.W.O.L. (2009 Digital Remaster),hip hop,I'm A Winner (Amended Album Version),hip hop
raw dot product,Jerusalem,reggae,Interlude 5,r&b/soul,I'm A Winner (Amended Album Version),hip hop,B-Boy Bouillabaisse: A.W.O.L. (2009 Digital Remaster),hip hop
raw dot product,Warrior,reggae,Interlude 5,r&b/soul,B-Boy Bouillabaisse: A.W.O.L. (2009 Digital Remaster),hip hop,I'm A Winner (Amended Album Version),hip hop
raw dot product,Don't Push,reggae,Interlude 5,r&b/soul,B-Boy Bouillabaisse: A.W.O.L. (2009 Digital Remaster),hip hop,I'm A Winner (Amended Album Version),hip hop
raw dot product,Pawn Shop,reggae,Interlude 5,r&b/soul,Ice Is Workin' It,hip hop,B-Boy Bouillabaisse: A.W.O.L. (2009 Digital Remaster),hip hop
raw dot product,See you in the Light,reggae,Interlude 5,r&b/soul,B-Boy Bouillabaisse: A.W.O.L. (2009 Digital Remaster),hip hop,I'm A Winner (Amended Album Version),hip hop
raw dot product,Sweet Little Lies,reggae,Interlude 5,r&b/soul,Hold Me Down (Album Version),r&b/soul,That's What You Told Me,pop
raw dot product,The Way You Make Me Feel,reggae,Interlude 5,r&b/soul,I'm A Winner (Amended Album Version),hip hop,I Want You,r&b/soul
raw dot product,Grito Mundial,reggae,Move On,pop,Horse With No Name,reggae,Dale tiempo al rumor,hip hop
raw dot product,Get This Party Started: Ghost Remix,reggae,It's A Party,hip hop,Interlude 5,r&b/soul,B-Boy Bouillabaisse: A.W.O.L. (2009 Digital Remaster),hip hop
raw dot product,Africa Unite,reggae,Interlude 5,r&b/soul,Touch It / Technologic,electronic,Ice Is Workin' It,hip hop
raw dot product,Could You Be Loved,reggae,Interlude 5,r&b/soul,I'm A Winner (Amended Album Version),hip hop,Man In The Mirror,pop
raw dot product,No Water,reggae,Interlude 5,r&b/soul,I'm A Winner (Amended Album Version),hip hop,B-Boy Bouillabaisse: A.W.O.L. (2009 Digital Remaster),hip hop
raw dot product,One Love / People Get Ready,reggae,One Tribe,hip hop,Interlude 5,r&b/soul,One of Us,hip hop
raw dot product,Try Me,reggae,Hold Me Down (Album Version),r&b/soul,That's What You Told Me,pop,Interlude 5,r&b/soul
raw dot product,Baby We've Got A Date (Rock It Baby),reggae,Touch It / Technologic,electronic,Ice Is Workin' It,hip hop,We Gonna Rock,electronic
raw dot product,Johnny Was,reggae,Interlude 5,r&b/soul,B-Boy Bouillabaisse: A.W.O.L. (2009 Digital Remaster),hip hop,Man In The Mirror,pop
raw dot product,Riding High,reggae,Interlude 5,r&b/soul,I'm A Winner (Amended Album Version),hip hop,B-Boy Bouillabaisse: A.W.O.L. (2009 Digital Remaster),hip hop
raw dot product,Soul Shakedown,reggae,Interlude 5,r&b/soul,Hold Me Down (Album Version),r&b/soul,My Darling,hip hop
raw dot product,Trenchtown Rock,reggae,Interlude 5,r&b/soul,I'm A Winner (Amended Album Version),hip hop,I Want You,r&b/soul
raw dot product,Eternal Feedback (Sly),reggae,Interlude 5,r&b/soul,8 Mile,hip hop,B-Boy Bouillabaisse: A.W.O.L. (2009 Digital Remaster),hip hop
raw dot product,Black Progress,reggae,Interlude 5,r&b/soul,B-Boy Bouillabaisse: A.W.O.L. (2009 Digital Remaster),hip hop,I'm A Winner (Amended Album Version),hip hop
raw dot product,Reggae On Broadway,reggae,It's A Party,hip hop,B-Boy Bouillabaisse: A.W.O.L. (2009 Digital Remaster),hip hop,Interlude 5,r&b/soul
raw dot product,Rebels Hop,reggae,Interlude 5,r&b/soul,I'm A Winner (Amended Album Version),hip hop,B-Boy Bouillabaisse: A.W.O.L. (2009 Digital Remaster),hip hop
raw dot product,Stop The Train,reggae,Over It (Acoustic),punk,8 Mile,hip hop,B-Boy Bouillabaisse: A.W.O.L. (2009 Digital Remaster),hip hop
raw dot product,This Train,reggae,Mellow My Man,hip hop,My Life,hip hop,Interlude 5,r&b/soul
raw dot product,Defeat You,reggae,I'm A Winner (Amended Album Version),hip hop,B-Boy Bouillabaisse: A.W.O.L. (2009 Digital Remaster),hip hop,I Want You,r&b/soul
raw dot product,Don't Get Nine,reggae,Interlude 5,r&b/soul,I'm A Winner (Amended Album Version),hip hop,B-Boy Bouillabaisse: A.W.O.L. (2009 Digital Remaster),hip hop
raw dot product,Feva Las Vegas,reggae,Interlude 5,r&b/soul,B-Boy Bouillabaisse: A.W.O.L. (2009 Digital Remaster),hip hop,8 Mile,hip hop
raw dot product,Secrets,reggae,Interlude 5,r&b/soul,B-Boy Bouillabaisse: A.W.O.L. (2009 Digital Remaster),hip hop,I'm A Winner (Amended Album Version),hip hop
raw dot product,Work Work,reggae,Interlude 5,r&b/soul,I'm A Winner (Amended Album Version),hip hop,B-Boy Bouillabaisse: A.W.O.L. (2009 Digital Remaster),hip hop
raw dot product,Good Rats (Live),reggae,Interlude 5,r&b/soul,Man In The Mirror,pop,B-Boy Bouillabaisse: A.W.O.L. (2009 Digital Remaster),hip hop
raw dot product,Sol_ Playa Y Arena,reggae,Dale tiempo al rumor,hip hop,Move On,pop,Horse With No Name,reggae
raw dot product,I Don't Want To See You Cry,reggae,Interlude 5,r&b/soul,My Darling,hip hop,B-Boy Bouillabaisse: A.W.O.L. (2009 Digital Remaster),hip hop
raw dot product,Come Back Darling,reggae,Interlude 5,r&b/soul,I'm A Winner (Amended Album Version),hip hop,My Darling,hip hop
raw dot product,Here I Am (Come And Take Me),reggae,Interlude 5,r&b/soul,Hold Me Down (Album Version),r&b/soul,That's What You Told Me,pop
raw dot product,Light My Fire,reggae,Interlude 5,r&b/soul,It's A Party,hip hop,Radar,pop
raw dot product,Til Kingdom Come,rock,Interlude 5,r&b/soul,I'm A Winner (Amended Album Version),hip hop,B-Boy Bouillabaisse: A.W.O.L. (2009 Digital Remaster),hip hop
raw dot product,Brothers Under The Bridges ('83),rock,Interlude 5,r&b/soul,B-Boy Bouillabaisse: A.W.O.L. (2009 Digital Remaster),hip hop,Otha Fish,hip hop
raw dot product,The Big Payback,rock,Interlude 5,r&b/soul,B-Boy Bouillabaisse: A.W.O.L. (2009 Digital Remaster),hip hop,I'm A Winner (Amended Album Version),hip hop
raw dot product,The Ties That Bind,rock,Interlude 5,r&b/soul,I'm A Winner (Amended Album Version),hip hop,My Darling,hip hop
raw dot product,Sam's Town,rock,Interlude 5,r&b/soul,B-Boy Bouillabaisse: A.W.O.L. (2009 Digital Remaster),hip hop,8 Mile,hip hop
raw dot product,Pink Ego Box,rock,Interlude 5,r&b/soul,I'm A Winner (Amended Album Version),hip hop,B-Boy Bouillabaisse: A.W.O.L. (2009 Digital Remaster),hip hop
raw dot product,Secrets,rock,B-Boy Bouillabaisse: A.W.O.L. (2009 Digital Remaster),hip hop,Interlude 5,r&b/soul,8 Mile,hip hop
raw dot product,Come Back,rock,Interlude 5,r&b/soul,Do The Bartman,hip hop,My Darling,hip hop
raw dot product,Time Is On My Side,rock,Interlude 5,r&b/soul,B-Boy Bouillabaisse: A.W.O.L. (2009 Digital Remaster),hip hop,I'm A Winner (Amended Album Version),hip hop
raw dot product,Fight (1994 Digital Remaster),rock,I'm A Winner (Amended Album Version),hip hop,B-Boy Bouillabaisse: A.W.O.L. (2009 Digital Remaster),hip hop,Interlude 5,r&b/soul
raw dot product,This Ain't A Love Song,rock,Interlude 5,r&b/soul,B-Boy Bouillabaisse: A.W.O.L. (2009 Digital Remaster),hip hop,I'm A Winner (Amended Album Version),hip hop
raw dot product,Superman Tonight,rock,Interlude 5,r&b/soul,I'm A Winner (Amended Album Version),hip hop,My Darling,hip hop
raw dot product,Bad Obsession,rock,Interlude 5,r&b/soul,Ice Is Workin' It,hip hop,Touch It / Technologic,electronic
raw dot product,Anything That's Part Of You,rock,Interlude 5,r&b/soul,I'm A Winner (Amended Album Version),hip hop,I Want You,r&b/soul
raw dot product,So I Thought,rock,Interlude 5,r&b/soul,B-Boy Bouillabaisse: A.W.O.L. (2009 Digital Remaster),hip hop,Splurge,hip hop
raw dot product,You're All I've Got Tonight,rock,Interlude 5,r&b/soul,I'm A Winner (Amended Album Version),hip hop,I Want You,r&b/soul
raw dot product,Signal Fire,rock,Interlude 5,r&b/soul,Hold Me Down (Album Version),r&b/soul,I'm A Winner (Amended Album Version),hip hop
raw dot product,The Lightning Strike,rock,Interlude 5,r&b/soul,B-Boy Bouillabaisse: A.W.O.L. (2009 Digital Remaster),hip hop,I'm A Winner (Amended Album Version),hip hop
raw dot product,Dumb,rock,8 Mile,hip hop,Everytime I...,r&b/soul,Over It (Acoustic),punk
raw dot product,Something In The Way,rock,B-Boy Bouillabaisse: A.W.O.L. (2009 Digital Remaster),hip hop,Otha Fish,hip hop,Interlude 5,r&b/soul
raw dot product,Oh! Gravity.,rock,Move On,pop,Horse With No Name,reggae,Touch It / Technologic,electronic
raw dot product,Hotel Yorba,rock,Interlude 5,r&b/soul,B-Boy Bouillabaisse: A.W.O.L. (2009 Digital Remaster),hip hop,I'm A Winner (Amended Album Version),hip hop
raw dot product,Prickly Thorn_ But Sweetly Worn (Live),rock,Cut And Run,punk,Yakamonéyé,reggae,Sans Rémission,hip hop
raw dot product,St. Andrew (This Battle Is In The Air),rock,B-Boy Bouillabaisse: A.W.O.L. (2009 Digital Remaster),hip hop,I Mean (I Don't Mean It),r&b/soul,8 Mile,hip hop
raw dot product,I Was Meant For the Stage,rock,Interlude 5,r&b/soul,B-Boy Bouillabaisse: A.W.O.L. (2009 Digital Remaster),hip hop,My Darling,hip hop
raw dot product,Alpha Beta Parking Lot,rock,Go Cat Go,hip hop,Here We Go,punk,Watching ME,r&b/soul
raw dot product,An Ode To No One,rock,Interlude 5,r&b/soul,I'm A Winner (Amended Album Version),hip hop,B-Boy Bouillabaisse: A.W.O.L. (2009 Digital Remaster),hip hop
raw dot product,Over My Head (Cable Car),rock,B-Boy Bouillabaisse: A.W.O.L. (2009 Digital Remaster),hip hop,Interlude 5,r&b/soul,8 Mile,hip hop
raw dot product,No I In Threesome,rock,Interlude 5,r&b/soul,B-Boy Bouillabaisse: A.W.O.L. (2009 Digital Remaster),hip hop,Otha Fish,hip hop
raw dot product,Pace Is The Trick,rock,Interlude 5,r&b/soul,I'm A Winner (Amended Album Version),hip hop,I Want You,r&b/soul
raw dot product,Embryo,rock,B-Boy Bouillabaisse: A.W.O.L. (2009 Digital Remaster),hip hop,8 Mile,hip hop,Mellow My Man,hip hop
raw dot product,Borderline,rock,Interlude 5,r&b/soul,I'm A Winner (Amended Album Version),hip hop,B-Boy Bouillabaisse: A.W.O.L. (2009 Digital Remaster),hip hop
raw dot product,March Of The Pigs,rock,Interlude 5,r&b/soul,Touch It / Technologic,electronic,Ice Is Workin' It,hip hop
raw dot product,Burn,rock,Interlude 5,r&b/soul,I'm A Winner (Amended Album Version),hip hop,I Want You,r&b/soul
raw dot product,Something I Can Never Have,rock,Interlude 5,r&b/soul,I'm A Winner (Amended Album Version),hip hop,I Want You,r&b/soul
raw dot product,It's Your World Now,rock,Interlude 5,r&b/soul,B-Boy Bouillabaisse: A.W.O.L. (2009 Digital Remaster),hip hop,Ice Is Workin' It,hip hop
raw dot product,Something There Is About You,rock,Interlude 5,r&b/soul,B-Boy Bouillabaisse: A.W.O.L. (2009 Digital Remaster),hip hop,I'm A Winner (Amended Album Version),hip hop
raw dot product,From Underneath,rock,Interlude 5,r&b/soul,I'm A Winner (Amended Album Version),hip hop,B-Boy Bouillabaisse: A.W.O.L. (2009 Digital Remaster),hip hop
raw dot product,Turn It On,rock,Touch It / Technologic,electronic,Ice Is Workin' It,hip hop,Interlude 5,r&b/soul
raw dot product,Something On My Mind,rock,Interlude 5,r&b/soul,B-Boy Bouillabaisse: A.W.O.L. (2009 Digital Remaster),hip hop,8 Mile,hip hop
raw covariance,All The Things You Are,blues,Interlude 5,r&b/soul,I'm A Winner (Amended Album Version),hip hop,Hot N Cold (Innerpartysystem Main),electronic
raw covariance,Vultures,blues,I Mean (I Don't Mean It),r&b/soul,B-Boy Bouillabaisse: A.W.O.L. (2009 Digital Remaster),hip hop,8 Mile,hip hop
raw covariance,Out Of My Mind,blues,Interlude 5,r&b/soul,I'm A Winner (Amended Album Version),hip hop,B-Boy Bouillabaisse: A.W.O.L. (2009 Digital Remaster),hip hop
raw covariance,Hump Bounce,blues,Interlude 5,r&b/soul,B-Boy Bouillabaisse: A.W.O.L. (2009 Digital Remaster),hip hop,I Want You,r&b/soul
raw covariance,Intro - The Sermon,blues,Interlude 5,r&b/soul,B-Boy Bouillabaisse: A.W.O.L. (2009 Digital Remaster),hip hop,I'm A Winner (Amended Album Version),hip hop
raw covariance,Call On Me,blues,Interlude 5,r&b/soul,I'm A Winner (Amended Album Version),hip hop,I Want You,r&b/soul
raw covariance,Oceans and Streams,blues,Interlude 5,r&b/soul,B-Boy Bouillabaisse: A.W.O.L. (2009 Digital Remaster),hip hop,8 Mile,hip hop
raw covariance,10 A.M. Automatic,blues,Interlude 5,r&b/soul,I'm A Winner (Amended Album Version),hip hop,Man In The Mirror,pop
raw covariance,Aeroplane Blues,blues,I Mean (I Don't Mean It),r&b/soul,B-Boy Bouillabaisse: A.W.O.L. (2009 Digital Remaster),hip hop,I Wanna Know,r&b/soul
raw covariance,All Hands Against His Own,blues,Interlude 5,r&b/soul,I'm A Winner (Amended Album Version),hip hop,My Darling,hip hop
raw covariance,Black Door,blues,I Wanna Know,r&b/soul,Interlude 5,r&b/soul,Everytime I...,r&b/soul
raw covariance,Busted,blues,Interlude 5,r&b/soul,I'm A Winner (Amended Album Version),hip hop,I Want You,r&b/soul
raw covariance,Give Your Heart Away,blues,Man In The Mirror,pop,Interlude 5,r&b/soul,I'm A Winner (Amended Album Version),hip hop
raw covariance,Grown So Ugly,blues,Interlude 5,r&b/soul,B-Boy Bouillabaisse: A.W.O.L. (2009 Digital Remaster),hip hop,My Darling,hip hop
raw covariance,Hard Row,blues,Interlude 5,r&b/soul,I'm A Winner (Amended Album Version),hip hop,Man In The Mirror,pop
raw covariance,I Got Mine,blues,Everytime I...,r&b/soul,I Want You,r&b/soul,8 Mile,hip hop
raw covariance,If You See Me,blues,I'm A Winner (Amended Album Version),hip hop,Interlude 5,r&b/soul,I Want You,r&b/soul
raw covariance,Lies,blues,Interlude 5,r&b/soul,I'm A Winner (Amended Album Version),hip hop,B-Boy Bouillabaisse: A.W.O.L. (2009 Digital Remaster),hip hop
raw covariance,Next Girl,blues,B-Boy Bouillabaisse: A.W.O.L. (2009 Digital Remaster),hip hop,The Girls,electronic,8 Mile,hip hop
raw covariance,No Fun,blues,Miss You,latin,Breakaway,pop,Kozmic Blues,blues
raw covariance,Stack Shot Billy,blues,Interlude 5,r&b/soul,Otha Fish,hip hop,B-Boy Bouillabaisse: A.W.O.L. (2009 Digital Remaster),hip hop
raw covariance,Ten Cent Pistol,blues,Queen Of Hollywood ( LP Version ),pop,She Ain't Afraid,hip hop,B-Boy Bouillabaisse: A.W.O.L. (2009 Digital Remaster),hip hop
raw covariance,The Flame,blues,Interlude 5,r&b/soul,I'm A Winner (Amended Album Version),hip hop,Hold Me Down (Album Version),r&b/soul
raw covariance,These Days,blues,Interlude 5,r&b/soul,B-Boy Bouillabaisse: A.W.O.L. (2009 Digital Remaster),hip hop,I Want You,r&b/soul
raw covariance,When The Lights Go Out,blues,Interlude 5,r&b/soul,I'm A Winner (Amended Album Version),hip hop,I Want You,r&b/soul
raw covariance,Have Love Will Travel,blues,I Want You,r&b/soul,Interlude 5,r&b/soul,I'm A Winner (Amended Album Version),hip hop
raw covariance,C.C. Rider,blues,Interlude 5,r&b/soul,I'm A Winner (Amended Album Version),hip hop,I Want You,r&b/soul
raw covariance,I Got a Woman,blues,B-Boy Bouillabaisse: A.W.O.L. (2009 Digital Remaster),hip hop,She Ain't Afraid,hip hop,8 Mile,hip hop
raw covariance,The Sun's Gonna Shine Again,blues,Interlude 5,r&b/soul,I'm A Winner (Amended Album Version),hip hop,I Want You,r&b/soul
raw covariance,Losing Hand,blues,Interlude 5,r&b/soul,I'm A Winner (Amended Album Version),hip hop,I Want You,r&b/soul
raw covariance,Nobody But Me (Album Version),blues,Interlude 5,r&b/soul,I Want You,r&b/soul,I'm A Winner (Amended Album Version),hip hop
raw covariance,A Sunday Kind of Love,blues,Interlude 5,r&b/soul,B-Boy Bouillabaisse: A.W.O.L. (2009 Digital Remaster),hip hop,8 Mile,hip hop
raw covariance,I Just Want To Make Love To You,blues,Interlude 5,r&b/soul,I'm A Winner (Amended Album Version),hip hop,I Want You,r&b/soul
raw covariance,My Dearest Darling,blues,I'm A Winner (Amended Album Version),hip hop,My Darling,hip hop,Interlude 5,r&b/soul
raw covariance,W.O.M.A.N.,blues,Interlude 5,r&b/soul,Cut And Run,punk,I'm A Winner (Amended Album Version),hip hop
raw covariance,Alberta,blues,Interlude 5,r&b/soul,I'm A Winner (Amended Album Version),hip hop,My Darling,hip hop
raw covariance,Before You Accuse Me (Take A Look At Yourself),blues,Interlude 5,r&b/soul,My Darling,hip hop,I'm A Winner (Amended Album Version),hip hop
raw covariance,Early In The Morning,blues,Interlude 5,r&b/soul,B-Boy Bouillabaisse: A.W.O.L. (2009 Digital Remaster),hip hop,Hold Me Down (Album Version),r&b/soul
raw covariance,Floating Bridge,blues,Interlude 5,r&b/soul,B-Boy Bouillabaisse: A.W.O.L. (2009 Digital Remaster),hip hop,8 Mile,hip hop
raw covariance,Kind Hearted Woman Blues (Album Version),blues,Interlude 5,r&b/soul,B-Boy Bouillabaisse: A.W.O.L. (2009 Digital Remaster),hip hop,I Want You,r&b/soul
raw covariance,That's All (Album Version),classical,Interlude 5,r&b/soul,I'm A Winner (Amended Album Version),hip hop,Man In The Mirror,pop
raw covariance,America (Revised Live Version),classical,Interlude 5,r&b/soul,B-Boy Bouillabaisse: A.W.O.L. (2009 Digital Remaster),hip hop,8 Mile,hip hop
raw covariance,Broken Vow (Album Version),classical,Interlude 5,r&b/soul,I'm A Winner (Amended Album Version),hip hop,I Want You,r&b/soul
raw covariance,Gira Con Me Questa Notte (Album Version),classical,Move On,pop,Horse With No Name,reggae,Istruzioni Per L'(Ill)uso,hip hop
raw covariance,Hymne A L'Amour (Album Version),classical,Yakamonéyé,reggae,L'Amour Du Risque,hip hop,Panam All Star,hip hop
raw covariance,It Came Upon A Midnight Clear (Album Version),classical,Weak Become Heroes,hip hop,Sing,pop,Sing A Song,country
raw covariance,Let Me Fall (From Cirque du Soleil) (Album Version),classical,8 Mile,hip hop,Everytime I...,r&b/soul,B-Boy Bouillabaisse: A.W.O.L. (2009 Digital Remaster),hip hop
raw covariance,Mi Mancherai (Il Postino) (Revised Live Version),classical,Luv Me Up,reggae,Sinan Capudan Pascià,folk,Te Ando Buscando,reggae
raw covariance,My Confession (Album Version),classical,B-Boy Bouillabaisse: A.W.O.L. (2009 Digital Remaster),hip hop,Everytime I...,r&b/soul,8 Mile,hip hop
raw covariance,Oceano (Revised Live Version),classical,Quelli Che,hip hop,Sinan Capudan Pascià,folk,Istruzioni Per L'(Ill)uso,hip hop
raw covariance,Remember When It Rained (Album Version),classical,Interlude 5,r&b/soul,Man In The Mirror,pop,B-Boy Bouillabaisse: A.W.O.L. (2009 Digital Remaster),hip hop
raw covariance,Remember When It Rained (Revised Live Version),classical,Interlude 5,r&b/soul,Man In The Mirror,pop,B-Boy Bouillabaisse: A.W.O.L. (2009 Digital Remaster),hip hop
raw covariance,Smile,classical,Interlude 5,r&b/soul,I'm A Winner (Amended Album Version),hip hop,Spitfall,metal
raw covariance,Solo Por Ti (Album Version),classical,Move On,pop,Horse With No Name,reggae,Dale tiempo al rumor,hip hop
raw covariance,Un Giorno Per Noi (Album Version),classical,Sinan Capudan Pascià,folk,Move On,pop,Otha Fish,hip hop
raw covariance,Vincent (Starry_ Starry Night) (Album Version),classical,Interlude 5,r&b/soul,B-Boy Bouillabaisse: A.W.O.L. (2009 Digital Remaster),hip hop,My Darling,hip hop
raw covariance,When You Say You Love Me (Album Version),classical,Interlude 5,r&b/soul,I'm A Winner (Amended Album Version),hip hop,I Want You,r&b/soul
raw covariance,You Raise Me Up (Album Version),classical,I'm A Winner (Amended Album Version),hip hop,Interlude 5,r&b/soul,B-Boy Bouillabaisse: A.W.O.L. (2009 Digital Remaster),hip hop
raw covariance,Believe (Album Version),classical,Interlude 5,r&b/soul,I'm A Winner (Amended Album Version),hip hop,Move (If You Wanna),hip hop
raw covariance,Away In A Manger,classical,Interlude 5,r&b/soul,B-Boy Bouillabaisse: A.W.O.L. (2009 Digital Remaster),hip hop,8 Mile,hip hop
raw covariance,Cinema Paradiso (Se) (Album Version),classical,Istruzioni Per L'(Ill)uso,hip hop,Quelli Che,hip hop,Sinan Capudan Pascià,folk
raw covariance,All Around Me,classical,Interlude 5,r&b/soul,I'm A Winner (Amended Album Version),hip hop,I Want You,r&b/soul
raw covariance,Black Opera,classical,I'm A Winner (Amended Album Version),hip hop,Interlude 5,r&b/soul,I Want You,r&b/soul
raw covariance,Baal's Hymn,classical,Interlude 5,r&b/soul,B-Boy Bouillabaisse: A.W.O.L. (2009 Digital Remaster),hip hop,Ice Is Workin' It,hip hop
raw covariance,Adagio,classical,Istruzioni Per L'(Ill)uso,hip hop,Quelli Che,hip hop,Sinan Capudan Pascià,folk
raw covariance,Adeste Fideles,classical,It's A Party,hip hop,Tell Your Momma Come,hip hop,Aguas De Marco,latin
raw covariance,All By Myself (Solo Otra Vez),classical,El Negro Está Cocinando,latin,Gitana,latin,Horse With No Name,reggae
raw covariance,Amazing Grace,classical,Interlude 5,r&b/soul,B-Boy Bouillabaisse: A.W.O.L. (2009 Digital Remaster),hip hop,Splurge,hip hop
raw covariance,Angelina,classical,Dale tiempo al rumor,hip hop,Cantando,hip hop,El Negro Está Cocinando,latin
raw covariance,Ave Maria,classical,Move On,pop,Horse With No Name,reggae,Istruzioni Per L'(Ill)uso,hip hop
raw covariance,Caruso,classical,Istruzioni Per L'(Ill)uso,hip hop,Sinan Capudan Pascià,folk,Move On,pop
raw covariance,Come Primavera,classical,Move On,pop,Horse With No Name,reggae,Mother Nature,reggae
raw covariance,Dentro Un Altro Si,classical,Quelli Che,hip hop,Istruzioni Per L'(Ill)uso,hip hop,Sinan Capudan Pascià,folk
raw covariance,En Aranjuez Con Tu Amor,classical,Dale tiempo al rumor,hip hop,Cantando,hip hop,Lloré Lloré,latin
raw covariance,Enamorado,classical,Te Vuelvo Loca,reggae,Dale tiempo al rumor,hip hop,Gitana,latin
raw covariance,Esisti Dentro Me,classical,Tu Sonrisa,latin,Como Y Vete,reggae,Tu Amor (Hecho En Madrid),latin
raw covariance,Everytime I Look At You,classical,Interlude 5,r&b/soul,B-Boy Bouillabaisse: A.W.O.L. (2009 Digital Remaster),hip hop,I'm A Winner (Amended Album Version),hip hop
raw covariance,Feelings,classical,I've Grown Accustomed To Her Face,jazz,Can U Feel It?,jazz,Istruzioni Per L'(Ill)uso,hip hop
raw covariance,Hallelujah (Aleluya),classical,Dale tiempo al rumor,hip hop,Cantando,hip hop,Lloré Lloré,latin
raw covariance,Hasta Mi Final,classical,Dale tiempo al rumor,hip hop,Te Vuelvo Loca,reggae,Cantando,hip hop
raw covariance,Crazier,country,Interlude 5,r&b/soul,I'm A Winner (Amended Album Version),hip hop,Hold Me Down (Album Version),r&b/soul
raw covariance,Fifteen,country,Interlude 5,r&b/soul,I'm A Winner (Amended Album Version),hip hop,My Darling,hip hop
raw covariance,Change,country,Interlude 5,r&b/soul,Ice Is Workin' It,hip hop,Touch It / Technologic,electronic
raw covariance,You Can't Read My Mind,country,Interlude 5,r&b/soul,I'm A Winner (Amended Album Version),hip hop,B-Boy Bouillabaisse: A.W.O.L. (2009 Digital Remaster),hip hop
raw covariance,Man In White,country,Interlude 5,r&b/soul,B-Boy Bouillabaisse: A.W.O.L. (2009 Digital Remaster),hip hop,8 Mile,hip hop
raw covariance,Holes,country,Interlude 5,r&b/soul,B-Boy Bouillabaisse: A.W.O.L. (2009 Digital Remaster),hip hop,I'm A Winner (Amended Album Version),hip hop
raw covariance,Baby Girl,country,Interlude 5,r&b/soul,B-Boy Bouillabaisse: A.W.O.L. (2009 Digital Remaster),hip hop,I'm A Winner (Amended Album Version),hip hop
raw covariance,Growin' Up Down There,country,Interlude 5,r&b/soul,B-Boy Bouillabaisse: A.W.O.L. (2009 Digital Remaster),hip hop,I'm A Winner (Amended Album Version),hip hop
raw covariance,Hangin' Around,country,Interlude 5,r&b/soul,I'm A Winner (Amended Album Version),hip hop,I Want You,r&b/soul
raw covariance,Here I Am,country,Interlude 5,r&b/soul,B-Boy Bouillabaisse: A.W.O.L. (2009 Digital Remaster),hip hop,I'm A Winner (Amended Album Version),hip hop
raw covariance,She's Got A Way With Me,country,Interlude 5,r&b/soul,B-Boy Bouillabaisse: A.W.O.L. (2009 Digital Remaster),hip hop,By The Way,hip hop
raw covariance,That's How Country Boys Roll,country,Interlude 5,r&b/soul,Man In The Mirror,pop,B-Boy Bouillabaisse: A.W.O.L. (2009 Digital Remaster),hip hop
raw covariance,Where The Girls Are,country,Interlude 5,r&b/soul,B-Boy Bouillabaisse: A.W.O.L. (2009 Digital Remaster),hip hop,My Darling,hip hop
raw covariance,Daddy Sang Bass,country,Interlude 5,r&b/soul,B-Boy Bouillabaisse: A.W.O.L. (2009 Digital Remaster),hip hop,Otha Fish,hip hop
raw covariance,I Don't Know Where I'm Bound,country,8 Mile,hip hop,B-Boy Bouillabaisse: A.W.O.L. (2009 Digital Remaster),hip hop,I Mean (I Don't Mean It),r&b/soul
raw covariance,I Was There When It Happened,country,Interlude 5,r&b/soul,B-Boy Bouillabaisse: A.W.O.L. (2009 Digital Remaster),hip hop,8 Mile,hip hop
raw covariance,The Big Battle,country,Interlude 5,r&b/soul,B-Boy Bouillabaisse: A.W.O.L. (2009 Digital Remaster),hip hop,My Darling,hip hop
raw covariance,A Thing Called Love,country,Interlude 5,r&b/soul,Man In The Mirror,pop,B-Boy Bouillabaisse: A.W.O.L. (2009 Digital Remaster),hip hop
raw covariance,You Dreamer You,country,Interlude 5,r&b/soul,I'm A Winner (Amended Album Version),hip hop,I Want You,r&b/soul
raw covariance,I Walk The Line,country,Interlude 5,r&b/soul,I'm A Winner (Amended Album Version),hip hop,B-Boy Bouillabaisse: A.W.O.L. (2009 Digital Remaster),hip hop
raw covariance,Life's Railway To Heaven,country,Interlude 5,r&b/soul,Otha Fish,hip hop,Man In The Mirror,pop
raw covariance,If I Had Wings,country,B-Boy Bouillabaisse: A.W.O.L. (2009 Digital Remaster),hip hop,Everytime I...,r&b/soul,Interlude 5,r&b/soul
raw covariance,Pray About Everything,country,Never Wanted to Dance,punk,I Mean (I Don't Mean It),r&b/soul,Interlude 5,r&b/soul
raw covariance,Your Everything,country,Interlude 5,r&b/soul,I'm A Winner (Amended Album Version),hip hop,B-Boy Bouillabaisse: A.W.O.L. (2009 Digital Remaster),hip hop
raw covariance,A Little Too Late,country,Interlude 5,r&b/soul,Over It (Acoustic),punk,Man In The Mirror,pop
raw covariance,Who's Your Daddy?,country,Interlude 5,r&b/soul,Cancel (Album Version),r&b/soul,My Darling,hip hop
raw covariance,A Woman's Touch,country,Interlude 5,r&b/soul,B-Boy Bouillabaisse: A.W.O.L. (2009 Digital Remaster),hip hop,8 Mile,hip hop
raw covariance,Big Ol' Truck,country,B-Boy Bouillabaisse: A.W.O.L. (2009 Digital Remaster),hip hop,Interlude 5,r&b/soul,She Ain't Afraid,hip hop
raw covariance,Blue Bedroom,country,Interlude 5,r&b/soul,I'm A Winner (Amended Album Version),hip hop,My Darling,hip hop
raw covariance,It's All Good,country,Interlude 5,r&b/soul,B-Boy Bouillabaisse: A.W.O.L. (2009 Digital Remaster),hip hop,Ice Is Workin' It,hip hop
raw covariance,Sweet,country,Interlude 5,r&b/soul,B-Boy Bouillabaisse: A.W.O.L. (2009 Digital Remaster),hip hop,I'm A Winner (Amended Album Version),hip hop
raw covariance,You Shouldn't Kiss Me Like This,country,Interlude 5,r&b/soul,I'm A Winner (Amended Album Version),hip hop,B-Boy Bouillabaisse: A.W.O.L. (2009 Digital Remaster),hip hop
raw covariance,A Real Fine Place To Start,country,Interlude 5,r&b/soul,I'm A Winner (Amended Album Version),hip hop,I Want You,r&b/soul
raw covariance,Endless love,country,Interlude 5,r&b/soul,I'm A Winner (Amended Album Version),hip hop,I Want You,r&b/soul
raw covariance,Love Gets In The Way (Album Version),country,I'm A Winner (Amended Album Version),hip hop,B-Boy Bouillabaisse: A.W.O.L. (2009 Digital Remaster),hip hop,Interlude 5,r&b/soul
raw covariance,I'd Like To Have That One Back,country,Interlude 5,r&b/soul,B-Boy Bouillabaisse: A.W.O.L. (2009 Digital Remaster),hip hop,8 Mile,hip hop
raw covariance,Marina Del Rey,country,Interlude 5,r&b/soul,B-Boy Bouillabaisse: A.W.O.L. (2009 Digital Remaster),hip hop,Otha Fish,hip hop
raw covariance,Milk Cow Blues,country,Interlude 5,r&b/soul,I'm A Winner (Amended Album Version),hip hop,B-Boy Bouillabaisse: A.W.O.L. (2009 Digital Remaster),hip hop
raw covariance,Another Try,country,B-Boy Bouillabaisse: A.W.O.L. (2009 Digital Remaster),hip hop,8 Mile,hip hop,Everytime I...,r&b/soul
raw covariance,As Fast As I Could,country,Interlude 5,r&b/soul,B-Boy Bouillabaisse: A.W.O.L. (2009 Digital Remaster),hip hop,I'm A Winner (Amended Album Version),hip hop
raw covariance,One More Time / Aerodynamic,electronic,Interlude 5,r&b/soul,Hold Me Down (Album Version),r&b/soul,One Tribe,hip hop
raw covariance,One More Time (Romanthony's Unplugged),electronic,Interlude 5,r&b/soul,I'm A Winner (Amended Album Version),hip hop,One of Us,hip hop
raw covariance,Touch It / Technologic,electronic,Ice Is Workin' It,hip hop,Shake It And Break It,blues,If It Aint Broke Break It,rock
raw covariance,Boots &  Boys,electronic,Interlude 5,r&b/soul,B-Boy Bouillabaisse: A.W.O.L. (2009 Digital Remaster),hip hop,Splurge,hip hop
raw covariance,Animal,electronic,Interlude 5,r&b/soul,B-Boy Bouillabaisse: A.W.O.L. (2009 Digital Remaster),hip hop,8 Mile,hip hop
raw covariance,Hot N Cold (Innerpartysystem Main),electronic,Interlude 5,r&b/soul,I'm A Winner (Amended Album Version),hip hop,My Darling,hip hop
raw covariance,Captains and Cruise Ships,electronic,Interlude 5,r&b/soul,I'm A Winner (Amended Album Version),hip hop,B-Boy Bouillabaisse: A.W.O.L. (2009 Digital Remaster),hip hop
raw covariance,Designer Skyline,electronic,Interlude 5,r&b/soul,B-Boy Bouillabaisse: A.W.O.L. (2009 Digital Remaster),hip hop,Splurge,hip hop
raw covariance,Early Birdie,electronic,Interlude 5,r&b/soul,B-Boy Bouillabaisse: A.W.O.L. (2009 Digital Remaster),hip hop,I'm A Winner (Amended Album Version),hip hop
raw covariance,Meteor Shower,electronic,I Want You,r&b/soul,B-Boy Bouillabaisse: A.W.O.L. (2009 Digital Remaster),hip hop,Interlude 5,r&b/soul
raw covariance,This Is The Future,electronic,Interlude 5,r&b/soul,My Darling,hip hop,Spitfall,metal
raw covariance,Kings and Queens (Innerpartysystem Remix Main),electronic,Interlude 5,r&b/soul,One of Us,hip hop,Crazy World,electronic
raw covariance,Bounce,electronic,Interlude 5,r&b/soul,B-Boy Bouillabaisse: A.W.O.L. (2009 Digital Remaster),hip hop,I'm A Winner (Amended Album Version),hip hop
raw covariance,Vanished,electronic,Interlude 5,r&b/soul,B-Boy Bouillabaisse: A.W.O.L. (2009 Digital Remaster),hip hop,My Darling,hip hop
raw covariance,Xxzxcuzx,electronic,Interlude 5,r&b/soul,B-Boy Bouillabaisse: A.W.O.L. (2009 Digital Remaster),hip hop,I'm A Winner (Amended Album Version),hip hop
raw covariance,Die Another Day [Live],electronic,Everytime I...,r&b/soul,8 Mile,hip hop,B-Boy Bouillabaisse: A.W.O.L. (2009 Digital Remaster),hip hop
raw covariance,Perfect (Nellee Hooper Instrumental),electronic,Interlude 5,r&b/soul,I Want You,r&b/soul,I'm A Winner (Amended Album Version),hip hop
raw covariance,Love At First Sight (The Scumfrog's Beauty And The Beast Vocal Edit),electronic,Interlude 5,r&b/soul,I'm A Winner (Amended Album Version),hip hop,B-Boy Bouillabaisse: A.W.O.L. (2009 Digital Remaster),hip hop
raw covariance,I Am Not A Whore,electronic,8 Mile,hip hop,Over It (Acoustic),punk,Everytime I...,r&b/soul
raw covariance,Fever,electronic,Touch It / Technologic,electronic,I'm A Winner (Amended Album Version),hip hop,Ice Is Workin' It,hip hop
raw covariance,Freestate,electronic,Cancel (Album Version),r&b/soul,Acid 8000,electronic,All Day Sucker,r&b/soul
raw covariance,Personal Jesus,electronic,Interlude 5,r&b/soul,My Darling,hip hop,B-Boy Bouillabaisse: A.W.O.L. (2009 Digital Remaster),hip hop
raw covariance,Broken,electronic,Interlude 5,r&b/soul,I'm A Winner (Amended Album Version),hip hop,B-Boy Bouillabaisse: A.W.O.L. (2009 Digital Remaster),hip hop
raw covariance,Kids With Guns (Quiet Village Remix),electronic,Touch It / Technologic,electronic,Ice Is Workin' It,hip hop,Shake It And Break It,blues
raw covariance,Rhinestone Eyes,electronic,Interlude 5,r&b/soul,B-Boy Bouillabaisse: A.W.O.L. (2009 Digital Remaster),hip hop,Otha Fish,hip hop
raw covariance,Invaders Must Die,electronic,NDW 2005,hip hop,Stand,r&b/soul,The Earth Dies Screaming,reggae
raw covariance,Wake Up Call (Album Version),electronic,Interlude 5,r&b/soul,I'm A Winner (Amended Album Version),hip hop,Do The Bartman,hip hop
raw covariance,We Gonna Rock,electronic,Stop The Rock,electronic,Here We Go,punk,It's A Party,hip hop
raw covariance,The Great Collapse,electronic,Interlude 5,r&b/soul,Ice Is Workin' It,hip hop,Touch It / Technologic,electronic
raw covariance,Electric Barbarella (Radio Edit),electronic,Interlude 5,r&b/soul,I'm A Winner (Amended Album Version),hip hop,B-Boy Bouillabaisse: A.W.O.L. (2009 Digital Remaster),hip hop
raw covariance,Pluto,electronic,8 Mile,hip hop,Interlude 5,r&b/soul,Everytime I...,r&b/soul
raw covariance,Delta Bay,electronic,Otha Fish,hip hop,I'm A Winner (Amended Album Version),hip hop,B-Boy Bouillabaisse: A.W.O.L. (2009 Digital Remaster),hip hop
raw covariance,We Are The People (Shazam Remix),electronic,Interlude 5,r&b/soul,I'm A Winner (Amended Album Version),hip hop,I Want You,r&b/soul
raw covariance,You Left Me,electronic,Interlude 5,r&b/soul,Hold Me Down (Album Version),r&b/soul,That's What You Told Me,pop
raw covariance,The Warning,electronic,I'm A Winner (Amended Album Version),hip hop,Interlude 5,r&b/soul,B-Boy Bouillabaisse: A.W.O.L. (2009 Digital Remaster),hip hop
raw covariance,Keep It On Ice,electronic,B-Boy Bouillabaisse: A.W.O.L. (2009 Digital Remaster),hip hop,Acid 8000,electronic,New Town,rock
raw covariance,The Jester,electronic,Interlude 5,r&b/soul,B-Boy Bouillabaisse: A.W.O.L. (2009 Digital Remaster),hip hop,I'm A Winner (Amended Album Version),hip hop
raw covariance,Lazy Days,electronic,Interlude 5,r&b/soul,Ice Is Workin' It,hip hop,Touch It / Technologic,electronic
raw covariance,Someone Said Goodbye,electronic,Interlude 5,r&b/soul,I Want You,r&b/soul,I'm A Winner (Amended Album Version),hip hop
raw covariance,The Magic Of The Night,electronic,Interlude 5,r&b/soul,Otha Fish,hip hop,I'm A Winner (Amended Album Version),hip hop
raw covariance,Gave It A Name,folk,Interlude 5,r&b/soul,Ice Is Workin' It,hip hop,Touch It / Technologic,electronic
raw covariance,The Vanishing Race,folk,B-Boy Bouillabaisse: A.W.O.L. (2009 Digital Remaster),hip hop,Interlude 5,r&b/soul,8 Mile,hip hop
raw covariance,All We Ever Do Is Say Goodbye,folk,Interlude 5,r&b/soul,I Want You,r&b/soul,Don't You Say No,r&b/soul
raw covariance,Clarity,folk,I Mean (I Don't Mean It),r&b/soul,B-Boy Bouillabaisse: A.W.O.L. (2009 Digital Remaster),hip hop,Interlude 5,r&b/soul
raw covariance,Why Georgia,folk,8 Mile,hip hop,Over It (Acoustic),punk,B-Boy Bouillabaisse: A.W.O.L. (2009 Digital Remaster),hip hop
raw covariance,Mudfootball (For Moe Lerner),folk,Interlude 5,r&b/soul,B-Boy Bouillabaisse: A.W.O.L. (2009 Digital Remaster),hip hop,Man In The Mirror,pop
raw covariance,Sister Winter,folk,Interlude 5,r&b/soul,B-Boy Bouillabaisse: A.W.O.L. (2009 Digital Remaster),hip hop,I'm A Winner (Amended Album Version),hip hop
raw covariance,In A Graveyard,folk,Interlude 5,r&b/soul,One of Us,hip hop,B-Boy Bouillabaisse: A.W.O.L. (2009 Digital Remaster),hip hop
raw covariance,Baby,folk,Interlude 5,r&b/soul,I'm A Winner (Amended Album Version),hip hop,I Want You,r&b/soul
raw covariance,Janglin,folk,Interlude 5,r&b/soul,We Gonna Rock,electronic,My Darling,hip hop
raw covariance,Ballad In Plain D,folk,B-Boy Bouillabaisse: A.W.O.L. (2009 Digital Remaster),hip hop,Interlude 5,r&b/soul,8 Mile,hip hop
raw covariance,One Of Us Must Know (Sooner Or Later),folk,Interlude 5,r&b/soul,I'm A Winner (Amended Album Version),hip hop,I Want You,r&b/soul
raw covariance,It's Growing,folk,Interlude 5,r&b/soul,Touch It / Technologic,electronic,Ice Is Workin' It,hip hop
raw covariance,Oh_ Susannah (LP Version),folk,B-Boy Bouillabaisse: A.W.O.L. (2009 Digital Remaster),hip hop,Interlude 5,r&b/soul,I'm A Winner (Amended Album Version),hip hop
raw covariance,Something In The Way She Moves,folk,Interlude 5,r&b/soul,B-Boy Bouillabaisse: A.W.O.L. (2009 Digital Remaster),hip hop,She Ain't Afraid,hip hop
raw covariance,Draw The Line,folk,Interlude 5,r&b/soul,B-Boy Bouillabaisse: A.W.O.L. (2009 Digital Remaster),hip hop,Cancel (Album Version),r&b/soul
raw covariance,Sail Away,folk,The Rockafeller Skank,electronic,Interlude 5,r&b/soul,Hold Me Down (Album Version),r&b/soul
raw covariance,Stella The Artist,folk,Interlude 5,r&b/soul,B-Boy Bouillabaisse: A.W.O.L. (2009 Digital Remaster),hip hop,She Ain't Afraid,hip hop
raw covariance,Swing Life Away (Acoustic),folk,Interlude 5,r&b/soul,B-Boy Bouillabaisse: A.W.O.L. (2009 Digital Remaster),hip hop,I'm A Winner (Amended Album Version),hip hop
raw covariance,Billy 4,folk,Interlude 5,r&b/soul,I'm A Winner (Amended Album Version),hip hop,Spitfall,metal
raw covariance,Stuck Inside Of Mobile With The Memphis Blues Again,folk,Interlude 5,r&b/soul,B-Boy Bouillabaisse: A.W.O.L. (2009 Digital Remaster),hip hop,I'm A Winner (Amended Album Version),hip hop
raw covariance,Pretty Peggy-O,folk,Interlude 5,r&b/soul,Cancel (Album Version),r&b/soul,My Darling,hip hop
raw covariance,She Belongs To Me,folk,She Ain't Afraid,hip hop,She Luv It,hip hop,Queen Of Hollywood ( LP Version ),pop
raw covariance,When The Deal Goes Down,folk,Interlude 5,r&b/soul,B-Boy Bouillabaisse: A.W.O.L. (2009 Digital Remaster),hip hop,I'm A Winner (Amended Album Version),hip hop
raw covariance,With God On Our Side,folk,Interlude 5,r&b/soul,B-Boy Bouillabaisse: A.W.O.L. (2009 Digital Remaster),hip hop,Ice Is Workin' It,hip hop
raw covariance,Terrapin,folk,Interlude 5,r&b/soul,I'm A Winner (Amended Album Version),hip hop,I Want You,r&b/soul
raw covariance,On The 4th of July,folk,Interlude 5,r&b/soul,One of Us,hip hop,B-Boy Bouillabaisse: A.W.O.L. (2009 Digital Remaster),hip hop
raw covariance,Company Man,folk,Interlude 5,r&b/soul,I'm A Winner (Amended Album Version),hip hop,Man In The Mirror,pop
raw covariance,Ace,folk,Interlude 5,r&b/soul,B-Boy Bouillabaisse: A.W.O.L. (2009 Digital Remaster),hip hop,Man In The Mirror,pop
raw covariance,How Do You Keep Love Alive,folk,I'm A Winner (Amended Album Version),hip hop,Interlude 5,r&b/soul,I Want You,r&b/soul
raw covariance,When The Stars Go Blue,folk,I'm A Winner (Amended Album Version),hip hop,Interlude 5,r&b/soul,I Want You,r&b/soul
raw covariance,Forever My Friend,folk,Interlude 5,r&b/soul,8 Mile,hip hop,B-Boy Bouillabaisse: A.W.O.L. (2009 Digital Remaster),hip hop
raw covariance,How Come [Acoustic Mix],folk,Interlude 5,r&b/soul,B-Boy Bouillabaisse: A.W.O.L. (2009 Digital Remaster),hip hop,8 Mile,hip hop
raw covariance,Chelsea Hotel #2,folk,Interlude 5,r&b/soul,I'm A Winner (Amended Album Version),hip hop,I Want You,r&b/soul
raw covariance,Lethal Enforcer (Live From Union Chapel_ London),folk,Interlude 5,r&b/soul,I'm A Winner (Amended Album Version),hip hop,Ice Is Workin' It,hip hop
raw covariance,Change,folk,Interlude 5,r&b/soul,I Want You,r&b/soul,B-Boy Bouillabaisse: A.W.O.L. (2009 Digital Remaster),hip hop
raw covariance,Under The Weather,folk,Interlude 5,r&b/soul,I'm A Winner (Amended Album Version),hip hop,B-Boy Bouillabaisse: A.W.O.L. (2009 Digital Remaster),hip hop
raw covariance,So Sister,folk,B-Boy Bouillabaisse: A.W.O.L. (2009 Digital Remaster),hip hop,Interlude 5,r&b/soul,I Want You,r&b/soul
raw covariance,Lost Tonight,folk,Interlude 5,r&b/soul,I'm A Winner (Amended Album Version),hip hop,I Want You,r&b/soul
raw covariance,Sunnyside Of The Street,folk,B-Boy Bouillabaisse: A.W.O.L. (2009 Digital Remaster),hip hop,8 Mile,hip hop,Interlude 5,r&b/soul
raw covariance,Can't Tell Me Nothing,hip hop,Interlude 5,r&b/soul,I'm A Winner (Amended Album Version),hip hop,Move On,pop
raw covariance,Graduation Day,hip hop,Interlude 5,r&b/soul,I'm A Winner (Amended Album Version),hip hop,I Want You,r&b/soul
raw covariance,Wake Up Mr. West,hip hop,Interlude 5,r&b/soul,I'm A Winner (Amended Album Version),hip hop,I Want You,r&b/soul
raw covariance,A8,hip hop,Interlude 5,r&b/soul,I'm A Winner (Amended Album Version),hip hop,I Want You,r&b/soul
raw covariance,Boom Boom Guetta,hip hop,Let's Get Crazy,hip hop,The Girls,electronic,I'm A Winner (Amended Album Version),hip hop
raw covariance,Communication,hip hop,Interlude 5,r&b/soul,Touch It / Technologic,electronic,Ice Is Workin' It,hip hop
raw covariance,One Tribe,hip hop,One of Us,hip hop,Interlude 5,r&b/soul,All For One (Explicit) (2006 Remastered LP Version),hip hop
raw covariance,Sexy,hip hop,Interlude 5,r&b/soul,I'm A Winner (Amended Album Version),hip hop,B-Boy Bouillabaisse: A.W.O.L. (2009 Digital Remaster),hip hop
raw covariance,Tell Your Momma Come,hip hop,Interlude 5,r&b/soul,It's A Party,hip hop,Cancel (Album Version),r&b/soul
raw covariance,The Apl Song,hip hop,Interlude 5,r&b/soul,B-Boy Bouillabaisse: A.W.O.L. (2009 Digital Remaster),hip hop,Ice Is Workin' It,hip hop
raw covariance,Diamonds From Sierra Leone,hip hop,Interlude 5,r&b/soul,B-Boy Bouillabaisse: A.W.O.L. (2009 Digital Remaster),hip hop,I'm A Winner (Amended Album Version),hip hop
raw covariance,If I Had,hip hop,B-Boy Bouillabaisse: A.W.O.L. (2009 Digital Remaster),hip hop,Interlude 5,r&b/soul,One of Us,hip hop
raw covariance,Ken Kaniff,hip hop,Interlude 5,r&b/soul,B-Boy Bouillabaisse: A.W.O.L. (2009 Digital Remaster),hip hop,Splurge,hip hop
raw covariance,My Darling,hip hop,Interlude 5,r&b/soul,I'm A Winner (Amended Album Version),hip hop,B-Boy Bouillabaisse: A.W.O.L. (2009 Digital Remaster),hip hop
raw covariance,8 Mile,hip hop,B-Boy Bouillabaisse: A.W.O.L. (2009 Digital Remaster),hip hop,Interlude 5,r&b/soul,Everytime I...,r&b/soul
raw covariance,Love Was Here,hip hop,Interlude 5,r&b/soul,I'm A Winner (Amended Album Version),hip hop,I Want You,r&b/soul
raw covariance,Be With You,hip hop,Interlude 5,r&b/soul,B-Boy Bouillabaisse: A.W.O.L. (2009 Digital Remaster),hip hop,I'm A Winner (Amended Album Version),hip hop
raw covariance,Locked Up,hip hop,When I Get To Heaven (Remix) (Explicit),hip hop,Let Me Be,pop,Hold Me Down (Album Version),r&b/soul
raw covariance,So Ghetto,hip hop,Interlude 5,r&b/soul,B-Boy Bouillabaisse: A.W.O.L. (2009 Digital Remaster),hip hop,8 Mile,hip hop
raw covariance,Heart Of The City (Ain't No Love),hip hop,Interlude 5,r&b/soul,B-Boy Bouillabaisse: A.W.O.L. (2009 Digital Remaster),hip hop,8 Mile,hip hop
raw covariance,Rabbit Run,hip hop,Interlude 5,r&b/soul,B-Boy Bouillabaisse: A.W.O.L. (2009 Digital Remaster),hip hop,I'm A Winner (Amended Album Version),hip hop
raw covariance,Splurge,hip hop,Interlude 5,r&b/soul,I'm A Winner (Amended Album Version),hip hop,B-Boy Bouillabaisse: A.W.O.L. (2009 Digital Remaster),hip hop
raw covariance,St. Louie,hip hop,Interlude 5,r&b/soul,B-Boy Bouillabaisse: A.W.O.L. (2009 Digital Remaster),hip hop,I'm A Winner (Amended Album Version),hip hop
raw covariance,Wrap Sumden,hip hop,Interlude 5,r&b/soul,B-Boy Bouillabaisse: A.W.O.L. (2009 Digital Remaster),hip hop,8 Mile,hip hop
raw covariance,Soon You'll Understand,hip hop,Interlude 5,r&b/soul,I'm A Winner (Amended Album Version),hip hop,I Want You,r&b/soul
raw covariance,Encore,hip hop,Interlude 5,r&b/soul,I'm A Winner (Amended Album Version),hip hop,I Want You,r&b/soul
raw covariance,Say Now,hip hop,Interlude 5,r&b/soul,Man In The Mirror,pop,The Rockafeller Skank,electronic
raw covariance,Been There Done That,hip hop,Interlude 5,r&b/soul,B-Boy Bouillabaisse: A.W.O.L. (2009 Digital Remaster),hip hop,Man In The Mirror,pop
raw covariance,Magical,hip hop,Interlude 5,r&b/soul,All Day Sucker,r&b/soul,Love Is Wicked,r&b/soul
raw covariance,Over,hip hop,Interlude 5,r&b/soul,B-Boy Bouillabaisse: A.W.O.L. (2009 Digital Remaster),hip hop,I'm A Winner (Amended Album Version),hip hop
raw covariance,Wrap U Around Me,hip hop,Hold Me Down (Album Version),r&b/soul,That's What You Told Me,pop,Interlude 5,r&b/soul
raw covariance,Paper Planes,hip hop,Interlude 5,r&b/soul,B-Boy Bouillabaisse: A.W.O.L. (2009 Digital Remaster),hip hop,Splurge,hip hop
raw covariance,Set It Off,hip hop,Interlude 5,r&b/soul,Touch It / Technologic,electronic,B-Boy Bouillabaisse: A.W.O.L. (2009 Digital Remaster),hip hop
raw covariance,Ho,hip hop,Interlude 5,r&b/soul,Mambo Swing,jazz,I'm A Winner (Amended Album Version),hip hop
raw covariance,The What,hip hop,Interlude 5,r&b/soul,I'm A Winner (Amended Album Version),hip hop,B-Boy Bouillabaisse: A.W.O.L. (2009 Digital Remaster),hip hop
raw covariance,Rowdy Rowdy,hip hop,Interlude 5,r&b/soul,B-Boy Bouillabaisse: A.W.O.L. (2009 Digital Remaster),hip hop,I'm A Winner (Amended Album Version),hip hop
raw covariance,Bang Out,hip hop,Interlude 5,r&b/soul,B-Boy Bouillabaisse: A.W.O.L. (2009 Digital Remaster),hip hop,I'm A Winner (Amended Album Version),hip hop
raw covariance,Snoopafella (Edited),hip hop,Interlude 5,r&b/soul,B-Boy Bouillabaisse: A.W.O.L. (2009 Digital Remaster),hip hop,I'm A Winner (Amended Album Version),hip hop
raw covariance,Hair,hip hop,Interlude 5,r&b/soul,B-Boy Bouillabaisse: A.W.O.L. (2009 Digital Remaster),hip hop,I'm A Winner (Amended Album Version),hip hop
raw covariance,Happymess,hip hop,Interlude 5,r&b/soul,B-Boy Bouillabaisse: A.W.O.L. (2009 Digital Remaster),hip hop,I'm A Winner (Amended Album Version),hip hop
raw covariance,Put Your Head On My Shoulder (Album Version),jazz,Interlude 5,r&b/soul,Hold Me Down (Album Version),r&b/soul,That's What You Told Me,pop
raw covariance,Stuck In The Middle With You (Non-Album Track),jazz,Interlude 5,r&b/soul,I'm A Winner (Amended Album Version),hip hop,B-Boy Bouillabaisse: A.W.O.L. (2009 Digital Remaster),hip hop
raw covariance,You'll Never Find Another Love Like Mine (Album Version),jazz,Interlude 5,r&b/soul,I'm A Winner (Amended Album Version),hip hop,My Darling,hip hop
raw covariance,Kiss me baby,jazz,Hold Me Down (Album Version),r&b/soul,That's What You Told Me,pop,Interlude 5,r&b/soul
raw covariance,Let's Go,jazz,Interlude 5,r&b/soul,I'm A Winner (Amended Album Version),hip hop,Hold Me Down (Album Version),r&b/soul
raw covariance,Moon Over Miami,jazz,Interlude 5,r&b/soul,It's A Party,hip hop,We Gonna Rock,electronic
raw covariance,Hit That Jive Jack,jazz,Interlude 5,r&b/soul,B-Boy Bouillabaisse: A.W.O.L. (2009 Digital Remaster),hip hop,I'm A Winner (Amended Album Version),hip hop
raw covariance,The Christmas Song,jazz,Interlude 5,r&b/soul,B-Boy Bouillabaisse: A.W.O.L. (2009 Digital Remaster),hip hop,Man In The Mirror,pop
raw covariance,Too Young,jazz,Interlude 5,r&b/soul,B-Boy Bouillabaisse: A.W.O.L. (2009 Digital Remaster),hip hop,Indy 500,hip hop
raw covariance,Unforgettable,jazz,Interlude 5,r&b/soul,Man In The Mirror,pop,Otha Fish,hip hop
raw covariance,Autumn Leaves,jazz,Interlude 5,r&b/soul,B-Boy Bouillabaisse: A.W.O.L. (2009 Digital Remaster),hip hop,My Darling,hip hop
raw covariance,Love Is A Many Splendored Thing,jazz,Interlude 5,r&b/soul,Man In The Mirror,pop,B-Boy Bouillabaisse: A.W.O.L. (2009 Digital Remaster),hip hop
raw covariance,Smoke Gets in Your Eyes,jazz,B-Boy Bouillabaisse: A.W.O.L. (2009 Digital Remaster),hip hop,Interlude 5,r&b/soul,I'm A Winner (Amended Album Version),hip hop
raw covariance,If You Can't Smile And Say Yes,jazz,Interlude 5,r&b/soul,Don't You Say No,r&b/soul,My Darling,hip hop
raw covariance,She's Funny That Way,jazz,Interlude 5,r&b/soul,B-Boy Bouillabaisse: A.W.O.L. (2009 Digital Remaster),hip hop,My Darling,hip hop
raw covariance,The Ruby And The Pearl (2003 Digital Remaster),jazz,Interlude 5,r&b/soul,Expansion Team Theme,hip hop,B-Boy Bouillabaisse: A.W.O.L. (2009 Digital Remaster),hip hop
raw covariance,The Very Thought Of You,jazz,Interlude 5,r&b/soul,I'm A Winner (Amended Album Version),hip hop,New Town,rock
raw covariance,Rudolph The Red-Nosed Reindeer,jazz,Interlude 5,r&b/soul,I'm A Winner (Amended Album Version),hip hop,B-Boy Bouillabaisse: A.W.O.L. (2009 Digital Remaster),hip hop
raw covariance,December,jazz,I'm A Winner (Amended Album Version),hip hop,B-Boy Bouillabaisse: A.W.O.L. (2009 Digital Remaster),hip hop,Interlude 5,r&b/soul
raw covariance,Don't Know Why (Live),jazz,B-Boy Bouillabaisse: A.W.O.L. (2009 Digital Remaster),hip hop,I Mean (I Don't Mean It),r&b/soul,Everytime I...,r&b/soul
raw covariance,Humble Me,jazz,Interlude 5,r&b/soul,I'm A Winner (Amended Album Version),hip hop,Hold Me Down (Album Version),r&b/soul
raw covariance,I've Got To See You Again,jazz,Interlude 5,r&b/soul,I'm A Winner (Amended Album Version),hip hop,I Want You,r&b/soul
raw covariance,Sinkin' Soon (iTunes Live Session),jazz,We Gonna Rock,electronic,Interlude 5,r&b/soul,Hot N Cold (Innerpartysystem Main),electronic
raw covariance,The Long Way Home,jazz,Interlude 5,r&b/soul,I'm A Winner (Amended Album Version),hip hop,I Want You,r&b/soul
raw covariance,Those Sweet Words,jazz,Interlude 5,r&b/soul,I'm A Winner (Amended Album Version),hip hop,B-Boy Bouillabaisse: A.W.O.L. (2009 Digital Remaster),hip hop
raw covariance,Wish I Could (Live),jazz,Interlude 5,r&b/soul,B-Boy Bouillabaisse: A.W.O.L. (2009 Digital Remaster),hip hop,I'm A Winner (Amended Album Version),hip hop
raw covariance,My Dear Country,jazz,Interlude 5,r&b/soul,B-Boy Bouillabaisse: A.W.O.L. (2009 Digital Remaster),hip hop,Splurge,hip hop
raw covariance,I Love The Way You Say Goodnight,jazz,I'm A Winner (Amended Album Version),hip hop,Interlude 5,r&b/soul,I Want You,r&b/soul
raw covariance,White Christmas,jazz,B-Boy Bouillabaisse: A.W.O.L. (2009 Digital Remaster),hip hop,8 Mile,hip hop,I'm A Winner (Amended Album Version),hip hop
raw covariance,Memories Are Made Of This,jazz,One of Us,hip hop,Interlude 5,r&b/soul,One Tribe,hip hop
raw covariance,Little Room,jazz,Interlude 5,r&b/soul,B-Boy Bouillabaisse: A.W.O.L. (2009 Digital Remaster),hip hop,Otha Fish,hip hop
raw covariance,Bei Mir Bist Du Schön,jazz,Interlude 5,r&b/soul,I'm A Winner (Amended Album Version),hip hop,My Darling,hip hop
raw covariance,Don't Sit Under The Apple Tree,jazz,Hold Me Down (Album Version),r&b/soul,Splurge,hip hop,Interlude 5,r&b/soul
raw covariance,Falling In Love Again,jazz,Interlude 5,r&b/soul,I'm A Winner (Amended Album Version),hip hop,B-Boy Bouillabaisse: A.W.O.L. (2009 Digital Remaster),hip hop
raw covariance,Heebie Jeebies,jazz,Interlude 5,r&b/soul,B-Boy Bouillabaisse: A.W.O.L. (2009 Digital Remaster),hip hop,I Want You,r&b/soul
raw covariance,I Will Survive,jazz,Interlude 5,r&b/soul,B-Boy Bouillabaisse: A.W.O.L. (2009 Digital Remaster),hip hop,I'm A Winner (Amended Album Version),hip hop
raw covariance,In The Mood,jazz,Interlude 5,r&b/soul,B-Boy Bouillabaisse: A.W.O.L. (2009 Digital Remaster),hip hop,I'm A Winner (Amended Album Version),hip hop
raw covariance,Kiss,jazz,Interlude 5,r&b/soul,I'm A Winner (Amended Album Version),hip hop,I Want You,r&b/soul
raw covariance,Let Me Go Lover,jazz,Hold Me Down (Album Version),r&b/soul,That's What You Told Me,pop,Interlude 5,r&b/soul
raw covariance,On An Evening In Roma (Sott'er Celo De Roma),jazz,Interlude 5,r&b/soul,B-Boy Bouillabaisse: A.W.O.L. (2009 Digital Remaster),hip hop,Otha Fish,hip hop
raw covariance,No Puedo Mas Sin Ti (I'm Your Man),latin,Dale tiempo al rumor,hip hop,Desde Que No Estas,latin,Al Natural (Amended Version),latin
raw covariance,En Tus Pupilas,latin,Dale tiempo al rumor,hip hop,Cantando,hip hop,Lloré Lloré,latin
raw covariance,Que Me Quedes Tu,latin,Dale tiempo al rumor,hip hop,Cantando,hip hop,Al Natural (Amended Version),latin
raw covariance,Sombra De Ti,latin,Dale tiempo al rumor,hip hop,El Negro Está Cocinando,latin,Lloré Lloré,latin
raw covariance,Te Dejo Madrid,latin,Dale tiempo al rumor,hip hop,Cantando,hip hop,Sans Rémission,hip hop
raw covariance,Tú,latin,Dale tiempo al rumor,hip hop,Cantando,hip hop,Como Y Vete,reggae
raw covariance,La Chica De Ayer,latin,Move On,pop,Horse With No Name,reggae,Dale tiempo al rumor,hip hop
raw covariance,Adicto,latin,Dale tiempo al rumor,hip hop,Cantando,hip hop,Lloré Lloré,latin
raw covariance,Al Despertar,latin,Lloré Lloré,latin,Dale tiempo al rumor,hip hop,Cantando,hip hop
raw covariance,Alguien Como Tú,latin,Dale tiempo al rumor,hip hop,Cantando,hip hop,Lloré Lloré,latin
raw covariance,Inalcanzable,latin,Dale tiempo al rumor,hip hop,Cantando,hip hop,Heerlijk,r&b/soul
raw covariance,Lloro Por Ti,latin,Dale tiempo al rumor,hip hop,Cantando,hip hop,Lloré Lloré,latin
raw covariance,Mamacita,latin,Dale tiempo al rumor,hip hop,Cantando,hip hop,El Negro Está Cocinando,latin
raw covariance,Miss You,latin,Interlude 5,r&b/soul,I'm A Winner (Amended Album Version),hip hop,I Want You,r&b/soul
raw covariance,Para De Jugar,latin,Dale tiempo al rumor,hip hop,Cantando,hip hop,Por Mi Reggae Muero,reggae
raw covariance,She Be The One,latin,Interlude 5,r&b/soul,I'm A Winner (Amended Album Version),hip hop,Man In The Mirror,pop
raw covariance,Trapecista,latin,Dale tiempo al rumor,hip hop,Cantando,hip hop,Como Y Vete,reggae
raw covariance,Tu Vacio,latin,Dale tiempo al rumor,hip hop,Cantando,hip hop,Lloré Lloré,latin
raw covariance,Volveré,latin,Dale tiempo al rumor,hip hop,Lloré Lloré,latin,Al Natural (Amended Version),latin
raw covariance,Estoy Aquí,latin,Dale tiempo al rumor,hip hop,Te Vuelvo Loca,reggae,Al Natural (Amended Version),latin
raw covariance,Life Is Anew,latin,Interlude 5,r&b/soul,I'm A Winner (Amended Album Version),hip hop,B-Boy Bouillabaisse: A.W.O.L. (2009 Digital Remaster),hip hop
raw covariance,Donde Estas Corazon,latin,Dale tiempo al rumor,hip hop,La ciudad nunca duerme,hip hop,No Existe Un Lugar,latin
raw covariance,Octavo Día,latin,Dale tiempo al rumor,hip hop,Cantando,hip hop,Lloré Lloré,latin
raw covariance,Te Necesito,latin,Dale tiempo al rumor,hip hop,Cantando,hip hop,Te Vuelvo Loca,reggae
raw covariance,Evil Ways,latin,Interlude 5,r&b/soul,B-Boy Bouillabaisse: A.W.O.L. (2009 Digital Remaster),hip hop,Man In The Mirror,pop
raw covariance,Anna (el negro zumbon),latin,Interlude 5,r&b/soul,Hold Me Down (Album Version),r&b/soul,That's What You Told Me,pop
raw covariance,Piensa en mi,latin,Move On,pop,Dale tiempo al rumor,hip hop,Horse With No Name,reggae
raw covariance,Esperando,latin,My Baby Just Cares For Me,jazz,Mellow My Man,hip hop,B-Boy Bouillabaisse: A.W.O.L. (2009 Digital Remaster),hip hop
raw covariance,Beautiful Liar (Bello Embustero),latin,Miss You,latin,Breakaway,pop,Dale tiempo al rumor,hip hop
raw covariance,Rosario Tijeras,latin,Move On,pop,Horse With No Name,reggae,Dale tiempo al rumor,hip hop
raw covariance,Animal Nocturno,latin,Dale tiempo al rumor,hip hop,Cantando,hip hop,El Negro Está Cocinando,latin
raw covariance,Alejate De Mi,latin,Dale tiempo al rumor,hip hop,Lloré Lloré,latin,El Negro Está Cocinando,latin
raw covariance,Entre Tus Alas,latin,Dale tiempo al rumor,hip hop,Cantando,hip hop,Lloré Lloré,latin
raw covariance,Me Basto,latin,Dale tiempo al rumor,hip hop,Cantando,hip hop,Como Y Vete,reggae
raw covariance,Va Para Ti,latin,Miss You,latin,Breakaway,pop,El Negro Está Cocinando,latin
raw covariance,Fui,latin,Dale tiempo al rumor,hip hop,Cantando,hip hop,La ciudad nunca duerme,hip hop
raw covariance,Ilusionado,latin,Dale tiempo al rumor,hip hop,El Negro Está Cocinando,latin,Cantando,hip hop
raw covariance,Piel De Ciudad,latin,Cantando,hip hop,Lloré Lloré,latin,Dale tiempo al rumor,hip hop
raw covariance,Quedate,latin,Dale tiempo al rumor,hip hop,El Negro Está Cocinando,latin,Cantando,hip hop
raw covariance,Brother Sport,latin,Interlude 5,r&b/soul,Cancel (Album Version),r&b/soul,Acid 8000,electronic
raw covariance,The Prince,metal,B-Boy Bouillabaisse: A.W.O.L. (2009 Digital Remaster),hip hop,I Want You,r&b/soul,Interlude 5,r&b/soul
raw covariance,Second Heartbeat,metal,Interlude 5,r&b/soul,I'm A Winner (Amended Album Version),hip hop,B-Boy Bouillabaisse: A.W.O.L. (2009 Digital Remaster),hip hop
raw covariance,To End The Rapture,metal,Interlude 5,r&b/soul,Spitfall,metal,One of Us,hip hop
raw covariance,Witness,metal,Interlude 5,r&b/soul,I'm A Winner (Amended Album Version),hip hop,My Darling,hip hop
raw covariance,Heartache Every Moment,metal,Interlude 5,r&b/soul,Ice Is Workin' It,hip hop,Touch It / Technologic,electronic
raw covariance,Sigillum Diaboli,metal,Interlude 5,r&b/soul,I Want You,r&b/soul,B-Boy Bouillabaisse: A.W.O.L. (2009 Digital Remaster),hip hop
raw covariance,Refined By Your Embrace,metal,I'm A Winner (Amended Album Version),hip hop,Interlude 5,r&b/soul,B-Boy Bouillabaisse: A.W.O.L. (2009 Digital Remaster),hip hop
raw covariance,The Innocence Spilled,metal,Interlude 5,r&b/soul,B-Boy Bouillabaisse: A.W.O.L. (2009 Digital Remaster),hip hop,My Darling,hip hop
raw covariance,An American Dream,metal,Interlude 5,r&b/soul,One of Us,hip hop,The Way It Is,pop
raw covariance,The Changing Of Times,metal,Interlude 5,r&b/soul,I'm A Winner (Amended Album Version),hip hop,B-Boy Bouillabaisse: A.W.O.L. (2009 Digital Remaster),hip hop
raw covariance,Autumn,metal,Touch It / Technologic,electronic,Let's Get Crazy,hip hop,B-Boy Bouillabaisse: A.W.O.L. (2009 Digital Remaster),hip hop
raw covariance,Chorus Of Angels,metal,Remind Me (Live),electronic,Right Here Right Now,electronic,One of Us,hip hop
raw covariance,Follow The Wolves,metal,One of Us,hip hop,If I Had,hip hop,The chronicle of shadows,metal
raw covariance,I Am You,metal,Interlude 5,r&b/soul,B-Boy Bouillabaisse: A.W.O.L. (2009 Digital Remaster),hip hop,I'm A Winner (Amended Album Version),hip hop
raw covariance,The Science Of Lies,metal,Interlude 5,r&b/soul,One of Us,hip hop,B-Boy Bouillabaisse: A.W.O.L. (2009 Digital Remaster),hip hop
raw covariance,Slow Down,metal,Interlude 5,r&b/soul,I'm A Winner (Amended Album Version),hip hop,My Darling,hip hop
raw covariance,Steal Away (The Night),metal,Interlude 5,r&b/soul,B-Boy Bouillabaisse: A.W.O.L. (2009 Digital Remaster),hip hop,My Darling,hip hop
raw covariance,Black Curtains (2004 Digital Remaster),metal,B-Boy Bouillabaisse: A.W.O.L. (2009 Digital Remaster),hip hop,Interlude 5,r&b/soul,Mellow My Man,hip hop
raw covariance,Die Dead Enough,metal,B-Boy Bouillabaisse: A.W.O.L. (2009 Digital Remaster),hip hop,Everytime I...,r&b/soul,8 Mile,hip hop
raw covariance,Bodies,metal,Hold Me Down (Album Version),r&b/soul,Locked Up,hip hop,Let Me Be Me,r&b/soul
raw covariance,Rotting Head,metal,One of Us,hip hop,New Town,rock,Otha Fish,hip hop
raw covariance,Gehenna,metal,Interlude 5,r&b/soul,I'm A Winner (Amended Album Version),hip hop,I Want You,r&b/soul
raw covariance,[sic] [Explicit],metal,Interlude 5,r&b/soul,I'm A Winner (Amended Album Version),hip hop,I Want You,r&b/soul
raw covariance,Gunshots by Computer,metal,Interlude 5,r&b/soul,I'm A Winner (Amended Album Version),hip hop,B-Boy Bouillabaisse: A.W.O.L. (2009 Digital Remaster),hip hop
raw covariance,Hope Is... (Album Version),metal,Remind Me (Live),electronic,Interlude 5,r&b/soul,Miss You,latin
raw covariance,The Moor,metal,Interlude 5,r&b/soul,B-Boy Bouillabaisse: A.W.O.L. (2009 Digital Remaster),hip hop,I'm A Winner (Amended Album Version),hip hop
raw covariance,This Flesh A Tomb (Instrumental Version),metal,Interlude 5,r&b/soul,B-Boy Bouillabaisse: A.W.O.L. (2009 Digital Remaster),hip hop,I'm A Winner (Amended Album Version),hip hop
raw covariance,A Higher Standard,metal,Interlude 5,r&b/soul,Touch It / Technologic,electronic,Ice Is Workin' It,hip hop
raw covariance,Redemption,metal,Interlude 5,r&b/soul,B-Boy Bouillabaisse: A.W.O.L. (2009 Digital Remaster),hip hop,My Darling,hip hop
raw covariance,We Die Alone (Bonus Track),metal,Interlude 5,r&b/soul,We Gonna Rock,electronic,Undead,hip hop
raw covariance,Elements,metal,One of Us,hip hop,Interlude 5,r&b/soul,B-Boy Bouillabaisse: A.W.O.L. (2009 Digital Remaster),hip hop
raw covariance,Know The Difference,metal,Interlude 5,r&b/soul,B-Boy Bouillabaisse: A.W.O.L. (2009 Digital Remaster),hip hop,Man In The Mirror,pop
raw covariance,Peephole,metal,I'm A Winner (Amended Album Version),hip hop,Interlude 5,r&b/soul,New Town,rock
raw covariance,Hellhounds on My Trail,metal,Interlude 5,r&b/soul,I'm A Winner (Amended Album Version),hip hop,I Want You,r&b/soul
raw covariance,No Commands,metal,Interlude 5,r&b/soul,B-Boy Bouillabaisse: A.W.O.L. (2009 Digital Remaster),hip hop,Miss You,latin
raw covariance,Mother (2006 Remastered Alternate Mix),metal,Interlude 5,r&b/soul,B-Boy Bouillabaisse: A.W.O.L. (2009 Digital Remaster),hip hop,I'm A Winner (Amended Album Version),hip hop
raw covariance,Lord Of The Flies (Live In Dortmund),metal,Interlude 5,r&b/soul,B-Boy Bouillabaisse: A.W.O.L. (2009 Digital Remaster),hip hop,One of Us,hip hop
raw covariance,Phantom Of The Opera (Live) (1998 Digital Remaster),metal,Interlude 5,r&b/soul,I'm A Winner (Amended Album Version),hip hop,My Darling,hip hop
raw covariance,Re-Birth,metal,Interlude 5,r&b/soul,I'm A Winner (Amended Album Version),hip hop,That's What You Told Me,pop
raw covariance,This Pain,metal,Interlude 5,r&b/soul,B-Boy Bouillabaisse: A.W.O.L. (2009 Digital Remaster),hip hop,8 Mile,hip hop
raw covariance,You Are Not Alone,pop,Interlude 5,r&b/soul,I'm A Winner (Amended Album Version),hip hop,My Darling,hip hop
raw covariance,Baby Be Mine,pop,Interlude 5,r&b/soul,I'm A Winner (Amended Album Version),hip hop,I Want You,r&b/soul
raw covariance,Man In The Mirror,pop,Interlude 5,r&b/soul,I'm A Winner (Amended Album Version),hip hop,B-Boy Bouillabaisse: A.W.O.L. (2009 Digital Remaster),hip hop
raw covariance,Why You Wanna Trip On Me,pop,Hold Me Down (Album Version),r&b/soul,Interlude 5,r&b/soul,That's What You Told Me,pop
raw covariance,TiK ToK,pop,B-Boy Bouillabaisse: A.W.O.L. (2009 Digital Remaster),hip hop,Interlude 5,r&b/soul,I'm A Winner (Amended Album Version),hip hop
raw covariance,Nothing Lasts Forever,pop,Interlude 5,r&b/soul,I'm A Winner (Amended Album Version),hip hop,I Want You,r&b/soul
raw covariance,Roamer,pop,B-Boy Bouillabaisse: A.W.O.L. (2009 Digital Remaster),hip hop,8 Mile,hip hop,Over It (Acoustic),punk
raw covariance,Live High (Album Version),pop,Interlude 5,r&b/soul,Touch It / Technologic,electronic,Ice Is Workin' It,hip hop
raw covariance,Did I Do That?,pop,Interlude 5,r&b/soul,I'm A Winner (Amended Album Version),hip hop,I Want You,r&b/soul
raw covariance,I'll Be There,pop,Interlude 5,r&b/soul,I'm A Winner (Amended Album Version),hip hop,I Want You,r&b/soul
raw covariance,I Think They're Thinking - Interlude,pop,B-Boy Bouillabaisse: A.W.O.L. (2009 Digital Remaster),hip hop,Splurge,hip hop,Everytime I...,r&b/soul
raw covariance,Silent Movie,pop,Interlude 5,r&b/soul,I'm A Winner (Amended Album Version),hip hop,Hold Me Down (Album Version),r&b/soul
raw covariance,Stumble,pop,Interlude 5,r&b/soul,I'm A Winner (Amended Album Version),hip hop,I Want You,r&b/soul
raw covariance,Heroe,pop,I'm A Winner (Amended Album Version),hip hop,Interlude 5,r&b/soul,I Want You,r&b/soul
raw covariance,Little Girl,pop,I'm A Winner (Amended Album Version),hip hop,Interlude 5,r&b/soul,I Want You,r&b/soul
raw covariance,Ruleta Rusa,pop,Dale tiempo al rumor,hip hop,Te Vuelvo Loca,reggae,Al Natural (Amended Version),latin
raw covariance,Contigo,pop,Dale tiempo al rumor,hip hop,Al Natural (Amended Version),latin,Cantando,hip hop
raw covariance,Años Luz,pop,Dale tiempo al rumor,hip hop,Cantando,hip hop,El Negro Está Cocinando,latin
raw covariance,Love Song,pop,Interlude 5,r&b/soul,I'm A Winner (Amended Album Version),hip hop,I Want You,r&b/soul
raw covariance,Candyman,pop,Interlude 5,r&b/soul,One of Us,hip hop,B-Boy Bouillabaisse: A.W.O.L. (2009 Digital Remaster),hip hop
raw covariance,Tell Me Something I Don't Know,pop,Interlude 5,r&b/soul,I Mean (I Don't Mean It),r&b/soul,Splurge,hip hop
raw covariance,Cry,pop,Interlude 5,r&b/soul,I'm A Winner (Amended Album Version),hip hop,I Want You,r&b/soul
raw covariance,Zora sourit,pop,Interlude 5,r&b/soul,L'Amour Du Risque,hip hop,Panam All Star,hip hop
raw covariance,Dance,pop,Interlude 5,r&b/soul,I'm A Winner (Amended Album Version),hip hop,B-Boy Bouillabaisse: A.W.O.L. (2009 Digital Remaster),hip hop
raw covariance,Partout Je Vois,pop,I'm A Winner (Amended Album Version),hip hop,Interlude 5,r&b/soul,I Want You,r&b/soul
raw covariance,Anytime,pop,Interlude 5,r&b/soul,I'm A Winner (Amended Album Version),hip hop,I Want You,r&b/soul
raw covariance,Simplest Love,pop,All Day Sucker,r&b/soul,Love Is Wicked,r&b/soul,Love And War,hip hop
raw covariance,Midnight Bottle,pop,Interlude 5,r&b/soul,I'm A Winner (Amended Album Version),hip hop,B-Boy Bouillabaisse: A.W.O.L. (2009 Digital Remaster),hip hop
raw covariance,Let Me Be,pop,Interlude 5,r&b/soul,I Want You,r&b/soul,I'm A Winner (Amended Album Version),hip hop
raw covariance,Big Sky,pop,Interlude 5,r&b/soul,I'm A Winner (Amended Album Version),hip hop,B-Boy Bouillabaisse: A.W.O.L. (2009 Digital Remaster),hip hop
raw covariance,Thinking About You,pop,Interlude 5,r&b/soul,I'm A Winner (Amended Album Version),hip hop,I Want You,r&b/soul
raw covariance,A Groovy Kind Of Love (Live),pop,Interlude 5,r&b/soul,I'm A Winner (Amended Album Version),hip hop,I Want You,r&b/soul
raw covariance,That's Why You're Beautiful,pop,Interlude 5,r&b/soul,Man In The Mirror,pop,B-Boy Bouillabaisse: A.W.O.L. (2009 Digital Remaster),hip hop
raw covariance,Step By Step,pop,By The Way,hip hop,Interlude 5,r&b/soul,B-Boy Bouillabaisse: A.W.O.L. (2009 Digital Remaster),hip hop
raw covariance,Piece Of Me (Main Version),pop,Interlude 5,r&b/soul,I'm A Winner (Amended Album Version),hip hop,Hold Me Down (Album Version),r&b/soul
raw covariance,Can't Make You Love Me,pop,Interlude 5,r&b/soul,I'm A Winner (Amended Album Version),hip hop,I Want You,r&b/soul
raw covariance,Girl In The Mirror,pop,Interlude 5,r&b/soul,B-Boy Bouillabaisse: A.W.O.L. (2009 Digital Remaster),hip hop,I'm A Winner (Amended Album Version),hip hop
raw covariance,Radar,pop,Interlude 5,r&b/soul,I'm A Winner (Amended Album Version),hip hop,B-Boy Bouillabaisse: A.W.O.L. (2009 Digital Remaster),hip hop
raw covariance,When Your Eyes Say It,pop,Interlude 5,r&b/soul,I'm A Winner (Amended Album Version),hip hop,Ice Is Workin' It,hip hop
raw covariance,Precious (Live In Milan),pop,Interlude 5,r&b/soul,I'm A Winner (Amended Album Version),hip hop,B-Boy Bouillabaisse: A.W.O.L. (2009 Digital Remaster),hip hop
raw covariance,Insectica,punk,I'm A Winner (Amended Album Version),hip hop,My Darling,hip hop,Interlude 5,r&b/soul
raw covariance,Cambridge (Album Version),punk,Interlude 5,r&b/soul,B-Boy Bouillabaisse: A.W.O.L. (2009 Digital Remaster),hip hop,Otha Fish,hip hop
raw covariance,Disappear,punk,I'm A Winner (Amended Album Version),hip hop,Interlude 5,r&b/soul,I Want You,r&b/soul
raw covariance,Fell in Love Without You (Cd),punk,Interlude 5,r&b/soul,Otha Fish,hip hop,B-Boy Bouillabaisse: A.W.O.L. (2009 Digital Remaster),hip hop
raw covariance,Point Of Extinction (Cd),punk,Interlude 5,r&b/soul,I'm A Winner (Amended Album Version),hip hop,B-Boy Bouillabaisse: A.W.O.L. (2009 Digital Remaster),hip hop
raw covariance,Stand Too Close,punk,Interlude 5,r&b/soul,I'm A Winner (Amended Album Version),hip hop,I Want You,r&b/soul
raw covariance,Worker Bee,punk,B-Boy Bouillabaisse: A.W.O.L. (2009 Digital Remaster),hip hop,8 Mile,hip hop,I Mean (I Don't Mean It),r&b/soul
raw covariance,Mind Over Time,punk,Interlude 5,r&b/soul,B-Boy Bouillabaisse: A.W.O.L. (2009 Digital Remaster),hip hop,Over It (Acoustic),punk
raw covariance,I Fought The Law,punk,Interlude 5,r&b/soul,B-Boy Bouillabaisse: A.W.O.L. (2009 Digital Remaster),hip hop,8 Mile,hip hop
raw covariance,The Magnificent Seven,punk,Interlude 5,r&b/soul,I'm A Winner (Amended Album Version),hip hop,I Want You,r&b/soul
raw covariance,Believe,punk,Interlude 5,r&b/soul,B-Boy Bouillabaisse: A.W.O.L. (2009 Digital Remaster),hip hop,Alright,r&b/soul
raw covariance,Empty Apartment,punk,Interlude 5,r&b/soul,I'm A Winner (Amended Album Version),hip hop,Hold Me Down (Album Version),r&b/soul
raw covariance,But Tonight We Dance,punk,Interlude 5,r&b/soul,B-Boy Bouillabaisse: A.W.O.L. (2009 Digital Remaster),hip hop,I'm A Winner (Amended Album Version),hip hop
raw covariance,Faint Resemblance,punk,Interlude 5,r&b/soul,B-Boy Bouillabaisse: A.W.O.L. (2009 Digital Remaster),hip hop,I Want You,r&b/soul
raw covariance,Survive,punk,Interlude 5,r&b/soul,We Gonna Rock,electronic,Undead,hip hop
raw covariance,The Dirt Whispered,punk,B-Boy Bouillabaisse: A.W.O.L. (2009 Digital Remaster),hip hop,Interlude 5,r&b/soul,8 Mile,hip hop
raw covariance,Get It Right (Album Version),punk,Interlude 5,r&b/soul,B-Boy Bouillabaisse: A.W.O.L. (2009 Digital Remaster),hip hop,I'm A Winner (Amended Album Version),hip hop
raw covariance,Want You Bad,punk,Interlude 5,r&b/soul,I'm A Winner (Amended Album Version),hip hop,I Want You,r&b/soul
raw covariance,Staring At The Sun,punk,Interlude 5,r&b/soul,I'm A Winner (Amended Album Version),hip hop,My Darling,hip hop
raw covariance,Operation Rescue,punk,Interlude 5,r&b/soul,B-Boy Bouillabaisse: A.W.O.L. (2009 Digital Remaster),hip hop,My Darling,hip hop
raw covariance,When Broken Is Easily Fixed (Album Version),punk,Interlude 5,r&b/soul,Hold Me Down (Album Version),r&b/soul,That's What You Told Me,pop
raw covariance,Want,punk,Interlude 5,r&b/soul,I'm A Winner (Amended Album Version),hip hop,I Want You,r&b/soul
raw covariance,Josey,punk,Interlude 5,r&b/soul,Touch It / Technologic,electronic,B-Boy Bouillabaisse: A.W.O.L. (2009 Digital Remaster),hip hop
raw covariance,1-2 Crush On You,punk,I'm A Winner (Amended Album Version),hip hop,Interlude 5,r&b/soul,I Want You,r&b/soul
raw covariance,Brand New Cadillac,punk,Interlude 5,r&b/soul,Baby Come Back,blues,She Ain't Afraid,hip hop
raw covariance,Cool Confusion,punk,Interlude 5,r&b/soul,B-Boy Bouillabaisse: A.W.O.L. (2009 Digital Remaster),hip hop,Otha Fish,hip hop
raw covariance,First Night Back In London,punk,B-Boy Bouillabaisse: A.W.O.L. (2009 Digital Remaster),hip hop,Interlude 5,r&b/soul,I'm A Winner (Amended Album Version),hip hop
raw covariance,Inoculated City,punk,Interlude 5,r&b/soul,One of Us,hip hop,B-Boy Bouillabaisse: A.W.O.L. (2009 Digital Remaster),hip hop
raw covariance,Lost In The Supermarket,punk,B-Boy Bouillabaisse: A.W.O.L. (2009 Digital Remaster),hip hop,8 Mile,hip hop,Everytime I...,r&b/soul
raw covariance,Overpowered By Funk,punk,Interlude 5,r&b/soul,B-Boy Bouillabaisse: A.W.O.L. (2009 Digital Remaster),hip hop,I'm A Winner (Amended Album Version),hip hop
raw covariance,Automatic Man (Album Version),punk,Interlude 5,r&b/soul,Velvet Pants,electronic,B-Boy Bouillabaisse: A.W.O.L. (2009 Digital Remaster),hip hop
raw covariance,Chimaera (Album Version),punk,Interlude 5,r&b/soul,I'm A Winner (Amended Album Version),hip hop,My Darling,hip hop
raw covariance,Damned to Be Free (Album Version),punk,Interlude 5,r&b/soul,Ice Is Workin' It,hip hop,B-Boy Bouillabaisse: A.W.O.L. (2009 Digital Remaster),hip hop
raw covariance,Get Off,punk,Interlude 5,r&b/soul,B-Boy Bouillabaisse: A.W.O.L. (2009 Digital Remaster),hip hop,8 Mile,hip hop
raw covariance,Juneau,punk,B-Boy Bouillabaisse: A.W.O.L. (2009 Digital Remaster),hip hop,New Town,rock,Interlude 5,r&b/soul
raw covariance,Another The letter,punk,Otha Fish,hip hop,Man In The Mirror,pop,Interlude 5,r&b/soul
raw covariance,Strange,punk,Go Cat Go,hip hop,Here We Go,punk,Otha Fish,hip hop
raw covariance,Dude_ What Is a Land Pirate?,punk,Interlude 5,r&b/soul,I Want You,r&b/soul,B-Boy Bouillabaisse: A.W.O.L. (2009 Digital Remaster),hip hop
raw covariance,Again I Go Unnoticed,punk,Interlude 5,r&b/soul,B-Boy Bouillabaisse: A.W.O.L. (2009 Digital Remaster),hip hop,New Town,rock
raw covariance,Carry This Picture,punk,Interlude 5,r&b/soul,B-Boy Bouillabaisse: A.W.O.L. (2009 Digital Remaster),hip hop,8 Mile,hip hop
raw covariance,U R The One,r&b/soul,Interlude 5,r&b/soul,I'm A Winner (Amended Album Version),hip hop,I Want You,r&b/soul
raw covariance,Ain't No Way (You Won't Love Me),r&b/soul,Interlude 5,r&b/soul,I'm A Winner (Amended Album Version),hip hop,Hold Me Down (Album Version),r&b/soul
raw covariance,Nice & Slow,r&b/soul,Interlude 5,r&b/soul,I'm A Winner (Amended Album Version),hip hop,I Want You,r&b/soul
raw covariance,Roni,r&b/soul,Interlude 5,r&b/soul,I'm A Winner (Amended Album Version),hip hop,B-Boy Bouillabaisse: A.W.O.L. (2009 Digital Remaster),hip hop
raw covariance,Damage,r&b/soul,Interlude 5,r&b/soul,I'm A Winner (Amended Album Version),hip hop,B-Boy Bouillabaisse: A.W.O.L. (2009 Digital Remaster),hip hop
raw covariance,Gotta Be Ur Man,r&b/soul,I'm A Winner (Amended Album Version),hip hop,Interlude 5,r&b/soul,I Want You,r&b/soul
raw covariance,Birthmark,r&b/soul,Acid 8000,electronic,Cancel (Album Version),r&b/soul,My Darling,hip hop
raw covariance,Don't You Say No,r&b/soul,Interlude 5,r&b/soul,I Want You,r&b/soul,I'm A Winner (Amended Album Version),hip hop
raw covariance,Kickin' It With Your Girlfriend,r&b/soul,Interlude 5,r&b/soul,B-Boy Bouillabaisse: A.W.O.L. (2009 Digital Remaster),hip hop,I'm A Winner (Amended Album Version),hip hop
raw covariance,Rise Up,r&b/soul,Interlude 5,r&b/soul,I'm A Winner (Amended Album Version),hip hop,My Darling,hip hop
raw covariance,Joy Ride,r&b/soul,Interlude 5,r&b/soul,I Want You,r&b/soul,B-Boy Bouillabaisse: A.W.O.L. (2009 Digital Remaster),hip hop
raw covariance,Sprung,r&b/soul,Interlude 5,r&b/soul,I'm A Winner (Amended Album Version),hip hop,I Want You,r&b/soul
raw covariance,Never Too Much,r&b/soul,Interlude 5,r&b/soul,B-Boy Bouillabaisse: A.W.O.L. (2009 Digital Remaster),hip hop,I'm A Winner (Amended Album Version),hip hop
raw covariance,Chocolate Factory,r&b/soul,Interlude 5,r&b/soul,B-Boy Bouillabaisse: A.W.O.L. (2009 Digital Remaster),hip hop,My Darling,hip hop
raw covariance,I Mean (I Don't Mean It),r&b/soul,I Want You,r&b/soul,Interlude 5,r&b/soul,I'm A Winner (Amended Album Version),hip hop
raw covariance,In The Kitchen,r&b/soul,Interlude 5,r&b/soul,I'm A Winner (Amended Album Version),hip hop,B-Boy Bouillabaisse: A.W.O.L. (2009 Digital Remaster),hip hop
raw covariance,Distance And Time,r&b/soul,Interlude 5,r&b/soul,I'm A Winner (Amended Album Version),hip hop,I Want You,r&b/soul
raw covariance,Lover Man,r&b/soul,Interlude 5,r&b/soul,B-Boy Bouillabaisse: A.W.O.L. (2009 Digital Remaster),hip hop,Man In The Mirror,pop
raw covariance,Nobody Not Really (Interlude),r&b/soul,B-Boy Bouillabaisse: A.W.O.L. (2009 Digital Remaster),hip hop,8 Mile,hip hop,Splurge,hip hop
raw covariance,Piano & I,r&b/soul,Interlude 5,r&b/soul,I Want You,r&b/soul,I'm A Winner (Amended Album Version),hip hop
raw covariance,Tell You Something (Nana's Reprise),r&b/soul,I Mean (I Don't Mean It),r&b/soul,I Want You,r&b/soul,Interlude 5,r&b/soul
raw covariance,Try Sleeping With A Broken Heart,r&b/soul,I'm A Winner (Amended Album Version),hip hop,Interlude 5,r&b/soul,Hold Me Down (Album Version),r&b/soul
raw covariance,Why Do I Feel So Sad,r&b/soul,Interlude 5,r&b/soul,B-Boy Bouillabaisse: A.W.O.L. (2009 Digital Remaster),hip hop,I Want You,r&b/soul
raw covariance,Lovin U,r&b/soul,Interlude 5,r&b/soul,I'm A Winner (Amended Album Version),hip hop,I Want You,r&b/soul
raw covariance,My Ride,r&b/soul,B-Boy Bouillabaisse: A.W.O.L. (2009 Digital Remaster),hip hop,Mellow My Man,hip hop,Radar,pop
raw covariance,Starting All Over,r&b/soul,Interlude 5,r&b/soul,8 Mile,hip hop,B-Boy Bouillabaisse: A.W.O.L. (2009 Digital Remaster),hip hop
raw covariance,Oh Boy,r&b/soul,B-Boy Bouillabaisse: A.W.O.L. (2009 Digital Remaster),hip hop,Interlude 5,r&b/soul,I'm A Winner (Amended Album Version),hip hop
raw covariance,Maybe,r&b/soul,Interlude 5,r&b/soul,I'm A Winner (Amended Album Version),hip hop,B-Boy Bouillabaisse: A.W.O.L. (2009 Digital Remaster),hip hop
raw covariance,Stuck In the Middle,r&b/soul,Interlude 5,r&b/soul,I'm A Winner (Amended Album Version),hip hop,B-Boy Bouillabaisse: A.W.O.L. (2009 Digital Remaster),hip hop
raw covariance,Bump What Your Friends Say,r&b/soul,Interlude 5,r&b/soul,I'm A Winner (Amended Album Version),hip hop,My Darling,hip hop
raw covariance,Smack Dab In The Middle,r&b/soul,Interlude 5,r&b/soul,B-Boy Bouillabaisse: A.W.O.L. (2009 Digital Remaster),hip hop,Otha Fish,hip hop
raw covariance,Don't You Know,r&b/soul,Interlude 5,r&b/soul,I'm A Winner (Amended Album Version),hip hop,It's A Party,hip hop
raw covariance,All I Ever Think About,r&b/soul,Interlude 5,r&b/soul,I'm A Winner (Amended Album Version),hip hop,I Want You,r&b/soul
raw covariance,(You Were Made) Especially For Me,r&b/soul,Interlude 5,r&b/soul,Hold Me Down (Album Version),r&b/soul,I'm A Winner (Amended Album Version),hip hop
raw covariance,I Was Made To Love Her,r&b/soul,Interlude 5,r&b/soul,B-Boy Bouillabaisse: A.W.O.L. (2009 Digital Remaster),hip hop,8 Mile,hip hop
raw covariance,Bridge Over Troubled Water,r&b/soul,I'm A Winner (Amended Album Version),hip hop,Interlude 5,r&b/soul,B-Boy Bouillabaisse: A.W.O.L. (2009 Digital Remaster),hip hop
raw covariance,Goin' Back To Indiana,r&b/soul,8 Mile,hip hop,B-Boy Bouillabaisse: A.W.O.L. (2009 Digital Remaster),hip hop,Everytime I...,r&b/soul
raw covariance,Lookin' Through The Windows,r&b/soul,New Town,rock,Interlude 5,r&b/soul,I'm A Winner (Amended Album Version),hip hop
raw covariance,You've Changed,r&b/soul,Interlude 5,r&b/soul,I'm A Winner (Amended Album Version),hip hop,Man In The Mirror,pop
raw covariance,Switch!,r&b/soul,Interlude 5,r&b/soul,B-Boy Bouillabaisse: A.W.O.L. (2009 Digital Remaster),hip hop,Everytime I...,r&b/soul
raw covariance,One World (Not Three),reggae,One of Us,hip hop,One Tribe,hip hop,Interlude 5,r&b/soul
raw covariance,Close My Eyes,reggae,Interlude 5,r&b/soul,B-Boy Bouillabaisse: A.W.O.L. (2009 Digital Remaster),hip hop,I'm A Winner (Amended Album Version),hip hop
raw covariance,Exaltation,reggae,Interlude 5,r&b/soul,B-Boy Bouillabaisse: A.W.O.L. (2009 Digital Remaster),hip hop,Otha Fish,hip hop
raw covariance,Fire and Heights,reggae,Interlude 5,r&b/soul,B-Boy Bouillabaisse: A.W.O.L. (2009 Digital Remaster),hip hop,I'm A Winner (Amended Album Version),hip hop
raw covariance,Jerusalem,reggae,Interlude 5,r&b/soul,I'm A Winner (Amended Album Version),hip hop,B-Boy Bouillabaisse: A.W.O.L. (2009 Digital Remaster),hip hop
raw covariance,Warrior,reggae,Interlude 5,r&b/soul,I'm A Winner (Amended Album Version),hip hop,B-Boy Bouillabaisse: A.W.O.L. (2009 Digital Remaster),hip hop
raw covariance,Don't Push,reggae,Interlude 5,r&b/soul,B-Boy Bouillabaisse: A.W.O.L. (2009 Digital Remaster),hip hop,I'm A Winner (Amended Album Version),hip hop
raw covariance,Pawn Shop,reggae,Ice Is Workin' It,hip hop,Interlude 5,r&b/soul,She Luv It,hip hop
raw covariance,See you in the Light,reggae,Interlude 5,r&b/soul,B-Boy Bouillabaisse: A.W.O.L. (2009 Digital Remaster),hip hop,I'm A Winner (Amended Album Version),hip hop
raw covariance,Sweet Little Lies,reggae,Hold Me Down (Album Version),r&b/soul,That's What You Told Me,pop,Interlude 5,r&b/soul
raw covariance,The Way You Make Me Feel,reggae,I'm A Winner (Amended Album Version),hip hop,Interlude 5,r&b/soul,I Want You,r&b/soul
raw covariance,Grito Mundial,reggae,Move On,pop,Horse With No Name,reggae,Dale tiempo al rumor,hip hop
raw covariance,Get This Party Started: Ghost Remix,reggae,It's A Party,hip hop,B-Boy Bouillabaisse: A.W.O.L. (2009 Digital Remaster),hip hop,Interlude 5,r&b/soul
raw covariance,Africa Unite,reggae,Interlude 5,r&b/soul,Touch It / Technologic,electronic,Ice Is Workin' It,hip hop
raw covariance,Could You Be Loved,reggae,Interlude 5,r&b/soul,I'm A Winner (Amended Album Version),hip hop,Man In The Mirror,pop
raw covariance,No Water,reggae,Interlude 5,r&b/soul,I'm A Winner (Amended Album Version),hip hop,B-Boy Bouillabaisse: A.W.O.L. (2009 Digital Remaster),hip hop
raw covariance,One Love / People Get Ready,reggae,One Tribe,hip hop,Interlude 5,r&b/soul,One of Us,hip hop
raw covariance,Try Me,reggae,Hold Me Down (Album Version),r&b/soul,That's What You Told Me,pop,Interlude 5,r&b/soul
raw covariance,Baby We've Got A Date (Rock It Baby),reggae,Touch It / Technologic,electronic,We Gonna Rock,electronic,Ice Is Workin' It,hip hop
raw covariance,Johnny Was,reggae,Interlude 5,r&b/soul,B-Boy Bouillabaisse: A.W.O.L. (2009 Digital Remaster),hip hop,Man In The Mirror,pop
raw covariance,Riding High,reggae,I'm A Winner (Amended Album Version),hip hop,Interlude 5,r&b/soul,Radar,pop
raw covariance,Soul Shakedown,reggae,Interlude 5,r&b/soul,Hold Me Down (Album Version),r&b/soul,My Darling,hip hop
raw covariance,Trenchtown Rock,reggae,Interlude 5,r&b/soul,I'm A Winner (Amended Album Version),hip hop,I Want You,r&b/soul
raw covariance,Eternal Feedback (Sly),reggae,Interlude 5,r&b/soul,8 Mile,hip hop,B-Boy Bouillabaisse: A.W.O.L. (2009 Digital Remaster),hip hop
raw covariance,Black Progress,reggae,Interlude 5,r&b/soul,B-Boy Bouillabaisse: A.W.O.L. (2009 Digital Remaster),hip hop,I Want You,r&b/soul
raw covariance,Reggae On Broadway,reggae,It's A Party,hip hop,B-Boy Bouillabaisse: A.W.O.L. (2009 Digital Remaster),hip hop,Radar,pop
raw covariance,Rebels Hop,reggae,Interlude 5,r&b/soul,I'm A Winner (Amended Album Version),hip hop,B-Boy Bouillabaisse: A.W.O.L. (2009 Digital Remaster),hip hop
raw covariance,Stop The Train,reggae,Over It (Acoustic),punk,8 Mile,hip hop,B-Boy Bouillabaisse: A.W.O.L. (2009 Digital Remaster),hip hop
raw covariance,This Train,reggae,Mellow My Man,hip hop,My Life,hip hop,Strictly 4 My N.I.G.G.A.Z.,hip hop
raw covariance,Defeat You,reggae,I'm A Winner (Amended Album Version),hip hop,I Want You,r&b/soul,Everytime I...,r&b/soul
raw covariance,Don't Get Nine,reggae,Interlude 5,r&b/soul,I'm A Winner (Amended Album Version),hip hop,I Want You,r&b/soul
raw covariance,Feva Las Vegas,reggae,Interlude 5,r&b/soul,B-Boy Bouillabaisse: A.W.O.L. (2009 Digital Remaster),hip hop,8 Mile,hip hop
raw covariance,Secrets,reggae,Interlude 5,r&b/soul,B-Boy Bouillabaisse: A.W.O.L. (2009 Digital Remaster),hip hop,I'm A Winner (Amended Album Version),hip hop
raw covariance,Work Work,reggae,Interlude 5,r&b/soul,I'm A Winner (Amended Album Version),hip hop,I Want You,r&b/soul
raw covariance,Good Rats (Live),reggae,Interlude 5,r&b/soul,Man In The Mirror,pop,B-Boy Bouillabaisse: A.W.O.L. (2009 Digital Remaster),hip hop
raw covariance,Sol_ Playa Y Arena,reggae,Dale tiempo al rumor,hip hop,Move On,pop,Horse With No Name,reggae
raw covariance,I Don't Want To See You Cry,reggae,Interlude 5,r&b/soul,My Darling,hip hop,I'm A Winner (Amended Album Version),hip hop
raw covariance,Come Back Darling,reggae,Interlude 5,r&b/soul,I'm A Winner (Amended Album Version),hip hop,Hold Me Down (Album Version),r&b/soul
raw covariance,Here I Am (Come And Take Me),reggae,Interlude 5,r&b/soul,Hold Me Down (Album Version),r&b/soul,That's What You Told Me,pop
raw covariance,Light My Fire,reggae,Interlude 5,r&b/soul,Radar,pop,It's A Party,hip hop
raw covariance,Til Kingdom Come,rock,Interlude 5,r&b/soul,I'm A Winner (Amended Album Version),hip hop,B-Boy Bouillabaisse: A.W.O.L. (2009 Digital Remaster),hip hop
raw covariance,Brothers Under The Bridges ('83),rock,Interlude 5,r&b/soul,B-Boy Bouillabaisse: A.W.O.L. (2009 Digital Remaster),hip hop,Otha Fish,hip hop
raw covariance,The Big Payback,rock,Interlude 5,r&b/soul,B-Boy Bouillabaisse: A.W.O.L. (2009 Digital Remaster),hip hop,8 Mile,hip hop
raw covariance,The Ties That Bind,rock,Interlude 5,r&b/soul,I'm A Winner (Amended Album Version),hip hop,My Darling,hip hop
raw covariance,Sam's Town,rock,Interlude 5,r&b/soul,B-Boy Bouillabaisse: A.W.O.L. (2009 Digital Remaster),hip hop,Splurge,hip hop
raw covariance,Pink Ego Box,rock,Interlude 5,r&b/soul,I'm A Winner (Amended Album Version),hip hop,My Darling,hip hop
raw covariance,Secrets,rock,B-Boy Bouillabaisse: A.W.O.L. (2009 Digital Remaster),hip hop,Interlude 5,r&b/soul,8 Mile,hip hop
raw covariance,Come Back,rock,Interlude 5,r&b/soul,Do The Bartman,hip hop,Baby Come Back,blues
raw covariance,Time Is On My Side,rock,Interlude 5,r&b/soul,I'm A Winner (Amended Album Version),hip hop,B-Boy Bouillabaisse: A.W.O.L. (2009 Digital Remaster),hip hop
raw covariance,Fight (1994 Digital Remaster),rock,I'm A Winner (Amended Album Version),hip hop,B-Boy Bouillabaisse: A.W.O.L. (2009 Digital Remaster),hip hop,Don't Get Nine,reggae
raw covariance,This Ain't A Love Song,rock,Interlude 5,r&b/soul,B-Boy Bouillabaisse: A.W.O.L. (2009 Digital Remaster),hip hop,I'm A Winner (Amended Album Version),hip hop
raw covariance,Superman Tonight,rock,Interlude 5,r&b/soul,I'm A Winner (Amended Album Version),hip hop,I Want You,r&b/soul
raw covariance,Bad Obsession,rock,Interlude 5,r&b/soul,Ice Is Workin' It,hip hop,Touch It / Technologic,electronic
raw covariance,Anything That's Part Of You,rock,Interlude 5,r&b/soul,I'm A Winner (Amended Album Version),hip hop,I Want You,r&b/soul
raw covariance,So I Thought,rock,Interlude 5,r&b/soul,B-Boy Bouillabaisse: A.W.O.L. (2009 Digital Remaster),hip hop,Splurge,hip hop
raw covariance,You're All I've Got Tonight,rock,I'm A Winner (Amended Album Version),hip hop,Interlude 5,r&b/soul,I Want You,r&b/soul
raw covariance,Signal Fire,rock,Interlude 5,r&b/soul,Hold Me Down (Album Version),r&b/soul,I'm A Winner (Amended Album Version),hip hop
raw covariance,The Lightning Strike,rock,Interlude 5,r&b/soul,B-Boy Bouillabaisse: A.W.O.L. (2009 Digital Remaster),hip hop,I'm A Winner (Amended Album Version),hip hop
raw covariance,Dumb,rock,8 Mile,hip hop,Everytime I...,r&b/soul,Over It (Acoustic),punk
raw covariance,Something In The Way,rock,Otha Fish,hip hop,B-Boy Bouillabaisse: A.W.O.L. (2009 Digital Remaster),hip hop,Interlude 5,r&b/soul
raw covariance,Oh! Gravity.,rock,Move On,pop,Horse With No Name,reggae,Touch It / Technologic,electronic
raw covariance,Hotel Yorba,rock,Interlude 5,r&b/soul,B-Boy Bouillabaisse: A.W.O.L. (2009 Digital Remaster),hip hop,I'm A Winner (Amended Album Version),hip hop
raw covariance,Prickly Thorn_ But Sweetly Worn (Live),rock,Cut And Run,punk,Yakamonéyé,reggae,Givin' Up (Clean Version),rock
raw covariance,St. Andrew (This Battle Is In The Air),rock,I Mean (I Don't Mean It),r&b/soul,B-Boy Bouillabaisse: A.W.O.L. (2009 Digital Remaster),hip hop,8 Mile,hip hop
raw covariance,I Was Meant For the Stage,rock,Interlude 5,r&b/soul,B-Boy Bouillabaisse: A.W.O.L. (2009 Digital Remaster),hip hop,My Darling,hip hop
raw covariance,Alpha Beta Parking Lot,rock,Go Cat Go,hip hop,Here We Go,punk,Watching ME,r&b/soul
raw covariance,An Ode To No One,rock,Interlude 5,r&b/soul,I'm A Winner (Amended Album Version),hip hop,B-Boy Bouillabaisse: A.W.O.L. (2009 Digital Remaster),hip hop
raw covariance,Over My Head (Cable Car),rock,B-Boy Bouillabaisse: A.W.O.L. (2009 Digital Remaster),hip hop,Interlude 5,r&b/soul,Over It (Acoustic),punk
raw covariance,No I In Threesome,rock,Interlude 5,r&b/soul,B-Boy Bouillabaisse: A.W.O.L. (2009 Digital Remaster),hip hop,Otha Fish,hip hop
raw covariance,Pace Is The Trick,rock,Interlude 5,r&b/soul,I'm A Winner (Amended Album Version),hip hop,I Want You,r&b/soul
raw covariance,Embryo,rock,B-Boy Bouillabaisse: A.W.O.L. (2009 Digital Remaster),hip hop,8 Mile,hip hop,Mellow My Man,hip hop
raw covariance,Borderline,rock,Interlude 5,r&b/soul,I'm A Winner (Amended Album Version),hip hop,B-Boy Bouillabaisse: A.W.O.L. (2009 Digital Remaster),hip hop
raw covariance,March Of The Pigs,rock,Touch It / Technologic,electronic,Ice Is Workin' It,hip hop,Interlude 5,r&b/soul
raw covariance,Burn,rock,Interlude 5,r&b/soul,I'm A Winner (Amended Album Version),hip hop,I Want You,r&b/soul
raw covariance,Something I Can Never Have,rock,Interlude 5,r&b/soul,I'm A Winner (Amended Album Version),hip hop,I Want You,r&b/soul
raw covariance,It's Your World Now,rock,Interlude 5,r&b/soul,Ice Is Workin' It,hip hop,B-Boy Bouillabaisse: A.W.O.L. (2009 Digital Remaster),hip hop
raw covariance,Something There Is About You,rock,Interlude 5,r&b/soul,B-Boy Bouillabaisse: A.W.O.L. (2009 Digital Remaster),hip hop,I'm A Winner (Amended Album Version),hip hop
raw covariance,From Underneath,rock,Interlude 5,r&b/soul,I'm A Winner (Amended Album Version),hip hop,I Want You,r&b/soul
raw covariance,Turn It On,rock,Touch It / Technologic,electronic,Ice Is Workin' It,hip hop,It's A Party,hip hop
raw covariance,Something On My Mind,rock,Interlude 5,r&b/soul,B-Boy Bouillabaisse: A.W.O.L. (2009 Digital Remaster),hip hop,8 Mile,hip hop
raw correlation,All The Things You Are,blues,You're All The World To Me,jazz,You're The Top,jazz,You're A Soldier,rock
raw correlation,Vultures,blues,Plastic World,punk,The Ups And Downs,rock,Keep Moving,hip hop
raw correlation,Out Of My Mind,blues,Preacher On A Sunday Morning,hip hop,Ready For The Weekend,electronic,Beyond Salvation,metal
raw correlation,Hump Bounce,blues,All I Do,blues,Overjoyed,pop,Day And Night,pop
raw correlation,Intro - The Sermon,blues,Hook,blues,I Don't Want To Talk About It,hip hop,B-Boy Bouillabaisse: A.W.O.L. (2009 Digital Remaster),hip hop
raw correlation,Call On Me,blues,G Up,rock,Club Megamix,rock,Hook,blues
raw correlation,Oceans and Streams,blues,Runaway,hip hop,The Car Song,reggae,I Don't Have Time To Stand Here With You Fighting About The Size Of My Dick,pop
raw correlation,10 A.M. Automatic,blues,Bad Tattoo,metal,Dimples,jazz,Only You,r&b/soul
raw correlation,Aeroplane Blues,blues,I Don't Know Where I'm Bound,country,I Am Not A Whore,electronic,16,pop
raw correlation,All Hands Against His Own,blues,Give Me You,r&b/soul,The Stranger Song,folk,New Project,rock
raw correlation,Black Door,blues,I Wanna Know,r&b/soul,Genius,electronic,I Want That,electronic
raw correlation,Busted,blues,Sunshine,hip hop,1-2 Crush On You,punk,Rescue Me,punk
raw correlation,Give Your Heart Away,blues,Heart In The Right Place,pop,Endless love,country,Share My World,r&b/soul
raw correlation,Grown So Ugly,blues,32 20 Blues,blues,Kindhearted Woman Blues,blues,The Dust Of A Town,metal
raw correlation,Hard Row,blues,Othello,reggae,All You Ever Knew,metal,Skynet,metal
raw correlation,I Got Mine,blues,Ain't Nobody,blues,I staden växer inga blommor,pop,I Got Rhythm,pop
raw correlation,If You See Me,blues,Smooth & Sweet,pop,Plastic Halo,pop,Only When ur Lonely,r&b/soul
raw correlation,Lies,blues,I've Always Been A Coward Baby,electronic,Lügen Und Das Ich,electronic,Lies  (LP Version),folk
raw correlation,Next Girl,blues,I Want My Girl,r&b/soul,Be My Girl,electronic,My Little Girl,blues
raw correlation,No Fun,blues,No Fun (Remasterd LP Version),punk,No No No,latin,La Estación,latin
raw correlation,Stack Shot Billy,blues,Who Shot Sam,country,Unintended Long Term Effects,punk,Trudy And Dave,rock
raw correlation,Ten Cent Pistol,blues,Diamond Smiles,rock,Queen Of Hollywood ( LP Version ),pop,Right About Now,country
raw correlation,The Flame,blues,Knew It All Along (Acoustic),folk,Sex Packets (LP Version),hip hop,Interlude 5,r&b/soul
raw correlation,These Days,blues,These Days,country,The Sense,punk,These Days,hip hop
raw correlation,When The Lights Go Out,blues,Do You Know?,r&b/soul,Down And Dirty,blues,Superman Tonight,rock
raw correlation,Have Love Will Travel,blues,Somewhere In Time,jazz,My Forfeit,metal,I Feel Love,pop
raw correlation,C.C. Rider,blues,Angelina,latin,Can't You See,pop,Down And Dirty,blues
raw correlation,I Got a Woman,blues,Passin' Me By,hip hop,Haywire,country,Empress,reggae
raw correlation,The Sun's Gonna Shine Again,blues,Devil Got My Woman,blues,The Way You Treated Me (You're Gonna Be Sorry),blues,Interlude 1,r&b/soul
raw correlation,Losing Hand,blues,Heroine,folk,Lollipop,hip hop,Baby,folk
raw correlation,Nobody But Me (Album Version),blues,I Ain't Never,country,Love Don't Love You (LP Version),r&b/soul,Let's Go,jazz
raw correlation,A Sunday Kind of Love,blues,And Roses And Roses,jazz,Fearless Love,rock,Fistful Of Diamonds,metal
raw correlation,I Just Want To Make Love To You,blues,I Just Want To Make Love To You,blues,Love Struck,r&b/soul,Want You_ Miss You_ Love You,latin
raw correlation,My Dearest Darling,blues,Endless love,country,Snowflakes,r&b/soul,Breakin' My Heart (Pretty Brown Eyes),r&b/soul
raw correlation,W.O.M.A.N.,blues,Perfect Stranger,metal,Givin' Up (Clean Version),rock,Shimmy_ Shimmy_ Ko-Ko-Bop (Single Version),latin
raw correlation,Alberta,blues,Lovely To See You,pop,Down And Dirty,blues,Theme From Mahagony (Do You Know Where You're Going To),electronic
raw correlation,Before You Accuse Me (Take A Look At Yourself),blues,Before You Accuse Me,blues,Preacher On A Sunday Morning,hip hop,You Had Me (Live),r&b/soul
raw correlation,Early In The Morning,blues,Broken Buildings,rock,Me And The Devil,blues,The Moor,metal
raw correlation,Floating Bridge,blues,Hurt Me Soul (Explicit Album Version),hip hop,About Cell Block #9,blues,Feel Me,hip hop
raw correlation,Kind Hearted Woman Blues (Album Version),blues,Kindhearted Woman Blues,blues,Breakin Me,blues,Black Magic Woman,blues
raw correlation,That's All (Album Version),classical,Fascination (Album Version),jazz,One Man Drinking Games,punk,All My Love,r&b/soul
raw correlation,America (Revised Live Version),classical,America,folk,All For One (Explicit) (2006 Remastered LP Version),hip hop,The Irony Of It All (Album Version),electronic
raw correlation,Broken Vow (Album Version),classical,Broken Vow,classical,Overcome,r&b/soul,Everytime I...,r&b/soul
raw correlation,Gira Con Me Questa Notte (Album Version),classical,Istruzioni Per L'(Ill)uso,hip hop,Roma Sogna,classical,Nord,jazz
raw correlation,Hymne A L'Amour (Album Version),classical,L'Homme De La Situation,pop,Tomber Le Masque,pop,A Tes Côtés,folk
raw correlation,It Came Upon A Midnight Clear (Album Version),classical,Sing,pop,Sing It,rock,Israel,classical
raw correlation,Let Me Fall (From Cirque du Soleil) (Album Version),classical,Let Me Out,rock,Come Take Me Over,pop,Let The Chips Fall,country
raw correlation,Mi Mancherai (Il Postino) (Revised Live Version),classical,Adagio,classical,Musica,classical,Il Pugile Sentimentale ( Live ),folk
raw correlation,My Confession (Album Version),classical,I Understand,punk,Book Of Life,hip hop,Don't Change Your Plans,rock
raw correlation,Oceano (Revised Live Version),classical,Niente Per Scontato,electronic,Mamma,classical,Bellamore,classical
raw correlation,Remember When It Rained (Album Version),classical,The Day I Lost My Voice (The Suitcase Song),rock,I Can't Function,rock,Orange Blossoms In Summertime,jazz
raw correlation,Remember When It Rained (Revised Live Version),classical,The Day I Lost My Voice (The Suitcase Song),rock,I Can't Function,rock,Orange Blossoms In Summertime,jazz
raw correlation,Smile,classical,Learn To Fly,pop,Spitfall,metal,Jack_ You're Dead!,blues
raw correlation,Solo Por Ti (Album Version),classical,Solo Por Bailar,pop,League Chicanos,latin,De Camino a la Vereda,latin
raw correlation,Un Giorno Per Noi (Album Version),classical,Oggi,jazz,Sana E Robusta,hip hop,L'Attesa,classical
raw correlation,Vincent (Starry_ Starry Night) (Album Version),classical,Colony,folk,Nausea,metal,Interlude 5,r&b/soul
raw correlation,When You Say You Love Me (Album Version),classical,North Dakota,country,Go On Ahead,rock,Hurts The Most,r&b/soul
raw correlation,You Raise Me Up (Album Version),classical,You Raise Me Up,classical,All Around Me,classical,Therapy,punk
raw correlation,Believe (Album Version),classical,Phoenix From The Fire,folk,Alfie,pop,Spitfall,metal
raw correlation,Away In A Manger,classical,Away In A Manger,jazz,Raio No Terrasu (Jesus Wept),electronic,Matty Groves,folk
raw correlation,Cinema Paradiso (Se) (Album Version),classical,La Promesa,classical,Se Tu Non Sei Lei,classical,Oggi,jazz
raw correlation,All Around Me,classical,Asleep,folk,Bitch,jazz,Kraken,metal
raw correlation,Black Opera,classical,Revenge,metal,Brooklyn Zoo,hip hop,To Be With You Again,pop
raw correlation,Baal's Hymn,classical,The Fine Print,hip hop,Anarchist Bookstore part 1,hip hop,Architecture II,classical
raw correlation,Adagio,classical,Adagio,classical,Mamma,classical,Tristesse,classical
raw correlation,Adeste Fideles,classical,Maria & Jag,pop,Out On The Western Plain,blues,Belladonna,punk
raw correlation,All By Myself (Solo Otra Vez),classical,Mi Vida Sin Tu Amor,latin,Mienteme Otra Véz,latin,Otra Vez,latin
raw correlation,Amazing Grace,classical,Amazing Grace,classical,Heavily Sedated,metal,Rugged Road,blues
raw correlation,Angelina,classical,El Camino Del Exceso,rock,Sonrisa especial,latin,Abre tu puerta (y cruza el universo),hip hop
raw correlation,Ave Maria,classical,Roma Sogna,classical,Fili,rock,Dolce Veneno,classical
raw correlation,Caruso,classical,Caruso,classical,Istruzioni Per L'(Ill)uso,hip hop,La Canzone Dell' Impossibile,jazz
raw correlation,Come Primavera,classical,Spente Le Stelle,classical,Istruzioni Per L'(Ill)uso,hip hop,Roma Sogna,classical
raw correlation,Dentro Un Altro Si,classical,L'Abbraccio,rock,Per combattere l'acne,folk,Oceano (Revised Live Version),classical
raw correlation,En Aranjuez Con Tu Amor,classical,Aranjuez Ma Pensee,classical,Mediterraneo,folk,Tu Y Yo,latin
raw correlation,Enamorado,classical,Te Amo,latin,Mi Vida Por Un Hombre,latin,De Oro,electronic
raw correlation,Esisti Dentro Me,classical,Tu Sonrisa,latin,Tú Sólo Tú,latin,Tu Sei,classical
raw correlation,Everytime I Look At You,classical,Broken Vow,classical,Broken Vow (Album Version),classical,Endless love,country
raw correlation,Feelings,classical,30 Anni Che Non Ci Vediamo,rock,Niente Per Scontato,electronic,I've Grown Accustomed To Her Face,jazz
raw correlation,Hallelujah (Aleluya),classical,El 28,pop,Buenaventura Y Caney,latin,Cantando,hip hop
raw correlation,Hasta Mi Final,classical,Te Amo,latin,De Oro,electronic,Clemencia,latin
raw correlation,Crazier,country,Higher,r&b/soul,Between A Mother And A Child,country,You Made Me Feel,country
raw correlation,Fifteen,country,In 2 Deep,reggae,Nausea,metal,Double Shadow,electronic
raw correlation,Change,country,Manhattan,jazz,Destination: Death or Better Days,metal,Side By Side,jazz
raw correlation,You Can't Read My Mind,country,Club Megamix,rock,Don't Worry,r&b/soul,Bizarre Love Triangle,electronic
raw correlation,Man In White,country,Riverboat,country,Snoopafella (Edited),hip hop,El Paso,rock
raw correlation,Holes,country,Lesson In Survival  (LP Version),folk,Heavily Sedated,metal,B-Boy Bouillabaisse: A.W.O.L. (2009 Digital Remaster),hip hop
raw correlation,Baby Girl,country,Stuck In The Middle With You (Non-Album Track),jazz,Promise Broken,country,Hot Sex,hip hop
raw correlation,Growin' Up Down There,country,The Irony Of It All (Album Version),electronic,Sex,hip hop,That's Life,jazz
raw correlation,Hangin' Around,country,Fever Moon,folk,Irresistible ( LP Version ),pop,I Wouldn't Change You If I Could,country
raw correlation,Here I Am,country,Shovel,hip hop,Stuck In The Middle With You (Non-Album Track),jazz,Closer To You,electronic
raw correlation,She's Got A Way With Me,country,Haywire,country,Hair,hip hop,Something In The Way She Moves,folk
raw correlation,That's How Country Boys Roll,country,The Molly Maguires,folk,Good Rats (Live),reggae,False Profits,rock
raw correlation,Where The Girls Are,country,Where Are You?,punk,Legions,rock,Wondering Where The Lions Are,jazz
raw correlation,Daddy Sang Bass,country,Will the Circle Be Unbroken?,folk,Immortal Chant,metal,Brothers Under The Bridges ('83),rock
raw correlation,I Don't Know Where I'm Bound,country,I Am Not A Whore,electronic,Fallin',electronic,16,pop
raw correlation,I Was There When It Happened,country,Book Of Life,hip hop,Lovebite,pop,Hurt Me Soul (Explicit Album Version),hip hop
raw correlation,The Big Battle,country,Loki Trickster God,metal,I'm On The Mic,reggae,The Lightning Strike,rock
raw correlation,A Thing Called Love,country,My Time,folk,Broken Heart,country,Mars Attacks,hip hop
raw correlation,You Dreamer You,country,Tool,pop,I fantasize of you,electronic,Get Sick Soon,folk
raw correlation,I Walk The Line,country,Holdin' On [Missin' U] (Album Version),r&b/soul,Don't Change Your Plans,rock,Everytime I...,r&b/soul
raw correlation,Life's Railway To Heaven,country,The Lords Prayer,classical,The Prayer,classical,Kingdom of Loss,metal
raw correlation,If I Had Wings,country,Intermission,punk,Runaway,hip hop,Here I Go Again,folk
raw correlation,Pray About Everything,country,One More Day,country,Stay While The Night Is Young,blues,Life It What It Is (Remastered LP Version),pop
raw correlation,Your Everything,country,It's All Up To You,r&b/soul,Whisper of Angels,classical,Closer To You,electronic
raw correlation,A Little Too Late,country,Little Lucy,rock,My Little Tragedy,electronic,Too Late,blues
raw correlation,Who's Your Daddy?,country,Who's Zoomin' Who?,r&b/soul,Cancel (Album Version),r&b/soul,Your Fire Your Soul,folk
raw correlation,A Woman's Touch,country,The Greatest Man In America,folk,Anarchist Bookstore part 1,hip hop,Oklahoma,country
raw correlation,Big Ol' Truck,country,She's In Love,country,Magic,rock,Spanish Harlem (LP Version),r&b/soul
raw correlation,Blue Bedroom,country,Only You,r&b/soul,Boxcutter Rap,hip hop,Suburban Ranger,rock
raw correlation,It's All Good,country,Flow On (Move Me No Mountain),hip hop,our ethos: a legacy to pass on,metal,LBC And The ING (Explicit),hip hop
raw correlation,Sweet,country,Book Of Life,hip hop,I'm,hip hop,Claimin' True,hip hop
raw correlation,You Shouldn't Kiss Me Like This,country,Interlude 5,r&b/soul,I Never Complain,punk,Stumble,pop
raw correlation,A Real Fine Place To Start,country,I'm Catching Hell (Living Here Alone) (Digitally Remastered 02),jazz,Sweet Leaf,metal,Sex Packets (LP Version),hip hop
raw correlation,Endless love,country,Get Sick Soon,folk,I Still Love You,r&b/soul,Seven Seas,r&b/soul
raw correlation,Love Gets In The Way (Album Version),country,Whispers,pop,Stranger In Paradise,r&b/soul,The Way It Is,reggae
raw correlation,I'd Like To Have That One Back,country,Intermission,punk,My Little Girl,blues,Electric Lady,r&b/soul
raw correlation,Marina Del Rey,country,Dead Spaces,metal,Sally's Pigeons,pop,Spanish Harlem (LP Version),r&b/soul
raw correlation,Milk Cow Blues,country,Revenge,metal,Never Gonna Give You Up,r&b/soul,My Darling,hip hop
raw correlation,Another Try,country,When I'm Gone,blues,Killin' Time,country,Blowin' Smoke,country
raw correlation,As Fast As I Could,country,Book Of Life,hip hop,That's How I Beat Shaq,pop,Everytime I...,r&b/soul
raw correlation,One More Time / Aerodynamic,electronic,Take Me Up,metal,Midnight Bottle,pop,In This Together,electronic
raw correlation,One More Time (Romanthony's Unplugged),electronic,One More Time,electronic,Come Back Baby,blues,One Love At A Time,jazz
raw correlation,Touch It / Technologic,electronic,Whip It,pop,It's De-Lovely,jazz,It's Too Good To Talk About Now,jazz
raw correlation,Boots &  Boys,electronic,Overcome,pop,I And You,rock,Pray For Me,country
raw correlation,Animal,electronic,Lovely Thing,pop,Intro,reggae,Complicated,country
raw correlation,Hot N Cold (Innerpartysystem Main),electronic,Delicious,pop,You're A Soldier,rock,You're The Top,jazz
raw correlation,Captains and Cruise Ships,electronic,B-Boy Bouillabaisse: A.W.O.L. (2009 Digital Remaster),hip hop,Excuse You,hip hop,Fever Moon,folk
raw correlation,Designer Skyline,electronic,Viva ! blunt force trauma,metal,Snowbirds And Townies,punk,Out of the sun,metal
raw correlation,Early Birdie,electronic,The Irony Of It All (Album Version),electronic,Ten Toes Tall,hip hop,How We Do,r&b/soul
raw correlation,Meteor Shower,electronic,Soobax,hip hop,I Don't Need This,electronic,Keep Moving,hip hop
raw correlation,This Is The Future,electronic,Disgrace (Unholy Remix),classical,Fat And Alone,rock,Spitfall,metal
raw correlation,Kings and Queens (Innerpartysystem Remix Main),electronic,Goons of Hazzard,punk,Black Milk,electronic,Tyrants,metal
raw correlation,Bounce,electronic,Claimin' True,hip hop,Soopaman Luva 3,hip hop,We Brings Heat,hip hop
raw correlation,Vanished,electronic,Cheatin',rock,She's On Drugs,rock,We Don't Need You,punk
raw correlation,Xxzxcuzx,electronic,Kinky Sex Makes the World Go 'Round,punk,The Place We Dwell,hip hop,Tea For Two (Featuring Jimmy Scott),jazz
raw correlation,Die Another Day [Live],electronic,Cynically Depressed,punk,School Days,punk,I'll Die,r&b/soul
raw correlation,Perfect (Nellee Hooper Instrumental),electronic,Ship Jumper,punk,Dude_ What Is a Land Pirate?,punk,We Are In Love,jazz
raw correlation,Love At First Sight (The Scumfrog's Beauty And The Beast Vocal Edit),electronic,Delirious Love,folk,Hear Me Lord,blues,Cruisin',r&b/soul
raw correlation,I Am Not A Whore,electronic,Not A Heel,folk,Hunter,electronic,Bitch,jazz
raw correlation,Fever,electronic,Whip It,pop,Corruption,punk,Save It,rock
raw correlation,Freestate,electronic,Firefly (LP Version),rock,Cancel (Album Version),r&b/soul,Brother Sport,latin
raw correlation,Personal Jesus,electronic,Personal Jesus,metal,Just What Can Happen,hip hop,Hold You,reggae
raw correlation,Broken,electronic,The Circus,pop,Magical,hip hop,Operation Rescue,punk
raw correlation,Kids With Guns (Quiet Village Remix),electronic,Touch It / Technologic,electronic,Doesn't Make It Alright,reggae,Whip It,pop
raw correlation,Rhinestone Eyes,electronic,Bump,hip hop,Peace_ Prosperity & Paper,hip hop,Flow On (Move Me No Mountain),hip hop
raw correlation,Invaders Must Die,electronic,Popkultur / Meide,electronic,Immersed In Pain,metal,We'll Never Die,pop
raw correlation,Wake Up Call (Album Version),electronic,Undertaker,country,Come Back When It Ain't Rainin',country,Strike It Up,electronic
raw correlation,We Gonna Rock,electronic,Rock Lobster (Live),electronic,Good Times,country,Convoy,country
raw correlation,The Great Collapse,electronic,A Floater Left With Pleasure In The Executive Washroom.,punk,Day Like This,punk,C.O.A.,electronic
raw correlation,Electric Barbarella (Radio Edit),electronic,Epilogue,rock,Famous Blue Raincoat,folk,She's The Source,rock
raw correlation,Pluto,electronic,Wasteland,metal,Pardon Me,rock,Birds Of Paradise,electronic
raw correlation,Delta Bay,electronic,Down In The Alley,blues,The What,hip hop,Unintended Long Term Effects,punk
raw correlation,We Are The People (Shazam Remix),electronic,Revenge,metal,Rush,electronic,Irresistible ( LP Version ),pop
raw correlation,You Left Me,electronic,It's Too Late,pop,Touch Me,blues,Play With Fire,pop
raw correlation,The Warning,electronic,Hunter killer,metal,Waiting For The Day,r&b/soul,It's All Up To You,r&b/soul
raw correlation,Keep It On Ice,electronic,Captor Of Sin (Slayer Cover),metal,Lord Of Eternity,metal,Super Reality,metal
raw correlation,The Jester,electronic,Keep It Real,hip hop,You & I,hip hop,Flow On (Move Me No Mountain),hip hop
raw correlation,Lazy Days,electronic,Mistress Of Disguise,electronic,Swept Away,country,It's Okay To Think About Ending,electronic
raw correlation,Someone Said Goodbye,electronic,I Don't Know Why You Don't Want Me,country,I Don't Know Why I Love You,reggae,I Don't Know That You Don't Know My Name (2004 Digital Remaster),blues
raw correlation,The Magic Of The Night,electronic,The Power Of Lard,punk,Lost,electronic,MAPS OF REALITY,pop
raw correlation,Gave It A Name,folk,Mr. E. Leon Rauis,rock,Ninja Of Love (Album Version),pop,Mongoloid,punk
raw correlation,The Vanishing Race,folk,The Ride Of The Valkyries,classical,Peaceful,pop,The Sound of Silence,folk
raw correlation,All We Ever Do Is Say Goodbye,folk,Don't Say Goodbye,r&b/soul,Goodbye,punk,Part Of The Process,electronic
raw correlation,Clarity,folk,Rubylove,folk,Honeymoon With You,pop,Dear Lover,r&b/soul
raw correlation,Why Georgia,folk,8 Mile,hip hop,Rabbit Run,hip hop,Book Of Life,hip hop
raw correlation,Mudfootball (For Moe Lerner),folk,More Pricks Than Kicks,folk,Devil,electronic,East Coast Fuck You,punk
raw correlation,Sister Winter,folk,Friends/Oh My My (LIve),folk,Tears of Laughter,punk,Waterloo,pop
raw correlation,In A Graveyard,folk,Gamma Ray,rock,Indulge In Frenzy,metal,And The World Shall Be Your Grave,metal
raw correlation,Baby,folk,I Think I Love You,reggae,I Still Love You,r&b/soul,Everytime I...,r&b/soul
raw correlation,Janglin,folk,Dead March,electronic,Goons of Hazzard,punk,We Are Detective,pop
raw correlation,Ballad In Plain D,folk,Electric Lady,r&b/soul,Birthday Card,hip hop,Caroline (Album Version),pop
raw correlation,One Of Us Must Know (Sooner Or Later),folk,I Try,r&b/soul,Chelsea Hotel #2,folk,Revenge,metal
raw correlation,It's Growing,folk,Big And Bad,jazz,Coal Black Horses,country,Shock Dat Monkey,r&b/soul
raw correlation,Oh_ Susannah (LP Version),folk,Snoopafella (Edited),hip hop,Act A Fool,hip hop,Shape I'm In,blues
raw correlation,Something In The Way She Moves,folk,Hair,hip hop,Got Some Teeth,hip hop,Passin' Me By,hip hop
raw correlation,Draw The Line,folk,Stand In Line,reggae,Farewell Ride,rock,California,country
raw correlation,Sail Away,folk,Angelica,latin,Nice & Slow,r&b/soul,Misled,rock
raw correlation,Stella The Artist,folk,Ballad In Plain D,folk,Vapors,hip hop,Song Of Lies,folk
raw correlation,Swing Life Away (Acoustic),folk,Soulmate,country,On the Outside,folk,Gas In My Car,reggae
raw correlation,Billy 4,folk,Spitfall,metal,The Dance,hip hop,Hollywood (So Far_ So Good),rock
raw correlation,Stuck Inside Of Mobile With The Memphis Blues Again,folk,Vapors,hip hop,Ridiculous,hip hop,Kill The President,punk
raw correlation,Pretty Peggy-O,folk,Mr. E. Leon Rauis,rock,Automatic Man (Album Version),punk,The Sanity Assassin,punk
raw correlation,She Belongs To Me,folk,She's Amazing,r&b/soul,She's Single Again,country,Addicted,country
raw correlation,When The Deal Goes Down,folk,Hold You,reggae,Shift Shape,hip hop,The Irony Of It All (Album Version),electronic
raw correlation,With God On Our Side,folk,Keep It Real,hip hop,We Brings Heat,hip hop,LBC And The ING (Explicit),hip hop
raw correlation,Terrapin,folk,Preacher On A Sunday Morning,hip hop,Only You,r&b/soul,Beautiful Dreamer,rock
raw correlation,On The 4th of July,folk,Moonlight Serenade,jazz,Showtape '91,electronic,The 4th Branch,hip hop
raw correlation,Company Man,folk,Can't You See,pop,Only You,r&b/soul,Nausea,metal
raw correlation,Ace,folk,Old Hippie,country,Possessed To Skate,metal,Wolfman Jack,hip hop
raw correlation,How Do You Keep Love Alive,folk,The Guns of Love Disastrous,rock,Buzzards of Love,folk,Can't You See,pop
raw correlation,When The Stars Go Blue,folk,Do You Know Where You're Going To,r&b/soul,Theme From Mahagony (Do You Know Where You're Going To),electronic,Superman Tonight,rock
raw correlation,Forever My Friend,folk,Judgement Hour,electronic,This Is Me (Acoustic Full Version),pop,Time to Lose,punk
raw correlation,How Come [Acoustic Mix],folk,Midnight Man,rock,Pace Is The Trick,rock,B-Boy Bouillabaisse: A.W.O.L. (2009 Digital Remaster),hip hop
raw correlation,Chelsea Hotel #2,folk,Angelina,latin,Everybody Needs Somebody To Love,blues,One Of Us Must Know (Sooner Or Later),folk
raw correlation,Lethal Enforcer (Live From Union Chapel_ London),folk,Hook,blues,This Song Goes Out To (Album Version),punk,War Out Of Peace,folk
raw correlation,Change,folk,Pervert,electronic,Oooh,r&b/soul,More Than This,folk
raw correlation,Under The Weather,folk,Already Died,rock,Stranger,rock,Where I Stand,country
raw correlation,So Sister,folk,Hot Sex,hip hop,Oooh,r&b/soul,I Think I Love You,reggae
raw correlation,Lost Tonight,folk,Sexy,hip hop,Interlude 1,r&b/soul,I Know You Got Soul,hip hop
raw correlation,Sunnyside Of The Street,folk,In Parentheses,rock,Preachin' To The Choir,country,Book Of Life,hip hop
raw correlation,Can't Tell Me Nothing,hip hop,I La La La Love You,blues,India,classical,Very Special (LP Version),hip hop
raw correlation,Graduation Day,hip hop,Crossing the Boundary,hip hop,Revenge,metal,Angelina,latin
raw correlation,Wake Up Mr. West,hip hop,Looking For A Job,country,Angelina,latin,Down And Dirty,blues
raw correlation,A8,hip hop,Can't You See,pop,Everybody Needs Somebody To Love,blues,All About You,metal
raw correlation,Boom Boom Guetta,hip hop,Let's Get Crazy,hip hop,Getting Over You,r&b/soul,Fight (1994 Digital Remaster),rock
raw correlation,Communication,hip hop,Live On Stage,hip hop,Conant Gardens,hip hop,Flow On (Move Me No Mountain),hip hop
raw correlation,One Tribe,hip hop,One For The Mockingbird,rock,N30,punk,One Love / People Get Ready,reggae
raw correlation,Sexy,hip hop,Run The Show,r&b/soul,Stumble,pop,What's Your Problem,rock
raw correlation,Tell Your Momma Come,hip hop,Midnight Man,rock,Sounds Of Brutality,metal,Trans DF Express,r&b/soul
raw correlation,The Apl Song,hip hop,Keep It Real,hip hop,Fa Sho Fo Real,hip hop,Fucked Up,hip hop
raw correlation,Diamonds From Sierra Leone,hip hop,Onyx Is Back,hip hop,Web In Front,rock,All I Ever Think About,r&b/soul
raw correlation,If I Had,hip hop,I'm So Glad,blues,Freedom,hip hop,Concerto,hip hop
raw correlation,Ken Kaniff,hip hop,Cardiac Arrest,reggae,Voices In My Head,hip hop,Releasing Hypnotical Gases,hip hop
raw correlation,My Darling,hip hop,Fever Moon,folk,Revenge,metal,Underdrive,rock
raw correlation,8 Mile,hip hop,Book Of Life,hip hop,Gotta Get Over (Taking Loot) (Explicit),hip hop,It's Like That,jazz
raw correlation,Love Was Here,hip hop,You're Coming Home,blues,Naked,r&b/soul,Coming Back,rock
raw correlation,Be With You,hip hop,Revenge,metal,With You,metal,Could It Be I'm Falling In Love,r&b/soul
raw correlation,Locked Up,hip hop,When I Get To Heaven (Remix) (Explicit),hip hop,Let Me Out,rock,Nasty Habits,blues
raw correlation,So Ghetto,hip hop,lucky to be me,jazz,Keep Moving,hip hop,Best Friend,r&b/soul
raw correlation,Heart Of The City (Ain't No Love),hip hop,Club Megamix,rock,Best Friend,r&b/soul,Ten Toes Tall,hip hop
raw correlation,Rabbit Run,hip hop,Book Of Life,hip hop,Preachin' To The Choir,country,Soopaman Luva 3,hip hop
raw correlation,Splurge,hip hop,I'm,hip hop,Bad Mutha,hip hop,Revenge,metal
raw correlation,St. Louie,hip hop,From What I Was Told,hip hop,Safe + Sound,hip hop,Run Around,blues
raw correlation,Wrap Sumden,hip hop,I'm,hip hop,B-Boy Bouillabaisse: A.W.O.L. (2009 Digital Remaster),hip hop,Ten Toes Tall,hip hop
raw correlation,Soon You'll Understand,hip hop,Revenge,metal,Between A Mother And A Child,country,Angelina,latin
raw correlation,Encore,hip hop,Tell Me (Acoustic),folk,Stumble,pop,So What'Cha Want (Butt Naked Version) (Explicit) (2009 Digital Remaster),hip hop
raw correlation,Say Now,hip hop,The Red Plains,folk,Online Songs,punk,Here Comes The Hotstepper,reggae
raw correlation,Been There Done That,hip hop,Live Foul,hip hop,Keep It Real,hip hop,Claimin' True,hip hop
raw correlation,Magical,hip hop,Supernatural Thing Part 1,r&b/soul,Love Don't Live Here,electronic,A Deeper Love,r&b/soul
raw correlation,Over,hip hop,Do It Again,jazz,Bright Young Thing,rock,Do It Again,pop
raw correlation,Wrap U Around Me,hip hop,Peel Me A Grape,jazz,He Loves Me (Lyzel In E Flat),r&b/soul,Be Your Husband,blues
raw correlation,Paper Planes,hip hop,All For One (Explicit) (2006 Remastered LP Version),hip hop,I'm,hip hop,I Fought The Law,punk
raw correlation,Set It Off,hip hop,Out Of Sight,r&b/soul,LET's GIT IT ON,hip hop,Miracle Mile,country
raw correlation,Ho,hip hop,Mambo Swing,jazz,Up On The House Top,country,Live On Mars,punk
raw correlation,The What,hip hop,That's What It Is,hip hop,Mars Attacks,hip hop,Bubble Music,hip hop
raw correlation,Rowdy Rowdy,hip hop,Da Mystery Of Chessboxin',hip hop,The Fire In Which You Burn (feat. J-Treds & The Brewin From The Juggaknots),hip hop,You Do_ I Do,hip hop
raw correlation,Bang Out,hip hop,Uzi,hip hop,Clifton,hip hop,Ten Toes Tall,hip hop
raw correlation,Snoopafella (Edited),hip hop,Goodbye,jazz,Act A Fool,hip hop,B-Boy Bouillabaisse: A.W.O.L. (2009 Digital Remaster),hip hop
raw correlation,Hair,hip hop,What's On Your Mind,hip hop,B-Boy Bouillabaisse: A.W.O.L. (2009 Digital Remaster),hip hop,Birthday Card,hip hop
raw correlation,Happymess,hip hop,You & I,hip hop,Bad Mutha,hip hop,I'm,hip hop
raw correlation,Put Your Head On My Shoulder (Album Version),jazz,Kiss And Tell,r&b/soul,Hypnotize Me,pop,Tell Me,r&b/soul
raw correlation,Stuck In The Middle With You (Non-Album Track),jazz,Rotten Apple Pie,hip hop,Hot Sex,hip hop,I'm,hip hop
raw correlation,You'll Never Find Another Love Like Mine (Album Version),jazz,When She's Gone,folk,You Are My Destiny,jazz,Falling Star,r&b/soul
raw correlation,Kiss me baby,jazz,All Night Long,jazz,I'm Looking For A Woman,blues,Late Last Night,blues
raw correlation,Let's Go,jazz,Play With Fire,pop,You Don't Know Me,jazz,You Don't Know Me,jazz
raw correlation,Moon Over Miami,jazz,Charmed Life,jazz,Heart of a Dragon,metal,Lullaby Of Birdland,jazz
raw correlation,Hit That Jive Jack,jazz,Sex,hip hop,Around The Way [Explicit Album Version],hip hop,The Worst,hip hop
raw correlation,The Christmas Song,jazz,The Christmas Song,country,Just To Get A Rep,hip hop,Close My Eyes,reggae
raw correlation,Too Young,jazz,We Are The Young,pop,We Are All In This Together,folk,Save The Humans,punk
raw correlation,Unforgettable,jazz,Clockwork,hip hop,The Windmills Of Your Mind,blues,That's All (Album Version),classical
raw correlation,Autumn Leaves,jazz,The Awakening,metal,Meditation,jazz,Into The Light,electronic
raw correlation,Love Is A Many Splendored Thing,jazz,That's The Way Love Is,r&b/soul,The Rose,pop,Somewhere In My Heart,reggae
raw correlation,Smoke Gets in Your Eyes,jazz,Smoke Gets In Your Eyes,folk,I Love Fucking Up,punk,I Love You Honey,country
raw correlation,If You Can't Smile And Say Yes,jazz,Don't You Say No,r&b/soul,Don't Say Goodbye,r&b/soul,Rap Promoter,hip hop
raw correlation,She's Funny That Way,jazz,I Don't Love You Much Do I (2007 Remastered LP Version),country,I Changed My Mind,r&b/soul,Club Megamix,rock
raw correlation,The Ruby And The Pearl (2003 Digital Remaster),jazz,Expansion Team Theme,hip hop,Phaeton,jazz,Into The Light,electronic
raw correlation,The Very Thought Of You,jazz,Amazed,r&b/soul,Boxcutter Rap,hip hop,Famous Blue Raincoat,folk
raw correlation,Rudolph The Red-Nosed Reindeer,jazz,Rudolph The Red Nosed Reindeer,classical,All About U,hip hop,Yours (Live),jazz
raw correlation,December,jazz,When I Fall In Love,jazz,When I Get Old,punk,All The Woman (Recorded Live In London '99),pop
raw correlation,Don't Know Why (Live),jazz,I Don't Know Why I Love You,reggae,Random I Am (Album Version),punk,Freezin In The Cold,hip hop
raw correlation,Humble Me,jazz,All About You,metal,All Of Me,r&b/soul,Knew It All Along (Acoustic),folk
raw correlation,I've Got To See You Again,jazz,Sadness On My Back,punk,I'll Never Love Again,punk,Everytime I...,r&b/soul
raw correlation,Sinkin' Soon (iTunes Live Session),jazz,Static Age,punk,Good Times,country,We Are Detective,pop
raw correlation,The Long Way Home,jazz,Everytime I...,r&b/soul,Runaway,hip hop,Broken Vow (Album Version),classical
raw correlation,Those Sweet Words,jazz,Get Sick Soon,folk,Call Me (Clean Version),hip hop,Revenge,metal
raw correlation,Wish I Could (Live),jazz,Keep Moving,hip hop,Masquerade,pop,Clearer Now,punk
raw correlation,My Dear Country,jazz,B-Boy Bouillabaisse: A.W.O.L. (2009 Digital Remaster),hip hop,The Car Song,reggae,Book Of Life,hip hop
raw correlation,I Love The Way You Say Goodnight,jazz,The Way You Move,hip hop,Dimples,jazz,Para-noir,metal
raw correlation,White Christmas,jazz,When Will I See Your Face Again,folk,When I Lay My Burden Down,blues,At The End Of The Sky,electronic
raw correlation,Memories Are Made Of This,jazz,Highlight Of My Life,country,Conviction Of The Heart,jazz,Requiem for a Soldier (Band of Brothers),classical
raw correlation,Little Room,jazz,Flow On (Move Me No Mountain),hip hop,My Elusive Dreams,country,Kinky Sex Makes the World Go 'Round,punk
raw correlation,Bei Mir Bist Du Schön,jazz,Tell Me (Acoustic),folk,When You Say You Love Me (Album Version),classical,Like The Sun,classical
raw correlation,Don't Sit Under The Apple Tree,jazz,(You Were Made) Especially For Me,r&b/soul,I Don't Want To Hang Out With Me (LP Version),country,Don't You Ever,pop
raw correlation,Falling In Love Again,jazz,Falling In Love Again,pop,When I Fall In Love,jazz,Lovebite,pop
raw correlation,Heebie Jeebies,jazz,In the Journey,folk,Lovesick Blues,country,I Don't Want To Talk About It,hip hop
raw correlation,I Will Survive,jazz,Overcome,r&b/soul,Everytime I...,r&b/soul,I Still Love You,r&b/soul
raw correlation,In The Mood,jazz,Pack The Pipe,hip hop,Keep Moving,hip hop,I Was There When It Happened,country
raw correlation,Kiss,jazz,Memorial Day,hip hop,You Never Knew,hip hop,4 Seasons Of Loneliness,r&b/soul
raw correlation,Let Me Go Lover,jazz,Let Me Be Me,r&b/soul,Peel Me A Grape,jazz,He Loves Me (Lyzel In E Flat),r&b/soul
raw correlation,On An Evening In Roma (Sott'er Celo De Roma),jazz,Paint or Pollen,folk,Vita Mia,classical,Never Touch That Switch (Dark Horse Dub Mix),pop
raw correlation,No Puedo Mas Sin Ti (I'm Your Man),latin,Desde Que No Estas,latin,Precisamente Ahora,latin,Algo Mas,latin
raw correlation,En Tus Pupilas,latin,Amor de Tele,latin,Yo se que,latin,El ectoplasta,pop
raw correlation,Que Me Quedes Tu,latin,No Hay Manera,latin,Amor De Siempre,latin,Grito Latino,latin
raw correlation,Sombra De Ti,latin,Ahora Que Te Vas,pop,Precisamente Ahora,latin,Cosas Que Nunca Te Dije,electronic
raw correlation,Te Dejo Madrid,latin,Mujer Calavera,latin,Basta De Ti,latin,Miedo,latin
raw correlation,Tú,latin,19 De Noviembre,latin,Tierra Sin Sol,latin,Entre Tus Alas,latin
raw correlation,La Chica De Ayer,latin,Miserable,latin,Abarajame,hip hop,Tu Eres Mi Luz,latin
raw correlation,Adicto,latin,Obsesion (English Remix_ Album Version),latin,Cartita de amor,pop,Animal Nocturno,latin
raw correlation,Al Despertar,latin,La Coqueta,latin,Te Extrano,latin,Buscándote,reggae
raw correlation,Alguien Como Tú,latin,Amor De Siempre,latin,Buscándote,reggae,No Sabes Cuanto Te Quiero,latin
raw correlation,Inalcanzable,latin,Vete De Mi,latin,Tu Me Acostumbraste,latin,¿A Dónde Estabas?,latin
raw correlation,Lloro Por Ti,latin,Vete De Mi,latin,Fui,latin,Por Ti Seré (You Raise Me Up),classical
raw correlation,Mamacita,latin,Sueño,latin,Guaracha,latin,La Quejosa,latin
raw correlation,Miss You,latin,The Girls In Their Summer Dresses,rock,Breakaway,pop,Never Do It Again,r&b/soul
raw correlation,Para De Jugar,latin,Libre,reggae,Mujer Calavera,latin,Madre Mia,latin
raw correlation,She Be The One,latin,She's A Runner (24-Bit Digitally Remastered 02),rock,Carnt Be Trusted,pop,Too Good To Be True,r&b/soul
raw correlation,Trapecista,latin,Guacamaya,latin,Sonrisa especial,latin,Volar,latin
raw correlation,Tu Vacio,latin,Todavía Me Amas,latin,Quien No Ha Dicho Una Mentira,latin,No Sabes Cuanto Te Quiero,latin
raw correlation,Volveré,latin,Intentalo tu,latin,ya No,latin,Gitano Corazon,latin
raw correlation,Estoy Aquí,latin,Receio do remorso,reggae,Rosas,pop,Nêga Jurema,metal
raw correlation,Life Is Anew,latin,Because Of You,jazz,MAPS OF REALITY,pop,The Awakening,metal
raw correlation,Donde Estas Corazon,latin,Nadie mas que yo (directo Las Ventas),latin,No Mas Apartheid,reggae,Cenando En Paris,latin
raw correlation,Octavo Día,latin,Agua De Mayo,latin,Y Sigo Preguntandome,latin,Mediterraneo,folk
raw correlation,Te Necesito,latin,Todavía Me Amas,latin,Obsesion (English Remix_ Album Version),latin,No Te Vayas,blues
raw correlation,Evil Ways,latin,Preacher On A Sunday Morning,hip hop,Sweet Misery,r&b/soul,I'll Spend My Life With You,pop
raw correlation,Anna (el negro zumbon),latin,El Arado,latin,A fuego lento (directo Las Ventas),latin,U,pop
raw correlation,Piensa en mi,latin,La Chica De Ayer,latin,Asi Eres Tu,latin,Tú,latin
raw correlation,Esperando,latin,My Baby Just Cares For Me,jazz,Waiting For My Child,country,Cryin',blues
raw correlation,Beautiful Liar (Bello Embustero),latin,Vine A Decirte Adios,latin,No Existe Un Lugar,latin,Años Luz,pop
raw correlation,Rosario Tijeras,latin,La Aristocracia del Barrio,latin,Sol_ Playa Y Arena,reggae,El Cosechero,latin
raw correlation,Animal Nocturno,latin,Quien No Ha Dicho Una Mentira,latin,Don Manuel Sr. Molina,latin,Cuando,latin
raw correlation,Alejate De Mi,latin,Obsesion (English Remix_ Album Version),latin,La Coqueta,latin,Aqui Se Termino (Never Forever),pop
raw correlation,Entre Tus Alas,latin,19 De Noviembre,latin,Es Por Ti,latin,Amor Latino,latin
raw correlation,Me Basto,latin,No Te Vayas,blues,Te Extrano,latin,Al Despertar,latin
raw correlation,Va Para Ti,latin,Manto Estelar,electronic,La Estación,latin,No Me Acostumbro,latin
raw correlation,Fui,latin,Lloro Por Ti,latin,No Pense Enamorarme Otra Vez,latin,La rabia,latin
raw correlation,Ilusionado,latin,La Coqueta,latin,Todos Quieren A Raymond,reggae,Sueño,latin
raw correlation,Piel De Ciudad,latin,Voy A Seguir,latin,Tu Y Yo,latin,Alejate De Mi,latin
raw correlation,Quedate,latin,Ni Te Llamo Ni Te Busco,latin,Todavía Me Amas,latin,Aqui Se Termino (Never Forever),pop
raw correlation,Brother Sport,latin,Get Your Hands Up,hip hop,In Moderation,metal,Freestate,electronic
raw correlation,The Prince,metal,I've Grown Accustomed To His Face,jazz,Me And The Devil,blues,Crime,reggae
raw correlation,Second Heartbeat,metal,Just a Memory,punk,A Song For You,jazz,Whereareyougoing,r&b/soul
raw correlation,To End The Rapture,metal,Throne Of Dark Immortals,metal,What You Became,metal,Apocalyptic Destroyer of Angels,metal
raw correlation,Witness,metal,"You Are The Universe (Roger's Universal 7"" Edit)",jazz,Incision,electronic,It's Only Your Life,folk
raw correlation,Heartache Every Moment,metal,The Miner Becomes Forgetful,folk,Broken Heart,country,All About U,hip hop
raw correlation,Sigillum Diaboli,metal,Pervert,electronic,Sold,pop,Gotta Get Over (Taking Loot) (Explicit),hip hop
raw correlation,Refined By Your Embrace,metal,I fantasize of you,electronic,Rabbit Run,hip hop,Beyond Salvation,metal
raw correlation,The Innocence Spilled,metal,The End Of An Anchor,punk,Something For The Pain,blues,So Help Me God,electronic
raw correlation,An American Dream,metal,This Is Not America,jazz,Bear The Cross,metal,Threat,reggae
raw correlation,The Changing Of Times,metal,Whereareyougoing,r&b/soul,Only When ur Lonely,r&b/soul,Get Sick Soon,folk
raw correlation,Autumn,metal,Sprachbarrieren,hip hop,Auf das Leben,folk,Viel Mehr,hip hop
raw correlation,Chorus Of Angels,metal,Fireflies Take Flight,folk,Remind Me (Live),electronic,Now Three,folk
raw correlation,Follow The Wolves,metal,Vengeance of Demonic Fury,metal,Full Moon,folk,Son Of The Morning,metal
raw correlation,I Am You,metal,The Weak Shall Prevail,metal,Redemption,metal,Burning Bridges,rock
raw correlation,The Science Of Lies,metal,The 4th Branch,hip hop,Showtape '91,electronic,Masquerade,classical
raw correlation,Slow Down,metal,You're Not Supposed To,r&b/soul,Angelina,latin,You're A Zombie,punk
raw correlation,Steal Away (The Night),metal,Further Away,rock,Chase The Clouds Away,jazz,The Look Of Love,jazz
raw correlation,Black Curtains (2004 Digital Remaster),metal,Black Jettas,rock,Black Sheep,folk,Black Is The Color,folk
raw correlation,Die Dead Enough,metal,Runaway,hip hop,Awake Enough,electronic,Ball Peen Hammer,blues
raw correlation,Bodies,metal,Let The Beat Hit 'Em,r&b/soul,Let Me Go Lover,jazz,Let Me Be Me,r&b/soul
raw correlation,Rotting Head,metal,Tuleen Ajettu Maa,metal,Vengeance of Demonic Fury,metal,Bloodletting Upon The Cloven Hoof,metal
raw correlation,Gehenna,metal,I Want You,hip hop,Breakin Me,blues,I Want That,electronic
raw correlation,[sic] [Explicit],metal,Revenge,metal,Tangled Up,r&b/soul,Your Eyes,pop
raw correlation,Gunshots by Computer,metal,Ex-Factor,r&b/soul,Nipple To The Bottle,r&b/soul,Untouchable,hip hop
raw correlation,Hope Is... (Album Version),metal,Heroes Of Our Land,metal,Manhattan,jazz,We Are the End,metal
raw correlation,The Moor,metal,Elohim (1972),hip hop,Skullptures,metal,Snoopafella (Edited),hip hop
raw correlation,This Flesh A Tomb (Instrumental Version),metal,Let Me Into Starfish Land,metal,Bent,folk,Runaway,hip hop
raw correlation,A Higher Standard,metal,It's Undeniable,punk,Prime Time TV,jazz,It's De-Lovely,jazz
raw correlation,Redemption,metal,So_ I Guess This Is Goodbye,metal,Happymess,hip hop,Furtive Monologue,metal
raw correlation,We Die Alone (Bonus Track),metal,Daneurysm,metal,Die Polizei,rock,Dead March,electronic
raw correlation,Elements,metal,Fountainhead,metal,13 Months Of Sunshine,reggae,The chronicle of shadows,metal
raw correlation,Know The Difference,metal,What Do I Know,pop,Genius,electronic,I Can Change,r&b/soul
raw correlation,Peephole,metal,It's Only Money,blues,It's Only Money,rock,Castles In The Sky,electronic
raw correlation,Hellhounds on My Trail,metal,My Finest Hour,pop,Tell Me (Acoustic),folk,Heartattack,punk
raw correlation,No Commands,metal,Pride,electronic,The Girls In Their Summer Dresses,rock,No More Runnin,electronic
raw correlation,Mother (2006 Remastered Alternate Mix),metal,B-Boy Bouillabaisse: A.W.O.L. (2009 Digital Remaster),hip hop,Mr. Wiggles,r&b/soul,Clickety Clack,hip hop
raw correlation,Lord Of The Flies (Live In Dortmund),metal,Photography,punk,Growin' Old,hip hop,Perfect Stranger,metal
raw correlation,Phantom Of The Opera (Live) (1998 Digital Remaster),metal,Nausea,metal,Angelina,latin,Predictable,pop
raw correlation,Re-Birth,metal,Into The Sun,jazz,All About You,metal,Out of Character,blues
raw correlation,This Pain,metal,Releasing Hypnotical Gases,hip hop,Ballad In Plain D,folk,Abandon Ship,reggae
raw correlation,You Are Not Alone,pop,Dressed To Kill,punk,You Don't Have A Clue,electronic,To Where You Are,classical
raw correlation,Baby Be Mine,pop,Anytime,pop,Dream,r&b/soul,Preacher On A Sunday Morning,hip hop
raw correlation,Man In The Mirror,pop,Show Me The Money,hip hop,Sunshine,hip hop,LaLa,r&b/soul
raw correlation,Why You Wanna Trip On Me,pop,U,pop,Thinking Blues,blues,Shame On Me,country
raw correlation,TiK ToK,pop,Trife Life,hip hop,Ain't No Stopping Us Now,r&b/soul,We Brings Heat,hip hop
raw correlation,Nothing Lasts Forever,pop,It's Alright,punk,I Try,r&b/soul,Splurge,hip hop
raw correlation,Roamer,pop,It's Like That,jazz,8 Mile,hip hop,Fucked Up,hip hop
raw correlation,Live High (Album Version),pop,Black & White,hip hop,Mexico City,folk,Let's Live It Up,jazz
raw correlation,Did I Do That?,pop,What You Do To Me,r&b/soul,"You Are The Universe (Roger's Universal 7"" Edit)",jazz,The Hop,hip hop
raw correlation,I'll Be There,pop,I'll Be There,classical,There Will Be A Light,blues,It's All Up To You,r&b/soul
raw correlation,I Think They're Thinking - Interlude,pop,Guns And Dolls,rock,Thinking About You,pop,Oooh,r&b/soul
raw correlation,Silent Movie,pop,Mighty Good,rock,Predictable,pop,You Don't Have A Clue,electronic
raw correlation,Stumble,pop,Ain't No Way (You Won't Love Me),r&b/soul,Revenge,metal,Club Megamix,rock
raw correlation,Heroe,pop,Get Sick Soon,folk,To Be With You Again,pop,I Can Feel You,pop
raw correlation,Little Girl,pop,Get Sick Soon,folk,To Be With You Again,pop,My Darling,hip hop
raw correlation,Ruleta Rusa,pop,La Media Vuelta,latin,Sacrificio,rock,Entra,reggae
raw correlation,Contigo,pop,Candela,latin,En el último lugar del mundo,latin,Milonga Del Solitario,folk
raw correlation,Años Luz,pop,Obsesion (English Remix_ Album Version),latin,Clemencia,latin,Algo Mas,latin
raw correlation,Love Song,pop,Ain't No Way (You Won't Love Me),r&b/soul,Revenge,metal,Can't You See,pop
raw correlation,Candyman,pop,Wolfman Jack,hip hop,Old Hippie,country,Automatic Man (Album Version),punk
raw correlation,Tell Me Something I Don't Know,pop,Salva Mea,electronic,All Of Me,country,Flowers On The Wall,pop
raw correlation,Cry,pop,Everytime I...,r&b/soul,I'd Like To,r&b/soul,I Think I Love You,reggae
raw correlation,Zora sourit,pop,Laquelle Des Deux Est La Plus Snob,pop,3ème Sexe,electronic,Earthless,folk
raw correlation,Dance,pop,Act Like You Know (LP Version),hip hop,WordPlay,hip hop,Ruggedness,hip hop
raw correlation,Partout Je Vois,pop,Best Friend,r&b/soul,Snowflakes,r&b/soul,I Still Love You,r&b/soul
raw correlation,Anytime,pop,Alguien Real (Baby_ I'm In Love),latin,Dream,r&b/soul,Club Megamix,rock
raw correlation,Simplest Love,pop,Love For Sale (LP Version),jazz,My Love For You Is Real,country,Love For Sale,latin
raw correlation,Midnight Bottle,pop,Don't Be A Stranger,pop,Only For The Weak,metal,Try Sleeping With A Broken Heart,r&b/soul
raw correlation,Let Me Be,pop,Baby Now That I've Found You,country,Club Megamix,rock,Love Affair,r&b/soul
raw correlation,Big Sky,pop,Preacher On A Sunday Morning,hip hop,Witch,pop,Snowflakes,r&b/soul
raw correlation,Thinking About You,pop,I Think I Love You,reggae,Oooh,r&b/soul,All I Ever Think About,r&b/soul
raw correlation,A Groovy Kind Of Love (Live),pop,Sweet Misery,r&b/soul,Get Sick Soon,folk,Club Megamix,rock
raw correlation,That's Why You're Beautiful,pop,Tu Eres,latin,That's All (Album Version),classical,Beautiful Song,electronic
raw correlation,Step By Step,pop,By The Way,hip hop,Flash Pan Hunter/Intro,classical,Every Little Bit,country
raw correlation,Piece Of Me (Main Version),pop,The Angry Cry Of The Angry Pie,punk,Kid Gloves,pop,Dying Embers,metal
raw correlation,Can't Make You Love Me,pop,Club Megamix,rock,Where Will I Be Now,pop,Breakin Me,blues
raw correlation,Girl In The Mirror,pop,El Paso,rock,Emeraldine,jazz,Snoopafella (Edited),hip hop
raw correlation,Radar,pop,Get It How You Live  (Explicit Chopped & Screwed Version),hip hop,Lover Tonite,rock,Preacher On A Sunday Morning,hip hop
raw correlation,When Your Eyes Say It,pop,Kickin' It With Your Girlfriend,r&b/soul,Yours (Live),jazz,Lovebite,pop
raw correlation,Precious (Live In Milan),pop,NoOne,r&b/soul,Soft Things,electronic,You Never Knew,hip hop
raw correlation,Insectica,punk,Displaced,jazz,When It Comes To Me,r&b/soul,Breakin Me,blues
raw correlation,Cambridge (Album Version),punk,Over My Head (Cable Car),rock,Rhinestone Eyes,electronic,Opiate Summer,punk
raw correlation,Disappear,punk,Revenge,metal,I Want It,electronic,I Still Love You,r&b/soul
raw correlation,Fell in Love Without You (Cd),punk,Lessons In Love,pop,Dead Spaces,metal,In The Blue Of The Evening,jazz
raw correlation,Point Of Extinction (Cd),punk,Hook,blues,Rabbit Run,hip hop,I Never Complain,punk
raw correlation,Stand Too Close,punk,If I,reggae,Tool,pop,The Biggest Part Of Me,r&b/soul
raw correlation,Worker Bee,punk,Book Of Life,hip hop,I Got It Bad (and That Ain't Good),jazz,Rotten Apple Pie,hip hop
raw correlation,Mind Over Time,punk,Logan Time,punk,Mindrot,metal,Happy Times,pop
raw correlation,I Fought The Law,punk,Runaway,hip hop,The Car Song,reggae,Needles And Pins (Remastered Album Version ),punk
raw correlation,The Magnificent Seven,punk,It's Only Your Life,folk,Killing Time,r&b/soul,The Hop,hip hop
raw correlation,Believe,punk,Alright,r&b/soul,Everything Is Everything,r&b/soul,It's Not OK [Live From London],rock
raw correlation,Empty Apartment,punk,All About U,hip hop,It's Only Your Life,folk,What's Your Problem,rock
raw correlation,But Tonight We Dance,punk,Hidden,folk,Happymess,hip hop,Puck Two,classical
raw correlation,Faint Resemblance,punk,On the Outside,folk,Are You Out There,folk,I Love You,jazz
raw correlation,Survive,punk,Static Age,punk,Destination: Death or Better Days,metal,We Are Detective,pop
raw correlation,The Dirt Whispered,punk,Book Of Life,hip hop,Preachin' To The Choir,country,I'm Still Dancin' With You,country
raw correlation,Get It Right (Album Version),punk,Stoneface,rock,I'll Never Love Again,punk,Code Of The Streets (Explicit),hip hop
raw correlation,Want You Bad,punk,So What'Cha Want (Butt Naked Version) (Explicit) (2009 Digital Remaster),hip hop,Revenge,metal,I Try,r&b/soul
raw correlation,Staring At The Sun,punk,Fever Moon,folk,Revenge,metal,Don't Worry,r&b/soul
raw correlation,Operation Rescue,punk,Plain Clothes,electronic,Brood Of Hatred (Album Version),metal,Planting Seeds,rock
raw correlation,When Broken Is Easily Fixed (Album Version),punk,He Loves Me (Lyzel In E Flat),r&b/soul,Comfort,rock,Crazier,country
raw correlation,Want,punk,So What'Cha Want (Butt Naked Version) (Explicit) (2009 Digital Remaster),hip hop,Pervert,electronic,All Fired Up_ No Place To Go,country
raw correlation,Josey,punk,Carnt Be Trusted,pop,The Way It Is,rock,Earthless,folk
raw correlation,1-2 Crush On You,punk,Auntie (Ma-Ma-Ma Belle),rock,Holdin' On [Missin' U] (Album Version),r&b/soul,System,pop
raw correlation,Brand New Cadillac,punk,She's A Runner (24-Bit Digitally Remastered 02),rock,Over You Blues,blues,That's My Baby,blues
raw correlation,Cool Confusion,punk,Stranger In Paradise,r&b/soul,In Deh,reggae,Midnight Moonlight,folk
raw correlation,First Night Back In London,punk,Baby Phife's Return,hip hop,El Paso,rock,B-Boy Bouillabaisse: A.W.O.L. (2009 Digital Remaster),hip hop
raw correlation,Inoculated City,punk,The 4th Branch,hip hop,Adam_ Where Are You?,country,Masquerade,classical
raw correlation,Lost In The Supermarket,punk,Raven In The Storm,folk,The Moon,jazz,Can't Take This (Album Version),punk
raw correlation,Overpowered By Funk,punk,One Nation Under A Groove,r&b/soul,Mr. Big,rock,Club Megamix,rock
raw correlation,Automatic Man (Album Version),punk,Who Is He? (And What Is He To You?),r&b/soul,Old Hippie,country,Possessed To Skate,metal
raw correlation,Chimaera (Album Version),punk,She's The Source,rock,What You Became,metal,Roots,reggae
raw correlation,Damned to Be Free (Album Version),punk,Ridiculous,hip hop,Fixed,hip hop,Lovely Thing,pop
raw correlation,Get Off,punk,Book Of Life,hip hop,Runaway,hip hop,Someday I Suppose,reggae
raw correlation,Juneau,punk,Raven In The Storm,folk,Switchblade,hip hop,Super Reality,metal
raw correlation,Another The letter,punk,Prologue,metal,Israel,classical,In Deh,reggae
raw correlation,Strange,punk,Trilogy,r&b/soul,Arms Around Me (BBC 6Music Session),rock,Bought & Sold,jazz
raw correlation,Dude_ What Is a Land Pirate?,punk,Ghosts Of You,pop,Undead,hip hop,Slowes' Comb/The May 4th Movement starring Doodlebug,reggae
raw correlation,Again I Go Unnoticed,punk,The Awakening,metal,Other Side of Day,rock,MAPS OF REALITY,pop
raw correlation,Carry This Picture,punk,I Believe,classical,The Car Song,reggae,Soul Into Hades,metal
raw correlation,U R The One,r&b/soul,Run The Show,r&b/soul,Tell Me (Acoustic),folk,Y.O.U.,blues
raw correlation,Ain't No Way (You Won't Love Me),r&b/soul,Stumble,pop,You Don't Know Me,r&b/soul,Play With Fire,pop
raw correlation,Nice & Slow,r&b/soul,I Wanna Know,blues,Look What You've Done For Me,r&b/soul,Rescue Me,punk
raw correlation,Roni,r&b/soul,She Passed By My Window,rock,My One And Only Love,jazz,She's In Love,country
raw correlation,Damage,r&b/soul,Kickin' It With Your Girlfriend,r&b/soul,Everytime I...,r&b/soul,I Think I Love You,reggae
raw correlation,Gotta Be Ur Man,r&b/soul,I Apologize,pop,Happy Song (Tonite),r&b/soul,Getting Over You,r&b/soul
raw correlation,Birthmark,r&b/soul,When Did Your Heart Go Missing?,rock,Where Is Your Heart At?,jazz,Heart Attack,rock
raw correlation,Don't You Say No,r&b/soul,Don't Say Goodbye,r&b/soul,If You Can't Smile And Say Yes,jazz,Don't Bother Me (Bad Brains),punk
raw correlation,Kickin' It With Your Girlfriend,r&b/soul,I Didn't Know That You Cared,electronic,Guitar Playin',hip hop,Hook,blues
raw correlation,Rise Up,r&b/soul,Rise,hip hop,S.U.C.,hip hop,Hey You,hip hop
raw correlation,Joy Ride,r&b/soul,Magical,hip hop,We've Got Ourselves In Love ,jazz,Lovers In Captivity,rock
raw correlation,Sprung,r&b/soul,Rescue Me,punk,Alguien Real (Baby_ I'm In Love),latin,All Of Me,r&b/soul
raw correlation,Never Too Much,r&b/soul,She's Funny That Way,jazz,Heavenly,r&b/soul,I Ain't Never,country
raw correlation,Chocolate Factory,r&b/soul,A Day To Myself,folk,Second Nature,folk,The Lily Of The West,folk
raw correlation,I Mean (I Don't Mean It),r&b/soul,Random I Am (Album Version),punk,I Don't Want To Talk About It,hip hop,Shoo Be Doo,r&b/soul
raw correlation,In The Kitchen,r&b/soul,Crowded Avenue,electronic,Them Jeans,hip hop,Time And Space,electronic
raw correlation,Distance And Time,r&b/soul,Promise Me,pop,My Forfeit,metal,Get Sick Soon,folk
raw correlation,Lover Man,r&b/soul,Can't Do Without You,r&b/soul,Miss Moon,reggae,Hair,hip hop
raw correlation,Nobody Not Really (Interlude),r&b/soul,Down The Dirt Road Blues,blues,Confessional,rock,I Understand,punk
raw correlation,Piano & I,r&b/soul,Without You,r&b/soul,Heartattack,punk,I Am The Cosmos,pop
raw correlation,Tell You Something (Nana's Reprise),r&b/soul,Ball Peen Hammer,blues,Tuesday Night,folk,Love Affair,r&b/soul
raw correlation,Try Sleeping With A Broken Heart,r&b/soul,Never Gonna Give You Up,r&b/soul,Fast As I Can,folk,Go On Ahead,rock
raw correlation,Why Do I Feel So Sad,r&b/soul,Try Our Love Again,r&b/soul,Freezin In The Cold,hip hop,Lost Horizon,pop
raw correlation,Lovin U,r&b/soul,Rhythm Is Love,r&b/soul,Easy,r&b/soul,Dead Love,rock
raw correlation,My Ride,r&b/soul,Strictly 4 My N.I.G.G.A.Z.,hip hop,In My Heart,jazz,Bump,hip hop
raw correlation,Starting All Over,r&b/soul,8 Mile,hip hop,I Don't Need This,electronic,Hook,blues
raw correlation,Oh Boy,r&b/soul,Best Friend,r&b/soul,Drivin' Nails In My Coffin,country,Dust My Broom,blues
raw correlation,Maybe,r&b/soul,So What'Cha Want (Butt Naked Version) (Explicit) (2009 Digital Remaster),hip hop,On the Outside,folk,Guilty,jazz
raw correlation,Stuck In the Middle,r&b/soul,Never Love You,r&b/soul,Interlude 5,r&b/soul,Dream,r&b/soul
raw correlation,Bump What Your Friends Say,r&b/soul,If Only You Knew,r&b/soul,Never Meant To Be,r&b/soul,My Darling,hip hop
raw correlation,Smack Dab In The Middle,r&b/soul,Man In White,country,Heavily Sedated,metal,Safe + Sound,hip hop
raw correlation,Don't You Know,r&b/soul,Naked,r&b/soul,Love Was Here,hip hop,Baby Come Back,blues
raw correlation,All I Ever Think About,r&b/soul,Revenge,metal,I Think I Love You,reggae,Club Megamix,rock
raw correlation,(You Were Made) Especially For Me,r&b/soul,Not Your Baby,pop,Don't Bother Me (Bad Brains),punk,Give Me What I Want (LP Version),r&b/soul
raw correlation,I Was Made To Love Her,r&b/soul,Electric Lady,r&b/soul,Cryin',blues,Heartbeat,rock
raw correlation,Bridge Over Troubled Water,r&b/soul,To The Limit,r&b/soul,It's All Up To You,r&b/soul,Hunter killer,metal
raw correlation,Goin' Back To Indiana,r&b/soul,hoodie ninja,hip hop,Who I Am,country,Bushman,reggae
raw correlation,Lookin' Through The Windows,r&b/soul,Insectica,punk,Dark Therapy,pop,Enemy,electronic
raw correlation,You've Changed,r&b/soul,Nasty Grind,r&b/soul,Skinhead Moonstomp,reggae,Wrong Way,rock
raw correlation,Switch!,r&b/soul,Pervert,electronic,Everytime I...,r&b/soul,Book Of Life,hip hop
raw correlation,One World (Not Three),reggae,Revolution,blues,Imagine,r&b/soul,One Tribe,hip hop
raw correlation,Close My Eyes,reggae,Just What Can Happen,hip hop,Days Like These,reggae,Switchblade,hip hop
raw correlation,Exaltation,reggae,Immortal Chant,metal,There Will Be Blood Tonight,metal,The Girl That I Marry,jazz
raw correlation,Fire and Heights,reggae,Clickety Clack,hip hop,Preacher On A Sunday Morning,hip hop,Snoopafella (Edited),hip hop
raw correlation,Jerusalem,reggae,When Cheating Had Feeling,punk,Rap Promoter,hip hop,Not Your Baby,pop
raw correlation,Warrior,reggae,Colony,folk,Clickety Clack,hip hop,Now That the Buffalo's Gone,folk
raw correlation,Don't Push,reggae,Guitar Playin',hip hop,Time,hip hop,Bad Mutha,hip hop
raw correlation,Pawn Shop,reggae,Upside Down From Here,electronic,Underwater,pop,Something Written,jazz
raw correlation,See you in the Light,reggae,I Live In A Suitcase,electronic,Heavily Sedated,metal,The Irony Of It All (Album Version),electronic
raw correlation,Sweet Little Lies,reggae,Salva Mea,electronic,Tell Me,r&b/soul,I Get Evil,blues
raw correlation,The Way You Make Me Feel,reggae,Pressure,electronic,Club Megamix,rock,Time To Grow,r&b/soul
raw correlation,Grito Mundial,reggae,El Arado,latin,Milonga Del Solitario,folk,League Chicanos,latin
raw correlation,Get This Party Started: Ghost Remix,reggae,Catastrophe,punk,It's A Party,hip hop,Midnight Man,rock
raw correlation,Africa Unite,reggae,Heavy Metal Universe (live),metal,Black Milk,electronic,New Generation,reggae
raw correlation,Could You Be Loved,reggae,Could It Be I'm Falling In Love,r&b/soul,It's Not OK [Live From London],rock,I Will Be Waiting,pop
raw correlation,No Water,reggae,A Groovy Kind Of Love (Live),pop,Sweet Misery,r&b/soul,Black Magic Woman,blues
raw correlation,One Love / People Get Ready,reggae,One Tribe,hip hop,One Love At A Time,jazz,From One Heart To Another,pop
raw correlation,Try Me,reggae,Try Me Again,country,I Need You,hip hop,Peel Me A Grape,jazz
raw correlation,Baby We've Got A Date (Rock It Baby),reggae,Where Did Our Love Go,rock,Getting Late,r&b/soul,French Kissing,r&b/soul
raw correlation,Johnny Was,reggae,W.O.M.A.N.,blues,Shimmy_ Shimmy_ Ko-Ko-Bop (Single Version),latin,Stereo,r&b/soul
raw correlation,Riding High,reggae,Northern Girls,jazz,Holdin' On [Missin' U] (Album Version),r&b/soul,Prodigal Son,blues
raw correlation,Soul Shakedown,reggae,Ringa Ding Ding,electronic,Not Your Baby,pop,Pink Ego Box,rock
raw correlation,Trenchtown Rock,reggae,I'm Catching Hell (Living Here Alone) (Digitally Remastered 02),jazz,Bull Dog Blues,blues,You & I,hip hop
raw correlation,Eternal Feedback (Sly),reggae,She's The Sun,electronic,Stay Too Long,r&b/soul,Don't Change Your Plans,rock
raw correlation,Black Progress,reggae,Bags,punk,Slowes' Comb/The May 4th Movement starring Doodlebug,reggae,Big Black Cadillac Blues,blues
raw correlation,Reggae On Broadway,reggae,Näin minä vihellän matkallani,pop,Groove Is On,electronic,Love You Till Friday,punk
raw correlation,Rebels Hop,reggae,A Groovy Kind Of Love (Live),pop,Sweet Misery,r&b/soul,Black Magic Woman,blues
raw correlation,Stop The Train,reggae,Hunter,electronic,Slave,reggae,Key To The Highway,blues
raw correlation,This Train,reggae,Psychopath,metal,C.O.A.,electronic,Ridin Home,blues
raw correlation,Defeat You,reggae,Everytime I...,r&b/soul,Mury,reggae,Heroine,folk
raw correlation,Don't Get Nine,reggae,Don't Let It Get To You (Album Version),pop,Dont Cry,punk,Graduation Day,hip hop
raw correlation,Feva Las Vegas,reggae,Concerto,hip hop,Soopaman Luva 3,hip hop,Claimin' True,hip hop
raw correlation,Secrets,reggae,Club Megamix,rock,Freezin In The Cold,hip hop,Book Of Life,hip hop
raw correlation,Work Work,reggae,Breakin Me,blues,Seven Seas,r&b/soul,Hook,blues
raw correlation,Good Rats (Live),reggae,That's How Country Boys Roll,country,The Molly Maguires,folk,Sporting Day,folk
raw correlation,Sol_ Playa Y Arena,reggae,La Aristocracia del Barrio,latin,El Arado,latin,La Carencia,reggae
raw correlation,I Don't Want To See You Cry,reggae,Dont Cry,punk,Give Me All Your Love,electronic,Not Your Baby,pop
raw correlation,Come Back Darling,reggae,Waiting For The Day,folk,I Need You,hip hop,Your Love Made A U Turn,rock
raw correlation,Here I Am (Come And Take Me),reggae,Girls,electronic,Comfort,rock,Come Take Me Over,pop
raw correlation,Light My Fire,reggae,Love You Till Friday,punk,Radar,pop,Don't You Know,r&b/soul
raw correlation,Til Kingdom Come,rock,Meditation,jazz,Hidden,folk,Seven Seas,r&b/soul
raw correlation,Brothers Under The Bridges ('83),rock,Daddy Sang Bass,country,Immortal Chant,metal,The Battle Of New Orleans,country
raw correlation,The Big Payback,rock,B-Boy Bouillabaisse: A.W.O.L. (2009 Digital Remaster),hip hop,Lifestylez Ov Da Poor & Dangerous,hip hop,It's Like That,jazz
raw correlation,The Ties That Bind,rock,Angelina,latin,It's Only Your Life,folk,"You Are The Universe (Roger's Universal 7"" Edit)",jazz
raw correlation,Sam's Town,rock,B-Boy Bouillabaisse: A.W.O.L. (2009 Digital Remaster),hip hop,Book Of Life,hip hop,Act A Fool,hip hop
raw correlation,Pink Ego Box,rock,Breakin Me,blues,Descending,rock,Blue Monday,blues
raw correlation,Secrets,rock,House Full Of Riches (LP Version),folk,Johnson City,country,Hot Sex,hip hop
raw correlation,Come Back,rock,This Empty Place,r&b/soul,Hit The Road Jack,hip hop,Waiting For The Day,folk
raw correlation,Time Is On My Side,rock,Bump,reggae,Sunny Road,folk,My Time,folk
raw correlation,Fight (1994 Digital Remaster),rock,Let's Get Crazy,hip hop,Boom Boom Guetta,hip hop,Knowledge Of Self,jazz
raw correlation,This Ain't A Love Song,rock,I Think I Love You,reggae,Waiting For The Day,r&b/soul,Hot Sex,hip hop
raw correlation,Superman Tonight,rock,Angelina,latin,Revenge,metal,I Care,country
raw correlation,Bad Obsession,rock,It's De-Lovely,jazz,I Know You Got Soul,hip hop,Complicated,country
raw correlation,Anything That's Part Of You,rock,All Of Me,r&b/soul,I Try,r&b/soul,Even So,folk
raw correlation,So I Thought,rock,The Irony Of It All (Album Version),electronic,Runaway,hip hop,Gold,folk
raw correlation,You're All I've Got Tonight,rock,Flowerstand Man,electronic,Dont Cry,punk,Don't Need The Sun To Shine (To Make Me Smile),r&b/soul
raw correlation,Signal Fire,rock,Kid Gloves,pop,There You Are,country,Eradicate Authority,metal
raw correlation,The Lightning Strike,rock,Gold,folk,Closer To You,electronic,ATLiens,hip hop
raw correlation,Dumb,rock,Slave,reggae,Hunter,electronic,Liquid,metal
raw correlation,Something In The Way,rock,1-2-8,reggae,I Live In A Suitcase,electronic,Something In The Air Between Us,jazz
raw correlation,Oh! Gravity.,rock,Tu Vas Me Manquer,reggae,This Is A Low,pop,Horse With No Name,reggae
raw correlation,Hotel Yorba,rock,Preachin' To The Choir,country,Rabbit Run,hip hop,It's Like That,jazz
raw correlation,Prickly Thorn_ But Sweetly Worn (Live),rock,Dame De Lotus,electronic,Newgrange,folk,Cachos De Vaca,reggae
raw correlation,St. Andrew (This Battle Is In The Air),rock,I Don't Know Where I'm Bound,country,Flowers On The Wall,pop,Soobax,hip hop
raw correlation,I Was Meant For the Stage,rock,Unsung Songs,punk,Snoopafella (Edited),hip hop,Overcome,pop
raw correlation,Alpha Beta Parking Lot,rock,When The Shades Go Down,r&b/soul,Down In The Alley,blues,Going Down Town Tonight,blues
raw correlation,An Ode To No One,rock,Hook,blues,Club Megamix,rock,My Darling,hip hop
raw correlation,Over My Head (Cable Car),rock,Baby Phife's Return,hip hop,Over My Head,jazz,Impact,hip hop
raw correlation,No I In Threesome,rock,Time & Space (A New Refutation Of),hip hop,Virtual Insanity,r&b/soul,I'm On The Mic,reggae
raw correlation,Pace Is The Trick,rock,Get Sick Soon,folk,I Will Survive,jazz,I Still Love You,r&b/soul
raw correlation,Embryo,rock,a piece of my heart,electronic,Life Is Real,hip hop,Pain,hip hop
raw correlation,Borderline,rock,Bang A Gong/Funtime (Live),punk,Slow Dancin',r&b/soul,Driving With The Brakes On,rock
raw correlation,March Of The Pigs,rock,I Want It All,electronic,Givin' It Up,jazz,The Workout,pop
raw correlation,Burn,rock,Iodine,folk,The Awakening,metal,Beyond Salvation,metal
raw correlation,Something I Can Never Have,rock,Pervert,electronic,Rabbit Run,hip hop,Overcome,r&b/soul
raw correlation,It's Your World Now,rock,It's Your World,electronic,Trans DF Express,r&b/soul,Physical Stamina,hip hop
raw correlation,Something There Is About You,rock,Closer To You,electronic,Numbers,country,Rebirth,hip hop
raw correlation,From Underneath,rock,Revenge,metal,I Try,r&b/soul,Even So,folk
raw correlation,Turn It On,rock,Still On It,metal,Soon Forward,reggae,Touch It / Technologic,electronic
raw correlation,Something On My Mind,rock,Add It Up,rock,Strictly 4 My N.I.G.G.A.Z.,hip hop,Valentine,rock
raw cosine,All The Things You Are,blues,You're All The World To Me,jazz,You're The Top,jazz,You're A Soldier,rock
raw cosine,Vultures,blues,Plastic World,punk,The Ups And Downs,rock,Keep Moving,hip hop
raw cosine,Out Of My Mind,blues,Preacher On A Sunday Morning,hip hop,Ready For The Weekend,electronic,Beyond Salvation,metal
raw cosine,Hump Bounce,blues,All I Do,blues,Overjoyed,pop,Day And Night,pop
raw cosine,Intro - The Sermon,blues,B-Boy Bouillabaisse: A.W.O.L. (2009 Digital Remaster),hip hop,Hook,blues,I Don't Want To Talk About It,hip hop
raw cosine,Call On Me,blues,G Up,rock,Club Megamix,rock,Hook,blues
raw cosine,Oceans and Streams,blues,Runaway,hip hop,The Car Song,reggae,I Don't Have Time To Stand Here With You Fighting About The Size Of My Dick,pop
raw cosine,10 A.M. Automatic,blues,Bad Tattoo,metal,Dimples,jazz,Only You,r&b/soul
raw cosine,Aeroplane Blues,blues,I Don't Know Where I'm Bound,country,I Am Not A Whore,electronic,16,pop
raw cosine,All Hands Against His Own,blues,The Stranger Song,folk,Give Me You,r&b/soul,New Project,rock
raw cosine,Black Door,blues,I Wanna Know,r&b/soul,Genius,electronic,I Want That,electronic
raw cosine,Busted,blues,Sunshine,hip hop,1-2 Crush On You,punk,Rescue Me,punk
raw cosine,Give Your Heart Away,blues,Heart In The Right Place,pop,Endless love,country,Share My World,r&b/soul
raw cosine,Grown So Ugly,blues,32 20 Blues,blues,The Dust Of A Town,metal,My Phone,jazz
raw cosine,Hard Row,blues,Othello,reggae,All You Ever Knew,metal,Skynet,metal
raw cosine,I Got Mine,blues,Ain't Nobody,blues,I staden växer inga blommor,pop,I Got Rhythm,pop
raw cosine,If You See Me,blues,Smooth & Sweet,pop,Plastic Halo,pop,Only When ur Lonely,r&b/soul
raw cosine,Lies,blues,I've Always Been A Coward Baby,electronic,Lügen Und Das Ich,electronic,Lies  (LP Version),folk
raw cosine,Next Girl,blues,I Want My Girl,r&b/soul,Be My Girl,electronic,My Little Girl,blues
raw cosine,No Fun,blues,No Fun (Remasterd LP Version),punk,No No No,latin,La Estación,latin
raw cosine,Stack Shot Billy,blues,Who Shot Sam,country,Unintended Long Term Effects,punk,Trudy And Dave,rock
raw cosine,Ten Cent Pistol,blues,Diamond Smiles,rock,Queen Of Hollywood ( LP Version ),pop,Right About Now,country
raw cosine,The Flame,blues,Sex Packets (LP Version),hip hop,Interlude 5,r&b/soul,Knew It All Along (Acoustic),folk
raw cosine,These Days,blues,These Days,country,The Sense,punk,These Days,hip hop
raw cosine,When The Lights Go Out,blues,Down And Dirty,blues,Do You Know?,r&b/soul,Superman Tonight,rock
raw cosine,Have Love Will Travel,blues,Somewhere In Time,jazz,My Forfeit,metal,Baby,folk
raw cosine,C.C. Rider,blues,Angelina,latin,Can't You See,pop,Down And Dirty,blues
raw cosine,I Got a Woman,blues,Passin' Me By,hip hop,Empress,reggae,Haywire,country
raw cosine,The Sun's Gonna Shine Again,blues,Devil Got My Woman,blues,The Way You Treated Me (You're Gonna Be Sorry),blues,Interlude 1,r&b/soul
raw cosine,Losing Hand,blues,Lollipop,hip hop,Heroine,folk,Baby,folk
raw cosine,Nobody But Me (Album Version),blues,I Ain't Never,country,Love Don't Love You (LP Version),r&b/soul,Let's Go,jazz
raw cosine,A Sunday Kind of Love,blues,And Roses And Roses,jazz,Fearless Love,rock,Fistful Of Diamonds,metal
raw cosine,I Just Want To Make Love To You,blues,I Just Want To Make Love To You,blues,Love Struck,r&b/soul,Want You_ Miss You_ Love You,latin
raw cosine,My Dearest Darling,blues,Endless love,country,Snowflakes,r&b/soul,Breakin' My Heart (Pretty Brown Eyes),r&b/soul
raw cosine,W.O.M.A.N.,blues,Perfect Stranger,metal,Givin' Up (Clean Version),rock,Shimmy_ Shimmy_ Ko-Ko-Bop (Single Version),latin
raw cosine,Alberta,blues,Lovely To See You,pop,Down And Dirty,blues,Theme From Mahagony (Do You Know Where You're Going To),electronic
raw cosine,Before You Accuse Me (Take A Look At Yourself),blues,Before You Accuse Me,blues,Preacher On A Sunday Morning,hip hop,You Had Me (Live),r&b/soul
raw cosine,Early In The Morning,blues,Me And The Devil,blues,Broken Buildings,rock,The Moor,metal
raw cosine,Floating Bridge,blues,Hurt Me Soul (Explicit Album Version),hip hop,Feel Me,hip hop,About Cell Block #9,blues
raw cosine,Kind Hearted Woman Blues (Album Version),blues,Kindhearted Woman Blues,blues,Breakin Me,blues,Club Megamix,rock
raw cosine,That's All (Album Version),classical,Fascination (Album Version),jazz,One Man Drinking Games,punk,All My Love,r&b/soul
raw cosine,America (Revised Live Version),classical,America,folk,All For One (Explicit) (2006 Remastered LP Version),hip hop,The Irony Of It All (Album Version),electronic
raw cosine,Broken Vow (Album Version),classical,Broken Vow,classical,Overcome,r&b/soul,Mama,classical
raw cosine,Gira Con Me Questa Notte (Album Version),classical,Istruzioni Per L'(Ill)uso,hip hop,Roma Sogna,classical,Nord,jazz
raw cosine,Hymne A L'Amour (Album Version),classical,L'Homme De La Situation,pop,Tomber Le Masque,pop,A Tes Côtés,folk
raw cosine,It Came Upon A Midnight Clear (Album Version),classical,Sing,pop,Sing It,rock,Israel,classical
raw cosine,Let Me Fall (From Cirque du Soleil) (Album Version),classical,Let Me Out,rock,Come Take Me Over,pop,Let The Chips Fall,country
raw cosine,Mi Mancherai (Il Postino) (Revised Live Version),classical,Adagio,classical,Musica,classical,Il Pugile Sentimentale ( Live ),folk
raw cosine,My Confession (Album Version),classical,I Understand,punk,Book Of Life,hip hop,Don't Change Your Plans,rock
raw cosine,Oceano (Revised Live Version),classical,Niente Per Scontato,electronic,Mamma,classical,Bellamore,classical
raw cosine,Remember When It Rained (Album Version),classical,The Day I Lost My Voice (The Suitcase Song),rock,I Can't Function,rock,Orange Blossoms In Summertime,jazz
raw cosine,Remember When It Rained (Revised Live Version),classical,The Day I Lost My Voice (The Suitcase Song),rock,I Can't Function,rock,Orange Blossoms In Summertime,jazz
raw cosine,Smile,classical,Learn To Fly,pop,Spitfall,metal,Jack_ You're Dead!,blues
raw cosine,Solo Por Ti (Album Version),classical,Solo Por Bailar,pop,League Chicanos,latin,De Camino a la Vereda,latin
raw cosine,Un Giorno Per Noi (Album Version),classical,Oggi,jazz,Sana E Robusta,hip hop,L'Attesa,classical
raw cosine,Vincent (Starry_ Starry Night) (Album Version),classical,Colony,folk,Interlude 5,r&b/soul,Nausea,metal
raw cosine,When You Say You Love Me (Album Version),classical,North Dakota,country,Go On Ahead,rock,Hurts The Most,r&b/soul
raw cosine,You Raise Me Up (Album Version),classical,You Raise Me Up,classical,All Around Me,classical,Therapy,punk
raw cosine,Believe (Album Version),classical,Phoenix From The Fire,folk,Alfie,pop,Spitfall,metal
raw cosine,Away In A Manger,classical,Away In A Manger,jazz,Matty Groves,folk,Raio No Terrasu (Jesus Wept),electronic
raw cosine,Cinema Paradiso (Se) (Album Version),classical,La Promesa,classical,Se Tu Non Sei Lei,classical,Oggi,jazz
raw cosine,All Around Me,classical,Asleep,folk,Bitch,jazz,Kraken,metal
raw cosine,Black Opera,classical,Revenge,metal,Brooklyn Zoo,hip hop,To Be With You Again,pop
raw cosine,Baal's Hymn,classical,The Fine Print,hip hop,Anarchist Bookstore part 1,hip hop,Architecture II,classical
raw cosine,Adagio,classical,Adagio,classical,Mamma,classical,Tristesse,classical
raw cosine,Adeste Fideles,classical,Maria & Jag,pop,Out On The Western Plain,blues,Belladonna,punk
raw cosine,All By Myself (Solo Otra Vez),classical,Mi Vida Sin Tu Amor,latin,Mienteme Otra Véz,latin,Otra Vez,latin
raw cosine,Amazing Grace,classical,Amazing Grace,classical,Heavily Sedated,metal,Rugged Road,blues
raw cosine,Angelina,classical,El Camino Del Exceso,rock,Sonrisa especial,latin,Abre tu puerta (y cruza el universo),hip hop
raw cosine,Ave Maria,classical,Roma Sogna,classical,Fili,rock,Dolce Veneno,classical
raw cosine,Caruso,classical,Caruso,classical,Istruzioni Per L'(Ill)uso,hip hop,La Canzone Dell' Impossibile,jazz
raw cosine,Come Primavera,classical,Spente Le Stelle,classical,Istruzioni Per L'(Ill)uso,hip hop,Roma Sogna,classical
raw cosine,Dentro Un Altro Si,classical,L'Abbraccio,rock,Per combattere l'acne,folk,Oceano (Revised Live Version),classical
raw cosine,En Aranjuez Con Tu Amor,classical,Aranjuez Ma Pensee,classical,Mediterraneo,folk,Tu Y Yo,latin
raw cosine,Enamorado,classical,Te Amo,latin,Mi Vida Por Un Hombre,latin,De Oro,electronic
raw cosine,Esisti Dentro Me,classical,Tu Sonrisa,latin,Tú Sólo Tú,latin,Tu Sei,classical
raw cosine,Everytime I Look At You,classical,Broken Vow,classical,Broken Vow (Album Version),classical,I Will Survive,jazz
raw cosine,Feelings,classical,30 Anni Che Non Ci Vediamo,rock,Niente Per Scontato,electronic,I've Grown Accustomed To Her Face,jazz
raw cosine,Hallelujah (Aleluya),classical,El 28,pop,Buenaventura Y Caney,latin,Cantando,hip hop
raw cosine,Hasta Mi Final,classical,Te Amo,latin,De Oro,electronic,Clemencia,latin
raw cosine,Crazier,country,Higher,r&b/soul,Between A Mother And A Child,country,You Made Me Feel,country
raw cosine,Fifteen,country,In 2 Deep,reggae,Nausea,metal,The Lucky One,country
raw cosine,Change,country,Manhattan,jazz,Destination: Death or Better Days,metal,Kinky Sex Makes the World Go 'Round,punk
raw cosine,You Can't Read My Mind,country,Club Megamix,rock,Don't Worry,r&b/soul,Bizarre Love Triangle,electronic
raw cosine,Man In White,country,Riverboat,country,Snoopafella (Edited),hip hop,El Paso,rock
raw cosine,Holes,country,Lesson In Survival  (LP Version),folk,Heavily Sedated,metal,B-Boy Bouillabaisse: A.W.O.L. (2009 Digital Remaster),hip hop
raw cosine,Baby Girl,country,Stuck In The Middle With You (Non-Album Track),jazz,Promise Broken,country,Hot Sex,hip hop
raw cosine,Growin' Up Down There,country,The Irony Of It All (Album Version),electronic,Sex,hip hop,Ten Toes Tall,hip hop
raw cosine,Hangin' Around,country,Fever Moon,folk,Irresistible ( LP Version ),pop,I Wouldn't Change You If I Could,country
raw cosine,Here I Am,country,Shovel,hip hop,Stuck In The Middle With You (Non-Album Track),jazz,Closer To You,electronic
raw cosine,She's Got A Way With Me,country,Haywire,country,Hair,hip hop,Something In The Way She Moves,folk
raw cosine,That's How Country Boys Roll,country,The Molly Maguires,folk,Good Rats (Live),reggae,False Profits,rock
raw cosine,Where The Girls Are,country,Where Are You?,punk,Legions,rock,Wondering Where The Lions Are,jazz
raw cosine,Daddy Sang Bass,country,Will the Circle Be Unbroken?,folk,Immortal Chant,metal,Brothers Under The Bridges ('83),rock
raw cosine,I Don't Know Where I'm Bound,country,I Am Not A Whore,electronic,Fallin',electronic,16,pop
raw cosine,I Was There When It Happened,country,Book Of Life,hip hop,Lovebite,pop,Hurt Me Soul (Explicit Album Version),hip hop
raw cosine,The Big Battle,country,Loki Trickster God,metal,I'm On The Mic,reggae,The Lightning Strike,rock
raw cosine,A Thing Called Love,country,Mars Attacks,hip hop,The Fire In Which You Burn (feat. J-Treds & The Brewin From The Juggaknots),hip hop,My Time,folk
raw cosine,You Dreamer You,country,Tool,pop,I fantasize of you,electronic,Get Sick Soon,folk
raw cosine,I Walk The Line,country,Holdin' On [Missin' U] (Album Version),r&b/soul,Don't Change Your Plans,rock,Killin' Time,country
raw cosine,Life's Railway To Heaven,country,The Lords Prayer,classical,The Prayer,classical,Kingdom of Loss,metal
raw cosine,If I Had Wings,country,Intermission,punk,Runaway,hip hop,Here I Go Again,folk
raw cosine,Pray About Everything,country,One More Day,country,Stay While The Night Is Young,blues,Life It What It Is (Remastered LP Version),pop
raw cosine,Your Everything,country,It's All Up To You,r&b/soul,Closer To You,electronic,Whisper of Angels,classical
raw cosine,A Little Too Late,country,Little Lucy,rock,My Little Tragedy,electronic,Too Late,blues
raw cosine,Who's Your Daddy?,country,Who's Zoomin' Who?,r&b/soul,Cancel (Album Version),r&b/soul,Your Fire Your Soul,folk
raw cosine,A Woman's Touch,country,The Greatest Man In America,folk,Anarchist Bookstore part 1,hip hop,Oklahoma,country
raw cosine,Big Ol' Truck,country,She's In Love,country,Magic,rock,Spanish Harlem (LP Version),r&b/soul
raw cosine,Blue Bedroom,country,Only You,r&b/soul,Boxcutter Rap,hip hop,Suburban Ranger,rock
raw cosine,It's All Good,country,Flow On (Move Me No Mountain),hip hop,our ethos: a legacy to pass on,metal,LBC And The ING (Explicit),hip hop
raw cosine,Sweet,country,Book Of Life,hip hop,Claimin' True,hip hop,I'm,hip hop
raw cosine,You Shouldn't Kiss Me Like This,country,Interlude 5,r&b/soul,I Never Complain,punk,One,hip hop
raw cosine,A Real Fine Place To Start,country,I'm Catching Hell (Living Here Alone) (Digitally Remastered 02),jazz,Sex Packets (LP Version),hip hop,Sweet Leaf,metal
raw cosine,Endless love,country,Get Sick Soon,folk,I Still Love You,r&b/soul,Seven Seas,r&b/soul
raw cosine,Love Gets In The Way (Album Version),country,Whispers,pop,Stranger In Paradise,r&b/soul,The Way It Is,reggae
raw cosine,I'd Like To Have That One Back,country,Intermission,punk,My Little Girl,blues,Electric Lady,r&b/soul
raw cosine,Marina Del Rey,country,Dead Spaces,metal,Sally's Pigeons,pop,Brothers Under The Bridges ('83),rock
raw cosine,Milk Cow Blues,country,Never Gonna Give You Up,r&b/soul,Revenge,metal,My Darling,hip hop
raw cosine,Another Try,country,When I'm Gone,blues,Killin' Time,country,Keep Moving,hip hop
raw cosine,As Fast As I Could,country,Book Of Life,hip hop,That's How I Beat Shaq,pop,Everytime I...,r&b/soul
raw cosine,One More Time / Aerodynamic,electronic,Take Me Up,metal,Midnight Bottle,pop,Blind Rage,electronic
raw cosine,One More Time (Romanthony's Unplugged),electronic,One More Time,electronic,Come Back Baby,blues,One Love At A Time,jazz
raw cosine,Touch It / Technologic,electronic,Whip It,pop,It's De-Lovely,jazz,It's Too Good To Talk About Now,jazz
raw cosine,Boots &  Boys,electronic,Overcome,pop,I And You,rock,Pray For Me,country
raw cosine,Animal,electronic,Lovely Thing,pop,I'm On The Mic,reggae,Complicated,country
raw cosine,Hot N Cold (Innerpartysystem Main),electronic,Delicious,pop,You're A Soldier,rock,You're The Top,jazz
raw cosine,Captains and Cruise Ships,electronic,B-Boy Bouillabaisse: A.W.O.L. (2009 Digital Remaster),hip hop,Excuse You,hip hop,Bad Mutha,hip hop
raw cosine,Designer Skyline,electronic,Viva ! blunt force trauma,metal,Snowbirds And Townies,punk,Out of the sun,metal
raw cosine,Early Birdie,electronic,The Irony Of It All (Album Version),electronic,Ten Toes Tall,hip hop,How We Do,r&b/soul
raw cosine,Meteor Shower,electronic,Soobax,hip hop,I Don't Need This,electronic,Keep Moving,hip hop
raw cosine,This Is The Future,electronic,Disgrace (Unholy Remix),classical,Fat And Alone,rock,Spitfall,metal
raw cosine,Kings and Queens (Innerpartysystem Remix Main),electronic,Goons of Hazzard,punk,Black Milk,electronic,Tyrants,metal
raw cosine,Bounce,electronic,Claimin' True,hip hop,Soopaman Luva 3,hip hop,We Brings Heat,hip hop
raw cosine,Vanished,electronic,Cheatin',rock,She's On Drugs,rock,The Man In You,electronic
raw cosine,Xxzxcuzx,electronic,Kinky Sex Makes the World Go 'Round,punk,The Place We Dwell,hip hop,Tea For Two (Featuring Jimmy Scott),jazz
raw cosine,Die Another Day [Live],electronic,Cynically Depressed,punk,School Days,punk,I'll Die,r&b/soul
raw cosine,Perfect (Nellee Hooper Instrumental),electronic,Dude_ What Is a Land Pirate?,punk,Ship Jumper,punk,On the Outside,folk
raw cosine,Love At First Sight (The Scumfrog's Beauty And The Beast Vocal Edit),electronic,Delirious Love,folk,Hear Me Lord,blues,Cruisin',r&b/soul
raw cosine,I Am Not A Whore,electronic,Not A Heel,folk,Hunter,electronic,Bitch,jazz
raw cosine,Fever,electronic,Whip It,pop,Save It,rock,French Kissing,r&b/soul
raw cosine,Freestate,electronic,Firefly (LP Version),rock,Cancel (Album Version),r&b/soul,Saint Judas (LP Version),blues
raw cosine,Personal Jesus,electronic,Personal Jesus,metal,Just What Can Happen,hip hop,Hold You,reggae
raw cosine,Broken,electronic,The Circus,pop,Magical,hip hop,Operation Rescue,punk
raw cosine,Kids With Guns (Quiet Village Remix),electronic,Touch It / Technologic,electronic,Doesn't Make It Alright,reggae,Whip It,pop
raw cosine,Rhinestone Eyes,electronic,Peace_ Prosperity & Paper,hip hop,Bump,hip hop,Flow On (Move Me No Mountain),hip hop
raw cosine,Invaders Must Die,electronic,Popkultur / Meide,electronic,Immersed In Pain,metal,We'll Never Die,pop
raw cosine,Wake Up Call (Album Version),electronic,Undertaker,country,Come Back When It Ain't Rainin',country,Put It On Me,hip hop
raw cosine,We Gonna Rock,electronic,Rock Lobster (Live),electronic,Good Times,country,Convoy,country
raw cosine,The Great Collapse,electronic,A Floater Left With Pleasure In The Executive Washroom.,punk,Day Like This,punk,C.O.A.,electronic
raw cosine,Electric Barbarella (Radio Edit),electronic,Epilogue,rock,Famous Blue Raincoat,folk,Boxcutter Rap,hip hop
raw cosine,Pluto,electronic,Wasteland,metal,Pardon Me,rock,Birds Of Paradise,electronic
raw cosine,Delta Bay,electronic,Down In The Alley,blues,The What,hip hop,Unintended Long Term Effects,punk
raw cosine,We Are The People (Shazam Remix),electronic,Revenge,metal,Rush,electronic,Irresistible ( LP Version ),pop
raw cosine,You Left Me,electronic,It's Too Late,pop,Touch Me,blues,Play With Fire,pop
raw cosine,The Warning,electronic,Waiting For The Day,r&b/soul,Hunter killer,metal,It's All Up To You,r&b/soul
raw cosine,Keep It On Ice,electronic,Captor Of Sin (Slayer Cover),metal,Lord Of Eternity,metal,Super Reality,metal
raw cosine,The Jester,electronic,Keep It Real,hip hop,Flow On (Move Me No Mountain),hip hop,You & I,hip hop
raw cosine,Lazy Days,electronic,Mistress Of Disguise,electronic,Swept Away,country,It's Okay To Think About Ending,electronic
raw cosine,Someone Said Goodbye,electronic,I Don't Know Why You Don't Want Me,country,I Don't Know Why I Love You,reggae,Why Can't You Behave?,jazz
raw cosine,The Magic Of The Night,electronic,The Power Of Lard,punk,Lost,electronic,MAPS OF REALITY,pop
raw cosine,Gave It A Name,folk,Mr. E. Leon Rauis,rock,Ninja Of Love (Album Version),pop,Wolfman Jack,hip hop
raw cosine,The Vanishing Race,folk,The Ride Of The Valkyries,classical,Peaceful,pop,The Sound of Silence,folk
raw cosine,All We Ever Do Is Say Goodbye,folk,Don't Say Goodbye,r&b/soul,Goodbye,punk,See You Next Summer,rock
raw cosine,Clarity,folk,Rubylove,folk,Honeymoon With You,pop,Dear Lover,r&b/soul
raw cosine,Why Georgia,folk,8 Mile,hip hop,Rabbit Run,hip hop,Book Of Life,hip hop
raw cosine,Mudfootball (For Moe Lerner),folk,Devil,electronic,More Pricks Than Kicks,folk,S.U.C.,hip hop
raw cosine,Sister Winter,folk,Friends/Oh My My (LIve),folk,Tears of Laughter,punk,Waterloo,pop
raw cosine,In A Graveyard,folk,Gamma Ray,rock,Indulge In Frenzy,metal,Doom Over The World,metal
raw cosine,Baby,folk,I Think I Love You,reggae,I Still Love You,r&b/soul,Everytime I...,r&b/soul
raw cosine,Janglin,folk,Goons of Hazzard,punk,Dead March,electronic,We Are Detective,pop
raw cosine,Ballad In Plain D,folk,Electric Lady,r&b/soul,Birthday Card,hip hop,Caroline (Album Version),pop
raw cosine,One Of Us Must Know (Sooner Or Later),folk,I Try,r&b/soul,Chelsea Hotel #2,folk,Revenge,metal
raw cosine,It's Growing,folk,Big And Bad,jazz,Coal Black Horses,country,Shock Dat Monkey,r&b/soul
raw cosine,Oh_ Susannah (LP Version),folk,Snoopafella (Edited),hip hop,Act A Fool,hip hop,B-Boy Bouillabaisse: A.W.O.L. (2009 Digital Remaster),hip hop
raw cosine,Something In The Way She Moves,folk,Hair,hip hop,Got Some Teeth,hip hop,Passin' Me By,hip hop
raw cosine,Draw The Line,folk,Stand In Line,reggae,Farewell Ride,rock,California,country
raw cosine,Sail Away,folk,Angelica,latin,Nice & Slow,r&b/soul,Misled,rock
raw cosine,Stella The Artist,folk,Vapors,hip hop,Ballad In Plain D,folk,Song Of Lies,folk
raw cosine,Swing Life Away (Acoustic),folk,Soulmate,country,On the Outside,folk,Gas In My Car,reggae
raw cosine,Billy 4,folk,Spitfall,metal,The Dance,hip hop,Graham Greene,folk
raw cosine,Stuck Inside Of Mobile With The Memphis Blues Again,folk,Vapors,hip hop,Ridiculous,hip hop,Hair,hip hop
raw cosine,Pretty Peggy-O,folk,Mr. E. Leon Rauis,rock,Automatic Man (Album Version),punk,Darkness eve,metal
raw cosine,She Belongs To Me,folk,She's Amazing,r&b/soul,She's Single Again,country,Addicted,country
raw cosine,When The Deal Goes Down,folk,Hold You,reggae,Shift Shape,hip hop,The Irony Of It All (Album Version),electronic
raw cosine,With God On Our Side,folk,Keep It Real,hip hop,We Brings Heat,hip hop,LBC And The ING (Explicit),hip hop
raw cosine,Terrapin,folk,Preacher On A Sunday Morning,hip hop,Only You,r&b/soul,Beautiful Dreamer,rock
raw cosine,On The 4th of July,folk,Moonlight Serenade,jazz,Showtape '91,electronic,The 4th Branch,hip hop
raw cosine,Company Man,folk,Can't You See,pop,Nausea,metal,Only You,r&b/soul
raw cosine,Ace,folk,Old Hippie,country,Wolfman Jack,hip hop,Possessed To Skate,metal
raw cosine,How Do You Keep Love Alive,folk,The Guns of Love Disastrous,rock,Buzzards of Love,folk,Conant Gardens,hip hop
raw cosine,When The Stars Go Blue,folk,Do You Know Where You're Going To,r&b/soul,Theme From Mahagony (Do You Know Where You're Going To),electronic,Superman Tonight,rock
raw cosine,Forever My Friend,folk,Judgement Hour,electronic,This Is Me (Acoustic Full Version),pop,Boulevard,punk
raw cosine,How Come [Acoustic Mix],folk,Midnight Man,rock,B-Boy Bouillabaisse: A.W.O.L. (2009 Digital Remaster),hip hop,Temple,hip hop
raw cosine,Chelsea Hotel #2,folk,Angelina,latin,Everybody Needs Somebody To Love,blues,One Of Us Must Know (Sooner Or Later),folk
raw cosine,Lethal Enforcer (Live From Union Chapel_ London),folk,Hook,blues,You & I,hip hop,War Out Of Peace,folk
raw cosine,Change,folk,Pervert,electronic,Oooh,r&b/soul,More Than This,folk
raw cosine,Under The Weather,folk,Already Died,rock,Stranger,rock,Where I Stand,country
raw cosine,So Sister,folk,Hot Sex,hip hop,Oooh,r&b/soul,I Think I Love You,reggae
raw cosine,Lost Tonight,folk,Sexy,hip hop,Interlude 1,r&b/soul,I Know You Got Soul,hip hop
raw cosine,Sunnyside Of The Street,folk,In Parentheses,rock,Preachin' To The Choir,country,Tour is War,hip hop
raw cosine,Can't Tell Me Nothing,hip hop,India,classical,I La La La Love You,blues,Very Special (LP Version),hip hop
raw cosine,Graduation Day,hip hop,Crossing the Boundary,hip hop,Revenge,metal,Angelina,latin
raw cosine,Wake Up Mr. West,hip hop,Looking For A Job,country,Angelina,latin,Hoodrats,hip hop
raw cosine,A8,hip hop,Can't You See,pop,Everybody Needs Somebody To Love,blues,All About You,metal
raw cosine,Boom Boom Guetta,hip hop,Let's Get Crazy,hip hop,Getting Over You,r&b/soul,Fight (1994 Digital Remaster),rock
raw cosine,Communication,hip hop,Live On Stage,hip hop,Conant Gardens,hip hop,Flow On (Move Me No Mountain),hip hop
raw cosine,One Tribe,hip hop,One For The Mockingbird,rock,N30,punk,One Love / People Get Ready,reggae
raw cosine,Sexy,hip hop,Run The Show,r&b/soul,Stumble,pop,Club Megamix,rock
raw cosine,Tell Your Momma Come,hip hop,Midnight Man,rock,Sounds Of Brutality,metal,Trans DF Express,r&b/soul
raw cosine,The Apl Song,hip hop,Keep It Real,hip hop,Fa Sho Fo Real,hip hop,Fucked Up,hip hop
raw cosine,Diamonds From Sierra Leone,hip hop,Onyx Is Back,hip hop,Web In Front,rock,All I Ever Think About,r&b/soul
raw cosine,If I Had,hip hop,I'm So Glad,blues,Freedom,hip hop,Concerto,hip hop
raw cosine,Ken Kaniff,hip hop,Cardiac Arrest,reggae,Releasing Hypnotical Gases,hip hop,Elohim (1972),hip hop
raw cosine,My Darling,hip hop,Fever Moon,folk,Revenge,metal,Underdrive,rock
raw cosine,8 Mile,hip hop,Book Of Life,hip hop,Gotta Get Over (Taking Loot) (Explicit),hip hop,It's Like That,jazz
raw cosine,Love Was Here,hip hop,You're Coming Home,blues,Naked,r&b/soul,Coming Back,rock
raw cosine,Be With You,hip hop,Revenge,metal,With You,metal,Could It Be I'm Falling In Love,r&b/soul
raw cosine,Locked Up,hip hop,When I Get To Heaven (Remix) (Explicit),hip hop,Let Me Out,rock,Nasty Habits,blues
raw cosine,So Ghetto,hip hop,lucky to be me,jazz,Keep Moving,hip hop,Best Friend,r&b/soul
raw cosine,Heart Of The City (Ain't No Love),hip hop,Club Megamix,rock,Best Friend,r&b/soul,Ten Toes Tall,hip hop
raw cosine,Rabbit Run,hip hop,Book Of Life,hip hop,Preachin' To The Choir,country,Soopaman Luva 3,hip hop
raw cosine,Splurge,hip hop,I'm,hip hop,Bad Mutha,hip hop,Revenge,metal
raw cosine,St. Louie,hip hop,From What I Was Told,hip hop,Safe + Sound,hip hop,Run Around,blues
raw cosine,Wrap Sumden,hip hop,I'm,hip hop,B-Boy Bouillabaisse: A.W.O.L. (2009 Digital Remaster),hip hop,Ten Toes Tall,hip hop
raw cosine,Soon You'll Understand,hip hop,Revenge,metal,Between A Mother And A Child,country,Angelina,latin
raw cosine,Encore,hip hop,Tell Me (Acoustic),folk,So What'Cha Want (Butt Naked Version) (Explicit) (2009 Digital Remaster),hip hop,Stumble,pop
raw cosine,Say Now,hip hop,Online Songs,punk,The Red Plains,folk,Here Comes The Hotstepper,reggae
raw cosine,Been There Done That,hip hop,Live Foul,hip hop,Keep It Real,hip hop,Do You Want It?,hip hop
raw cosine,Magical,hip hop,Supernatural Thing Part 1,r&b/soul,Love Don't Live Here,electronic,A Deeper Love,r&b/soul
raw cosine,Over,hip hop,Do It Again,jazz,Bright Young Thing,rock,Naked,r&b/soul
raw cosine,Wrap U Around Me,hip hop,Peel Me A Grape,jazz,He Loves Me (Lyzel In E Flat),r&b/soul,Be Your Husband,blues
raw cosine,Paper Planes,hip hop,All For One (Explicit) (2006 Remastered LP Version),hip hop,I'm,hip hop,Lifestylez Ov Da Poor & Dangerous,hip hop
raw cosine,Set It Off,hip hop,Out Of Sight,r&b/soul,LET's GIT IT ON,hip hop,Confrontations,hip hop
raw cosine,Ho,hip hop,Mambo Swing,jazz,Up On The House Top,country,Live On Mars,punk
raw cosine,The What,hip hop,Mars Attacks,hip hop,That's What It Is,hip hop,Bubble Music,hip hop
raw cosine,Rowdy Rowdy,hip hop,Da Mystery Of Chessboxin',hip hop,The Fire In Which You Burn (feat. J-Treds & The Brewin From The Juggaknots),hip hop,You Do_ I Do,hip hop
raw cosine,Bang Out,hip hop,Uzi,hip hop,Ten Toes Tall,hip hop,Clifton,hip hop
raw cosine,Snoopafella (Edited),hip hop,Goodbye,jazz,Act A Fool,hip hop,B-Boy Bouillabaisse: A.W.O.L. (2009 Digital Remaster),hip hop
raw cosine,Hair,hip hop,What's On Your Mind,hip hop,B-Boy Bouillabaisse: A.W.O.L. (2009 Digital Remaster),hip hop,Birthday Card,hip hop
raw cosine,Happymess,hip hop,You & I,hip hop,Bad Mutha,hip hop,Guitar Playin',hip hop
raw cosine,Put Your Head On My Shoulder (Album Version),jazz,Kiss And Tell,r&b/soul,Hypnotize Me,pop,Tell Me,r&b/soul
raw cosine,Stuck In The Middle With You (Non-Album Track),jazz,Rotten Apple Pie,hip hop,Hot Sex,hip hop,I'm,hip hop
raw cosine,You'll Never Find Another Love Like Mine (Album Version),jazz,When She's Gone,folk,Falling Star,r&b/soul,You Are My Destiny,jazz
raw cosine,Kiss me baby,jazz,All Night Long,jazz,I'm Looking For A Woman,blues,Late Last Night,blues
raw cosine,Let's Go,jazz,Play With Fire,pop,You Don't Know Me,jazz,You Don't Know Me,jazz
raw cosine,Moon Over Miami,jazz,Charmed Life,jazz,Heart of a Dragon,metal,Lullaby Of Birdland,jazz
raw cosine,Hit That Jive Jack,jazz,Sex,hip hop,Around The Way [Explicit Album Version],hip hop,The Worst,hip hop
raw cosine,The Christmas Song,jazz,The Christmas Song,country,Just To Get A Rep,hip hop,Close My Eyes,reggae
raw cosine,Too Young,jazz,We Are The Young,pop,We Are All In This Together,folk,Save The Humans,punk
raw cosine,Unforgettable,jazz,Clockwork,hip hop,The Windmills Of Your Mind,blues,Another Side Of You,country
raw cosine,Autumn Leaves,jazz,The Awakening,metal,Meditation,jazz,Firewater,rock
raw cosine,Love Is A Many Splendored Thing,jazz,The Rose,pop,That's The Way Love Is,r&b/soul,Somewhere In My Heart,reggae
raw cosine,Smoke Gets in Your Eyes,jazz,Smoke Gets In Your Eyes,folk,I Love Fucking Up,punk,I Love You Honey,country
raw cosine,If You Can't Smile And Say Yes,jazz,Don't You Say No,r&b/soul,Don't Say Goodbye,r&b/soul,Rap Promoter,hip hop
raw cosine,She's Funny That Way,jazz,I Don't Love You Much Do I (2007 Remastered LP Version),country,I Changed My Mind,r&b/soul,Club Megamix,rock
raw cosine,The Ruby And The Pearl (2003 Digital Remaster),jazz,Expansion Team Theme,hip hop,Phaeton,jazz,Into The Light,electronic
raw cosine,The Very Thought Of You,jazz,Amazed,r&b/soul,Boxcutter Rap,hip hop,Famous Blue Raincoat,folk
raw cosine,Rudolph The Red-Nosed Reindeer,jazz,Rudolph The Red Nosed Reindeer,classical,All About U,hip hop,Yours (Live),jazz
raw cosine,December,jazz,When I Fall In Love,jazz,When I Get Old,punk,All The Woman (Recorded Live In London '99),pop
raw cosine,Don't Know Why (Live),jazz,I Don't Know Why I Love You,reggae,Random I Am (Album Version),punk,Freezin In The Cold,hip hop
raw cosine,Humble Me,jazz,All About You,metal,All Of Me,r&b/soul,Othello,reggae
raw cosine,I've Got To See You Again,jazz,Sadness On My Back,punk,I'll Never Love Again,punk,Everytime I...,r&b/soul
raw cosine,Sinkin' Soon (iTunes Live Session),jazz,Good Times,country,Static Age,punk,We Are Detective,pop
raw cosine,The Long Way Home,jazz,Runaway,hip hop,Everytime I...,r&b/soul,Breakin Me,blues
raw cosine,Those Sweet Words,jazz,Call Me (Clean Version),hip hop,Baby Phife's Return,hip hop,Get Sick Soon,folk
raw cosine,Wish I Could (Live),jazz,Keep Moving,hip hop,Clearer Now,punk,Masquerade,pop
raw cosine,My Dear Country,jazz,B-Boy Bouillabaisse: A.W.O.L. (2009 Digital Remaster),hip hop,The Car Song,reggae,Dead Homiez,hip hop
raw cosine,I Love The Way You Say Goodnight,jazz,The Way You Move,hip hop,Dimples,jazz,Para-noir,metal
raw cosine,White Christmas,jazz,When Will I See Your Face Again,folk,At The End Of The Sky,electronic,When I Lay My Burden Down,blues
raw cosine,Memories Are Made Of This,jazz,Highlight Of My Life,country,Conviction Of The Heart,jazz,Requiem for a Soldier (Band of Brothers),classical
raw cosine,Little Room,jazz,Flow On (Move Me No Mountain),hip hop,Kinky Sex Makes the World Go 'Round,punk,My Elusive Dreams,country
raw cosine,Bei Mir Bist Du Schön,jazz,Tell Me (Acoustic),folk,When You Say You Love Me (Album Version),classical,Like The Sun,classical
raw cosine,Don't Sit Under The Apple Tree,jazz,(You Were Made) Especially For Me,r&b/soul,I Don't Want To Hang Out With Me (LP Version),country,Don't You Ever,pop
raw cosine,Falling In Love Again,jazz,Falling In Love Again,pop,When I Fall In Love,jazz,Lovebite,pop
raw cosine,Heebie Jeebies,jazz,In the Journey,folk,Lovesick Blues,country,I Don't Want To Talk About It,hip hop
raw cosine,I Will Survive,jazz,Overcome,r&b/soul,Everytime I...,r&b/soul,I Still Love You,r&b/soul
raw cosine,In The Mood,jazz,Pack The Pipe,hip hop,Keep Moving,hip hop,I Was There When It Happened,country
raw cosine,Kiss,jazz,You Never Knew,hip hop,Memorial Day,hip hop,4 Seasons Of Loneliness,r&b/soul
raw cosine,Let Me Go Lover,jazz,Let Me Be Me,r&b/soul,Peel Me A Grape,jazz,He Loves Me (Lyzel In E Flat),r&b/soul
raw cosine,On An Evening In Roma (Sott'er Celo De Roma),jazz,Paint or Pollen,folk,Vita Mia,classical,Never Touch That Switch (Dark Horse Dub Mix),pop
raw cosine,No Puedo Mas Sin Ti (I'm Your Man),latin,Desde Que No Estas,latin,Precisamente Ahora,latin,Algo Mas,latin
raw cosine,En Tus Pupilas,latin,Amor de Tele,latin,Yo se que,latin,El ectoplasta,pop
raw cosine,Que Me Quedes Tu,latin,No Hay Manera,latin,Amor De Siempre,latin,Grito Latino,latin
raw cosine,Sombra De Ti,latin,Ahora Que Te Vas,pop,Precisamente Ahora,latin,Cosas Que Nunca Te Dije,electronic
raw cosine,Te Dejo Madrid,latin,Mujer Calavera,latin,Basta De Ti,latin,Miedo,latin
raw cosine,Tú,latin,19 De Noviembre,latin,Tierra Sin Sol,latin,Entre Tus Alas,latin
raw cosine,La Chica De Ayer,latin,Miserable,latin,Abarajame,hip hop,Tu Eres Mi Luz,latin
raw cosine,Adicto,latin,Obsesion (English Remix_ Album Version),latin,Cartita de amor,pop,Animal Nocturno,latin
raw cosine,Al Despertar,latin,La Coqueta,latin,Te Extrano,latin,Buscándote,reggae
raw cosine,Alguien Como Tú,latin,Amor De Siempre,latin,Buscándote,reggae,No Sabes Cuanto Te Quiero,latin
raw cosine,Inalcanzable,latin,Vete De Mi,latin,Tu Me Acostumbraste,latin,¿A Dónde Estabas?,latin
raw cosine,Lloro Por Ti,latin,Vete De Mi,latin,Fui,latin,Por Ti Seré (You Raise Me Up),classical
raw cosine,Mamacita,latin,Sueño,latin,Guaracha,latin,La Quejosa,latin
raw cosine,Miss You,latin,The Girls In Their Summer Dresses,rock,Breakaway,pop,Never Do It Again,r&b/soul
raw cosine,Para De Jugar,latin,Libre,reggae,Mujer Calavera,latin,Madre Mia,latin
raw cosine,She Be The One,latin,She's A Runner (24-Bit Digitally Remastered 02),rock,Carnt Be Trusted,pop,Too Good To Be True,r&b/soul
raw cosine,Trapecista,latin,Guacamaya,latin,Sonrisa especial,latin,Volar,latin
raw cosine,Tu Vacio,latin,Todavía Me Amas,latin,Quien No Ha Dicho Una Mentira,latin,No Sabes Cuanto Te Quiero,latin
raw cosine,Volveré,latin,Intentalo tu,latin,ya No,latin,Gitano Corazon,latin
raw cosine,Estoy Aquí,latin,Receio do remorso,reggae,Rosas,pop,Nêga Jurema,metal
raw cosine,Life Is Anew,latin,Because Of You,jazz,MAPS OF REALITY,pop,The Awakening,metal
raw cosine,Donde Estas Corazon,latin,Nadie mas que yo (directo Las Ventas),latin,No Mas Apartheid,reggae,Cenando En Paris,latin
raw cosine,Octavo Día,latin,Agua De Mayo,latin,Y Sigo Preguntandome,latin,Mediterraneo,folk
raw cosine,Te Necesito,latin,Todavía Me Amas,latin,Obsesion (English Remix_ Album Version),latin,No Te Vayas,blues
raw cosine,Evil Ways,latin,Preacher On A Sunday Morning,hip hop,Happymess,hip hop,Superstar (Double Murder = Double Platinum),r&b/soul
raw cosine,Anna (el negro zumbon),latin,El Arado,latin,A fuego lento (directo Las Ventas),latin,Nuevo Dia (New Day),latin
raw cosine,Piensa en mi,latin,La Chica De Ayer,latin,Asi Eres Tu,latin,Tú,latin
raw cosine,Esperando,latin,Waiting For My Child,country,My Baby Just Cares For Me,jazz,Cryin',blues
raw cosine,Beautiful Liar (Bello Embustero),latin,Vine A Decirte Adios,latin,No Existe Un Lugar,latin,Años Luz,pop
raw cosine,Rosario Tijeras,latin,La Aristocracia del Barrio,latin,Sol_ Playa Y Arena,reggae,El Cosechero,latin
raw cosine,Animal Nocturno,latin,Quien No Ha Dicho Una Mentira,latin,Don Manuel Sr. Molina,latin,Cuando,latin
raw cosine,Alejate De Mi,latin,Obsesion (English Remix_ Album Version),latin,La Coqueta,latin,Aqui Se Termino (Never Forever),pop
raw cosine,Entre Tus Alas,latin,19 De Noviembre,latin,Es Por Ti,latin,Amor Latino,latin
raw cosine,Me Basto,latin,No Te Vayas,blues,Te Extrano,latin,Al Despertar,latin
raw cosine,Va Para Ti,latin,Manto Estelar,electronic,La Estación,latin,No Me Acostumbro,latin
raw cosine,Fui,latin,Lloro Por Ti,latin,No Pense Enamorarme Otra Vez,latin,La rabia,latin
raw cosine,Ilusionado,latin,La Coqueta,latin,Todos Quieren A Raymond,reggae,Sueño,latin
raw cosine,Piel De Ciudad,latin,Voy A Seguir,latin,Tu Y Yo,latin,Alejate De Mi,latin
raw cosine,Quedate,latin,Ni Te Llamo Ni Te Busco,latin,Todavía Me Amas,latin,Aqui Se Termino (Never Forever),pop
raw cosine,Brother Sport,latin,Get Your Hands Up,hip hop,In Moderation,metal,Freestate,electronic
raw cosine,The Prince,metal,I've Grown Accustomed To His Face,jazz,Me And The Devil,blues,Crime,reggae
raw cosine,Second Heartbeat,metal,Just a Memory,punk,A Song For You,jazz,Whereareyougoing,r&b/soul
raw cosine,To End The Rapture,metal,Throne Of Dark Immortals,metal,What You Became,metal,Chimaera (Album Version),punk
raw cosine,Witness,metal,Incision,electronic,"You Are The Universe (Roger's Universal 7"" Edit)",jazz,It's Only Your Life,folk
raw cosine,Heartache Every Moment,metal,The Miner Becomes Forgetful,folk,All About U,hip hop,Broken Heart,country
raw cosine,Sigillum Diaboli,metal,Pervert,electronic,Sold,pop,Gotta Get Over (Taking Loot) (Explicit),hip hop
raw cosine,Refined By Your Embrace,metal,I fantasize of you,electronic,Rabbit Run,hip hop,Beyond Salvation,metal
raw cosine,The Innocence Spilled,metal,The End Of An Anchor,punk,Something For The Pain,blues,Feel Me,hip hop
raw cosine,An American Dream,metal,This Is Not America,jazz,Bear The Cross,metal,Threat,reggae
raw cosine,The Changing Of Times,metal,Whereareyougoing,r&b/soul,Only When ur Lonely,r&b/soul,Get Sick Soon,folk
raw cosine,Autumn,metal,Sprachbarrieren,hip hop,Auf das Leben,folk,Viel Mehr,hip hop
raw cosine,Chorus Of Angels,metal,Fireflies Take Flight,folk,Now Three,folk,Remind Me (Live),electronic
raw cosine,Follow The Wolves,metal,Full Moon,folk,Vengeance of Demonic Fury,metal,Son Of The Morning,metal
raw cosine,I Am You,metal,The Weak Shall Prevail,metal,Redemption,metal,Burning Bridges,rock
raw cosine,The Science Of Lies,metal,The 4th Branch,hip hop,Showtape '91,electronic,Masquerade,classical
raw cosine,Slow Down,metal,Angelina,latin,You're A Zombie,punk,It's Only Your Life,folk
raw cosine,Steal Away (The Night),metal,Further Away,rock,Chase The Clouds Away,jazz,The Look Of Love,jazz
raw cosine,Black Curtains (2004 Digital Remaster),metal,Black Jettas,rock,Black Sheep,folk,Black Is The Color,folk
raw cosine,Die Dead Enough,metal,Runaway,hip hop,Awake Enough,electronic,Ball Peen Hammer,blues
raw cosine,Bodies,metal,Let The Beat Hit 'Em,r&b/soul,Let Me Go Lover,jazz,Let Me Be Me,r&b/soul
raw cosine,Rotting Head,metal,Tuleen Ajettu Maa,metal,Vengeance of Demonic Fury,metal,Resolution,jazz
raw cosine,Gehenna,metal,I Want You,hip hop,Breakin Me,blues,I Want That,electronic
raw cosine,[sic] [Explicit],metal,Revenge,metal,Tangled Up,r&b/soul,Your Eyes,pop
raw cosine,Gunshots by Computer,metal,Ex-Factor,r&b/soul,Honest Expression,hip hop,Untouchable,hip hop
raw cosine,Hope Is... (Album Version),metal,Heroes Of Our Land,metal,Manhattan,jazz,We Are the End,metal
raw cosine,The Moor,metal,Elohim (1972),hip hop,Skullptures,metal,Snoopafella (Edited),hip hop
raw cosine,This Flesh A Tomb (Instrumental Version),metal,Let Me Into Starfish Land,metal,Bent,folk,Runaway,hip hop
raw cosine,A Higher Standard,metal,It's Undeniable,punk,Prime Time TV,jazz,It's De-Lovely,jazz
raw cosine,Redemption,metal,So_ I Guess This Is Goodbye,metal,Happymess,hip hop,Furtive Monologue,metal
raw cosine,We Die Alone (Bonus Track),metal,Daneurysm,metal,Die Polizei,rock,I Think We're Alone Now (Single/LP Version),pop
raw cosine,Elements,metal,Fountainhead,metal,13 Months Of Sunshine,reggae,The chronicle of shadows,metal
raw cosine,Know The Difference,metal,What Do I Know,pop,Genius,electronic,I Can Change,r&b/soul
raw cosine,Peephole,metal,It's Only Money,rock,It's Only Money,blues,Castles In The Sky,electronic
raw cosine,Hellhounds on My Trail,metal,My Finest Hour,pop,Tell Me (Acoustic),folk,Heartattack,punk
raw cosine,No Commands,metal,Pride,electronic,The Girls In Their Summer Dresses,rock,No More Runnin,electronic
raw cosine,Mother (2006 Remastered Alternate Mix),metal,B-Boy Bouillabaisse: A.W.O.L. (2009 Digital Remaster),hip hop,Mr. Wiggles,r&b/soul,Clickety Clack,hip hop
raw cosine,Lord Of The Flies (Live In Dortmund),metal,Photography,punk,Growin' Old,hip hop,Perfect Stranger,metal
raw cosine,Phantom Of The Opera (Live) (1998 Digital Remaster),metal,Nausea,metal,Angelina,latin,Predictable,pop
raw cosine,Re-Birth,metal,Into The Sun,jazz,Out of Character,blues,All About You,metal
raw cosine,This Pain,metal,Releasing Hypnotical Gases,hip hop,Ballad In Plain D,folk,Abandon Ship,reggae
raw cosine,You Are Not Alone,pop,Dressed To Kill,punk,You Don't Have A Clue,electronic,To Where You Are,classical
raw cosine,Baby Be Mine,pop,Anytime,pop,Dream,r&b/soul,Preacher On A Sunday Morning,hip hop
raw cosine,Man In The Mirror,pop,Show Me The Money,hip hop,Sunshine,hip hop,One,hip hop
raw cosine,Why You Wanna Trip On Me,pop,U,pop,Thinking Blues,blues,Shame On Me,country
raw cosine,TiK ToK,pop,Trife Life,hip hop,Ain't No Stopping Us Now,r&b/soul,We Brings Heat,hip hop
raw cosine,Nothing Lasts Forever,pop,It's Alright,punk,So Alone,rock,Splurge,hip hop
raw cosine,Roamer,pop,It's Like That,jazz,8 Mile,hip hop,Fucked Up,hip hop
raw cosine,Live High (Album Version),pop,Black & White,hip hop,Mexico City,folk,Virtual Insanity,r&b/soul
raw cosine,Did I Do That?,pop,What You Do To Me,r&b/soul,The Hop,hip hop,It's Only Your Life,folk
raw cosine,I'll Be There,pop,I'll Be There,classical,There Will Be A Light,blues,It's All Up To You,r&b/soul
raw cosine,I Think They're Thinking - Interlude,pop,Guns And Dolls,rock,Thinking About You,pop,Oooh,r&b/soul
raw cosine,Silent Movie,pop,Mighty Good,rock,Predictable,pop,You Don't Have A Clue,electronic
raw cosine,Stumble,pop,Ain't No Way (You Won't Love Me),r&b/soul,Revenge,metal,Club Megamix,rock
raw cosine,Heroe,pop,Get Sick Soon,folk,To Be With You Again,pop,My Darling,hip hop
raw cosine,Little Girl,pop,Get Sick Soon,folk,To Be With You Again,pop,My Darling,hip hop
raw cosine,Ruleta Rusa,pop,Sacrificio,rock,La Media Vuelta,latin,Entra,reggae
raw cosine,Contigo,pop,Candela,latin,En el último lugar del mundo,latin,Milonga Del Solitario,folk
raw cosine,Años Luz,pop,Obsesion (English Remix_ Album Version),latin,Clemencia,latin,Algo Mas,latin
raw cosine,Love Song,pop,Ain't No Way (You Won't Love Me),r&b/soul,Revenge,metal,Not Your Baby,pop
raw cosine,Candyman,pop,Wolfman Jack,hip hop,Old Hippie,country,Automatic Man (Album Version),punk
raw cosine,Tell Me Something I Don't Know,pop,Salva Mea,electronic,All Of Me,country,Flowers On The Wall,pop
raw cosine,Cry,pop,Everytime I...,r&b/soul,I'd Like To,r&b/soul,Pervert,electronic
raw cosine,Zora sourit,pop,3ème Sexe,electronic,Laquelle Des Deux Est La Plus Snob,pop,Earthless,folk
raw cosine,Dance,pop,Act Like You Know (LP Version),hip hop,WordPlay,hip hop,Ruggedness,hip hop
raw cosine,Partout Je Vois,pop,Best Friend,r&b/soul,Snowflakes,r&b/soul,Mississippi,country
raw cosine,Anytime,pop,Alguien Real (Baby_ I'm In Love),latin,Club Megamix,rock,Dream,r&b/soul
raw cosine,Simplest Love,pop,Love For Sale (LP Version),jazz,My Love For You Is Real,country,Love For Sale,latin
raw cosine,Midnight Bottle,pop,Don't Be A Stranger,pop,Feel Me,hip hop,Only For The Weak,metal
raw cosine,Let Me Be,pop,Baby Now That I've Found You,country,Club Megamix,rock,Love Affair,r&b/soul
raw cosine,Big Sky,pop,Preacher On A Sunday Morning,hip hop,Witch,pop,Snowflakes,r&b/soul
raw cosine,Thinking About You,pop,I Think I Love You,reggae,Oooh,r&b/soul,All I Ever Think About,r&b/soul
raw cosine,A Groovy Kind Of Love (Live),pop,Sweet Misery,r&b/soul,Get Sick Soon,folk,Club Megamix,rock
raw cosine,That's Why You're Beautiful,pop,Tu Eres,latin,That's All (Album Version),classical,Beautiful Song,electronic
raw cosine,Step By Step,pop,By The Way,hip hop,Every Little Bit,country,Flash Pan Hunter/Intro,classical
raw cosine,Piece Of Me (Main Version),pop,The Angry Cry Of The Angry Pie,punk,Kid Gloves,pop,Dying Embers,metal
raw cosine,Can't Make You Love Me,pop,Club Megamix,rock,Where Will I Be Now,pop,Breakin Me,blues
raw cosine,Girl In The Mirror,pop,El Paso,rock,Snoopafella (Edited),hip hop,Emeraldine,jazz
raw cosine,Radar,pop,Get It How You Live  (Explicit Chopped & Screwed Version),hip hop,Lover Tonite,rock,Preacher On A Sunday Morning,hip hop
raw cosine,When Your Eyes Say It,pop,Kickin' It With Your Girlfriend,r&b/soul,Yours (Live),jazz,Lovebite,pop
raw cosine,Precious (Live In Milan),pop,NoOne,r&b/soul,You Never Knew,hip hop,Mississippi,country
raw cosine,Insectica,punk,Displaced,jazz,Breakin Me,blues,When It Comes To Me,r&b/soul
raw cosine,Cambridge (Album Version),punk,Over My Head (Cable Car),rock,Rhinestone Eyes,electronic,I Am Stretched On Your Grave (Live Remastered),electronic
raw cosine,Disappear,punk,Revenge,metal,I Want It,electronic,I Still Love You,r&b/soul
raw cosine,Fell in Love Without You (Cd),punk,Lessons In Love,pop,Dead Spaces,metal,In The Blue Of The Evening,jazz
raw cosine,Point Of Extinction (Cd),punk,Rabbit Run,hip hop,Hook,blues,Puck Two,classical
raw cosine,Stand Too Close,punk,If I,reggae,Tool,pop,Just To Prove My Love For You,country
raw cosine,Worker Bee,punk,Book Of Life,hip hop,Rotten Apple Pie,hip hop,Pack The Pipe,hip hop
raw cosine,Mind Over Time,punk,Logan Time,punk,Mindrot,metal,Happy Times,pop
raw cosine,I Fought The Law,punk,Runaway,hip hop,The Car Song,reggae,Needles And Pins (Remastered Album Version ),punk
raw cosine,The Magnificent Seven,punk,It's Only Your Life,folk,The Hop,hip hop,Killing Time,r&b/soul
raw cosine,Believe,punk,Alright,r&b/soul,Everything Is Everything,r&b/soul,It's Not OK [Live From London],rock
raw cosine,Empty Apartment,punk,All About U,hip hop,It's Only Your Life,folk,What's Your Problem,rock
raw cosine,But Tonight We Dance,punk,Hidden,folk,Happymess,hip hop,Puck Two,classical
raw cosine,Faint Resemblance,punk,On the Outside,folk,Are You Out There,folk,I Love You,jazz
raw cosine,Survive,punk,Destination: Death or Better Days,metal,Static Age,punk,We Are Detective,pop
raw cosine,The Dirt Whispered,punk,Book Of Life,hip hop,Preachin' To The Choir,country,I'm Still Dancin' With You,country
raw cosine,Get It Right (Album Version),punk,Stoneface,rock,I'll Never Love Again,punk,Code Of The Streets (Explicit),hip hop
raw cosine,Want You Bad,punk,So What'Cha Want (Butt Naked Version) (Explicit) (2009 Digital Remaster),hip hop,Revenge,metal,I Try,r&b/soul
raw cosine,Staring At The Sun,punk,Fever Moon,folk,Revenge,metal,Don't Worry,r&b/soul
raw cosine,Operation Rescue,punk,Plain Clothes,electronic,Brood Of Hatred (Album Version),metal,Planting Seeds,rock
raw cosine,When Broken Is Easily Fixed (Album Version),punk,He Loves Me (Lyzel In E Flat),r&b/soul,Comfort,rock,Crazier,country
raw cosine,Want,punk,So What'Cha Want (Butt Naked Version) (Explicit) (2009 Digital Remaster),hip hop,Pervert,electronic,All Fired Up_ No Place To Go,country
raw cosine,Josey,punk,Carnt Be Trusted,pop,The Way It Is,rock,Earthless,folk
raw cosine,1-2 Crush On You,punk,Auntie (Ma-Ma-Ma Belle),rock,Holdin' On [Missin' U] (Album Version),r&b/soul,System,pop
raw cosine,Brand New Cadillac,punk,She's A Runner (24-Bit Digitally Remastered 02),rock,Over You Blues,blues,That's My Baby,blues
raw cosine,Cool Confusion,punk,Stranger In Paradise,r&b/soul,The What,hip hop,In Deh,reggae
raw cosine,First Night Back In London,punk,Baby Phife's Return,hip hop,El Paso,rock,B-Boy Bouillabaisse: A.W.O.L. (2009 Digital Remaster),hip hop
raw cosine,Inoculated City,punk,The 4th Branch,hip hop,Masquerade,classical,Adam_ Where Are You?,country
raw cosine,Lost In The Supermarket,punk,Raven In The Storm,folk,The Moon,jazz,Can't Take This (Album Version),punk
raw cosine,Overpowered By Funk,punk,One Nation Under A Groove,r&b/soul,Club Megamix,rock,Mr. Big,rock
raw cosine,Automatic Man (Album Version),punk,Who Is He? (And What Is He To You?),r&b/soul,Old Hippie,country,Possessed To Skate,metal
raw cosine,Chimaera (Album Version),punk,She's The Source,rock,What You Became,metal,Roots,reggae
raw cosine,Damned to Be Free (Album Version),punk,Ridiculous,hip hop,Fixed,hip hop,Lovely Thing,pop
raw cosine,Get Off,punk,Book Of Life,hip hop,Runaway,hip hop,Someday I Suppose,reggae
raw cosine,Juneau,punk,Switchblade,hip hop,Raven In The Storm,folk,Super Reality,metal
raw cosine,Another The letter,punk,Prologue,metal,Israel,classical,Requiem for a Dive,electronic
raw cosine,Strange,punk,Trilogy,r&b/soul,Arms Around Me (BBC 6Music Session),rock,Bought & Sold,jazz
raw cosine,Dude_ What Is a Land Pirate?,punk,Ghosts Of You,pop,Undead,hip hop,Slowes' Comb/The May 4th Movement starring Doodlebug,reggae
raw cosine,Again I Go Unnoticed,punk,Other Side of Day,rock,The Awakening,metal,Lord Of The Damned,metal
raw cosine,Carry This Picture,punk,I Believe,classical,The Car Song,reggae,Soul Into Hades,metal
raw cosine,U R The One,r&b/soul,Run The Show,r&b/soul,Tell Me (Acoustic),folk,Breakin Me,blues
raw cosine,Ain't No Way (You Won't Love Me),r&b/soul,Stumble,pop,You Don't Know Me,r&b/soul,Play With Fire,pop
raw cosine,Nice & Slow,r&b/soul,I Wanna Know,blues,Look What You've Done For Me,r&b/soul,Only When ur Lonely,r&b/soul
raw cosine,Roni,r&b/soul,She Passed By My Window,rock,My One And Only Love,jazz,She's In Love,country
raw cosine,Damage,r&b/soul,Kickin' It With Your Girlfriend,r&b/soul,I Will Survive,jazz,Everytime I...,r&b/soul
raw cosine,Gotta Be Ur Man,r&b/soul,I Apologize,pop,Happy Song (Tonite),r&b/soul,Getting Over You,r&b/soul
raw cosine,Birthmark,r&b/soul,When Did Your Heart Go Missing?,rock,Where Is Your Heart At?,jazz,Heart Attack,rock
raw cosine,Don't You Say No,r&b/soul,Don't Say Goodbye,r&b/soul,If You Can't Smile And Say Yes,jazz,Don't Bother Me (Bad Brains),punk
raw cosine,Kickin' It With Your Girlfriend,r&b/soul,Guitar Playin',hip hop,I Didn't Know That You Cared,electronic,Hook,blues
raw cosine,Rise Up,r&b/soul,Rise,hip hop,S.U.C.,hip hop,Undead,hip hop
raw cosine,Joy Ride,r&b/soul,Magical,hip hop,We've Got Ourselves In Love ,jazz,Lovers In Captivity,rock
raw cosine,Sprung,r&b/soul,Rescue Me,punk,Alguien Real (Baby_ I'm In Love),latin,Supply & Demand,folk
raw cosine,Never Too Much,r&b/soul,She's Funny That Way,jazz,Heavenly,r&b/soul,I Ain't Never,country
raw cosine,Chocolate Factory,r&b/soul,A Day To Myself,folk,Second Nature,folk,Sweet,country
raw cosine,I Mean (I Don't Mean It),r&b/soul,Random I Am (Album Version),punk,I Don't Want To Talk About It,hip hop,Shoo Be Doo,r&b/soul
raw cosine,In The Kitchen,r&b/soul,Crowded Avenue,electronic,Them Jeans,hip hop,Time And Space,electronic
raw cosine,Distance And Time,r&b/soul,Promise Me,pop,My Forfeit,metal,Get Sick Soon,folk
raw cosine,Lover Man,r&b/soul,Can't Do Without You,r&b/soul,Hair,hip hop,She's On Drugs,rock
raw cosine,Nobody Not Really (Interlude),r&b/soul,Down The Dirt Road Blues,blues,Confessional,rock,Pain,hip hop
raw cosine,Piano & I,r&b/soul,Without You,r&b/soul,Heartattack,punk,Honest Expression,hip hop
raw cosine,Tell You Something (Nana's Reprise),r&b/soul,Ball Peen Hammer,blues,Tuesday Night,folk,Love Affair,r&b/soul
raw cosine,Try Sleeping With A Broken Heart,r&b/soul,Never Gonna Give You Up,r&b/soul,Fast As I Can,folk,Go On Ahead,rock
raw cosine,Why Do I Feel So Sad,r&b/soul,Try Our Love Again,r&b/soul,Freezin In The Cold,hip hop,Lost Horizon,pop
raw cosine,Lovin U,r&b/soul,Rhythm Is Love,r&b/soul,Easy,r&b/soul,Dead Love,rock
raw cosine,My Ride,r&b/soul,Strictly 4 My N.I.G.G.A.Z.,hip hop,In My Heart,jazz,Bump,hip hop
raw cosine,Starting All Over,r&b/soul,8 Mile,hip hop,I Don't Need This,electronic,Hook,blues
raw cosine,Oh Boy,r&b/soul,Best Friend,r&b/soul,Dust My Broom,blues,Dust My Broom,blues
raw cosine,Maybe,r&b/soul,So What'Cha Want (Butt Naked Version) (Explicit) (2009 Digital Remaster),hip hop,On the Outside,folk,Club Megamix,rock
raw cosine,Stuck In the Middle,r&b/soul,Never Love You,r&b/soul,Interlude 5,r&b/soul,So Much Love/Underture,jazz
raw cosine,Bump What Your Friends Say,r&b/soul,If Only You Knew,r&b/soul,Never Meant To Be,r&b/soul,My Darling,hip hop
raw cosine,Smack Dab In The Middle,r&b/soul,Man In White,country,Safe + Sound,hip hop,Heavily Sedated,metal
raw cosine,Don't You Know,r&b/soul,Naked,r&b/soul,Love Was Here,hip hop,Baby Come Back,blues
raw cosine,All I Ever Think About,r&b/soul,Revenge,metal,I Think I Love You,reggae,Club Megamix,rock
raw cosine,(You Were Made) Especially For Me,r&b/soul,Not Your Baby,pop,Don't Bother Me (Bad Brains),punk,Give Me What I Want (LP Version),r&b/soul
raw cosine,I Was Made To Love Her,r&b/soul,Electric Lady,r&b/soul,Cryin',blues,Heartbeat,rock
raw cosine,Bridge Over Troubled Water,r&b/soul,To The Limit,r&b/soul,It's All Up To You,r&b/soul,Hunter killer,metal
raw cosine,Goin' Back To Indiana,r&b/soul,hoodie ninja,hip hop,Who I Am,country,8 Mile,hip hop
raw cosine,Lookin' Through The Windows,r&b/soul,Insectica,punk,Dark Therapy,pop,Unexplained,hip hop
raw cosine,You've Changed,r&b/soul,Nasty Grind,r&b/soul,Skinhead Moonstomp,reggae,Wrong Way,rock
raw cosine,Switch!,r&b/soul,Pervert,electronic,Book Of Life,hip hop,Everytime I...,r&b/soul
raw cosine,One World (Not Three),reggae,Revolution,blues,Imagine,r&b/soul,One Tribe,hip hop
raw cosine,Close My Eyes,reggae,Just What Can Happen,hip hop,Days Like These,reggae,Switchblade,hip hop
raw cosine,Exaltation,reggae,Immortal Chant,metal,There Will Be Blood Tonight,metal,The Girl That I Marry,jazz
raw cosine,Fire and Heights,reggae,Clickety Clack,hip hop,Preacher On A Sunday Morning,hip hop,Snoopafella (Edited),hip hop
raw cosine,Jerusalem,reggae,When Cheating Had Feeling,punk,Rap Promoter,hip hop,Not Your Baby,pop
raw cosine,Warrior,reggae,Colony,folk,Clickety Clack,hip hop,Now That the Buffalo's Gone,folk
raw cosine,Don't Push,reggae,Guitar Playin',hip hop,Time,hip hop,Bad Mutha,hip hop
raw cosine,Pawn Shop,reggae,Upside Down From Here,electronic,Underwater,pop,Something Written,jazz
raw cosine,See you in the Light,reggae,I Live In A Suitcase,electronic,Heavily Sedated,metal,The Irony Of It All (Album Version),electronic
raw cosine,Sweet Little Lies,reggae,Salva Mea,electronic,Tell Me,r&b/soul,I Get Evil,blues
raw cosine,The Way You Make Me Feel,reggae,Pressure,electronic,Club Megamix,rock,Time To Grow,r&b/soul
raw cosine,Grito Mundial,reggae,El Arado,latin,Milonga Del Solitario,folk,League Chicanos,latin
raw cosine,Get This Party Started: Ghost Remix,reggae,Catastrophe,punk,Midnight Man,rock,It's A Party,hip hop
raw cosine,Africa Unite,reggae,Heavy Metal Universe (live),metal,Black Milk,electronic,The 4th Branch,hip hop
raw cosine,Could You Be Loved,reggae,Could It Be I'm Falling In Love,r&b/soul,It's Not OK [Live From London],rock,I Will Be Waiting,pop
raw cosine,No Water,reggae,A Groovy Kind Of Love (Live),pop,Sweet Misery,r&b/soul,Black Magic Woman,blues
raw cosine,One Love / People Get Ready,reggae,One Tribe,hip hop,One Love At A Time,jazz,One Love,pop
raw cosine,Try Me,reggae,Try Me Again,country,I Need You,hip hop,Peel Me A Grape,jazz
raw cosine,Baby We've Got A Date (Rock It Baby),reggae,Where Did Our Love Go,rock,Getting Late,r&b/soul,French Kissing,r&b/soul
raw cosine,Johnny Was,reggae,W.O.M.A.N.,blues,Shimmy_ Shimmy_ Ko-Ko-Bop (Single Version),latin,Stereo,r&b/soul
raw cosine,Riding High,reggae,Northern Girls,jazz,Prodigal Son,blues,Holdin' On [Missin' U] (Album Version),r&b/soul
raw cosine,Soul Shakedown,reggae,Ringa Ding Ding,electronic,Not Your Baby,pop,Pink Ego Box,rock
raw cosine,Trenchtown Rock,reggae,I'm Catching Hell (Living Here Alone) (Digitally Remastered 02),jazz,Bull Dog Blues,blues,You & I,hip hop
raw cosine,Eternal Feedback (Sly),reggae,She's The Sun,electronic,Stay Too Long,r&b/soul,Don't Change Your Plans,rock
raw cosine,Black Progress,reggae,Bags,punk,Slowes' Comb/The May 4th Movement starring Doodlebug,reggae,Big Black Cadillac Blues,blues
raw cosine,Reggae On Broadway,reggae,Groove Is On,electronic,Näin minä vihellän matkallani,pop,There's A Rugged Road,folk
raw cosine,Rebels Hop,reggae,A Groovy Kind Of Love (Live),pop,Sweet Misery,r&b/soul,Black Magic Woman,blues
raw cosine,Stop The Train,reggae,Hunter,electronic,Key To The Highway,blues,Slave,reggae
raw cosine,This Train,reggae,Psychopath,metal,Ridin Home,blues,C.O.A.,electronic
raw cosine,Defeat You,reggae,Everytime I...,r&b/soul,Mury,reggae,Heroine,folk
raw cosine,Don't Get Nine,reggae,Don't Let It Get To You (Album Version),pop,Dont Cry,punk,Graduation Day,hip hop
raw cosine,Feva Las Vegas,reggae,Concerto,hip hop,Soopaman Luva 3,hip hop,Claimin' True,hip hop
raw cosine,Secrets,reggae,Club Megamix,rock,Freezin In The Cold,hip hop,Keep Moving,hip hop
raw cosine,Work Work,reggae,Breakin Me,blues,Hook,blues,Call On Me,blues
raw cosine,Good Rats (Live),reggae,That's How Country Boys Roll,country,The Molly Maguires,folk,Plain Clothes,electronic
raw cosine,Sol_ Playa Y Arena,reggae,La Aristocracia del Barrio,latin,El Arado,latin,La Carencia,reggae
raw cosine,I Don't Want To See You Cry,reggae,Dont Cry,punk,Give Me All Your Love,electronic,Not Your Baby,pop
raw cosine,Come Back Darling,reggae,Waiting For The Day,folk,I Need You,hip hop,Your Love Made A U Turn,rock
raw cosine,Here I Am (Come And Take Me),reggae,Girls,electronic,Comfort,rock,Come Take Me Over,pop
raw cosine,Light My Fire,reggae,Love You Till Friday,punk,Radar,pop,Don't You Know,r&b/soul
raw cosine,Til Kingdom Come,rock,Meditation,jazz,Hidden,folk,Seven Seas,r&b/soul
raw cosine,Brothers Under The Bridges ('83),rock,Daddy Sang Bass,country,Immortal Chant,metal,Last Night,rock
raw cosine,The Big Payback,rock,B-Boy Bouillabaisse: A.W.O.L. (2009 Digital Remaster),hip hop,Lifestylez Ov Da Poor & Dangerous,hip hop,It's Like That,jazz
raw cosine,The Ties That Bind,rock,Angelina,latin,It's Only Your Life,folk,That Smell,rock
raw cosine,Sam's Town,rock,B-Boy Bouillabaisse: A.W.O.L. (2009 Digital Remaster),hip hop,Act A Fool,hip hop,Book Of Life,hip hop
raw cosine,Pink Ego Box,rock,Breakin Me,blues,Descending,rock,Blue Monday,blues
raw cosine,Secrets,rock,Hot Sex,hip hop,Johnson City,country,House Full Of Riches (LP Version),folk
raw cosine,Come Back,rock,This Empty Place,r&b/soul,Hit The Road Jack,hip hop,Coming Back,rock
raw cosine,Time Is On My Side,rock,Bump,reggae,Sunny Road,folk,My Time,folk
raw cosine,Fight (1994 Digital Remaster),rock,Let's Get Crazy,hip hop,Boom Boom Guetta,hip hop,Knowledge Of Self,jazz
raw cosine,This Ain't A Love Song,rock,I Think I Love You,reggae,Waiting For The Day,r&b/soul,Hot Sex,hip hop
raw cosine,Superman Tonight,rock,Angelina,latin,Revenge,metal,I Care,country
raw cosine,Bad Obsession,rock,It's De-Lovely,jazz,I Know You Got Soul,hip hop,Complicated,country
raw cosine,Anything That's Part Of You,rock,All Of Me,r&b/soul,I Try,r&b/soul,Even So,folk
raw cosine,So I Thought,rock,The Irony Of It All (Album Version),electronic,Gold,folk,Runaway,hip hop
raw cosine,You're All I've Got Tonight,rock,Flowerstand Man,electronic,Dont Cry,punk,Don't Need The Sun To Shine (To Make Me Smile),r&b/soul
raw cosine,Signal Fire,rock,Kid Gloves,pop,There You Are,country,Eradicate Authority,metal
raw cosine,The Lightning Strike,rock,Closer To You,electronic,Gold,folk,ATLiens,hip hop
raw cosine,Dumb,rock,Slave,reggae,Hunter,electronic,Liquid,metal
raw cosine,Something In The Way,rock,1-2-8,reggae,Something In The Air Between Us,jazz,I Live In A Suitcase,electronic
raw cosine,Oh! Gravity.,rock,Tu Vas Me Manquer,reggae,Dear Heart,rock,This Is A Low,pop
raw cosine,Hotel Yorba,rock,Preachin' To The Choir,country,Rabbit Run,hip hop,Claimin' True,hip hop
raw cosine,Prickly Thorn_ But Sweetly Worn (Live),rock,Dame De Lotus,electronic,Newgrange,folk,Cachos De Vaca,reggae
raw cosine,St. Andrew (This Battle Is In The Air),rock,I Don't Know Where I'm Bound,country,Flowers On The Wall,pop,Soobax,hip hop
raw cosine,I Was Meant For the Stage,rock,Unsung Songs,punk,Snoopafella (Edited),hip hop,Overcome,pop
raw cosine,Alpha Beta Parking Lot,rock,When The Shades Go Down,r&b/soul,Down In The Alley,blues,Going Down Town Tonight,blues
raw cosine,An Ode To No One,rock,Hook,blues,Club Megamix,rock,My Darling,hip hop
raw cosine,Over My Head (Cable Car),rock,Baby Phife's Return,hip hop,Impact,hip hop,B-Boy Bouillabaisse: A.W.O.L. (2009 Digital Remaster),hip hop
raw cosine,No I In Threesome,rock,Time & Space (A New Refutation Of),hip hop,Virtual Insanity,r&b/soul,I'm On The Mic,reggae
raw cosine,Pace Is The Trick,rock,Get Sick Soon,folk,I Will Survive,jazz,I Still Love You,r&b/soul
raw cosine,Embryo,rock,a piece of my heart,electronic,Life Is Real,hip hop,Pain,hip hop
raw cosine,Borderline,rock,Slow Dancin',r&b/soul,Bang A Gong/Funtime (Live),punk,Driving With The Brakes On,rock
raw cosine,March Of The Pigs,rock,I Want It All,electronic,The Workout,pop,Givin' It Up,jazz
raw cosine,Burn,rock,Iodine,folk,The Awakening,metal,The Biggest Part Of Me,r&b/soul
raw cosine,Something I Can Never Have,rock,Pervert,electronic,Rabbit Run,hip hop,Descending,rock
raw cosine,It's Your World Now,rock,It's Your World,electronic,Trans DF Express,r&b/soul,Physical Stamina,hip hop
raw cosine,Something There Is About You,rock,Closer To You,electronic,Numbers,country,Rebirth,hip hop
raw cosine,From Underneath,rock,Revenge,metal,I Try,r&b/soul,Even So,folk
raw cosine,Turn It On,rock,Still On It,metal,Soon Forward,reggae,Touch It / Technologic,electronic
raw cosine,Something On My Mind,rock,Add It Up,rock,Strictly 4 My N.I.G.G.A.Z.,hip hop,Battery,hip hop
tfidf inner product,All The Things You Are,blues,Happy Boys & Girls,pop,Angel,hip hop,Being With You,pop
tfidf inner product,Vultures,blues,Interlude 5,r&b/soul,B-Boy Bouillabaisse: A.W.O.L. (2009 Digital Remaster),hip hop,Honest Expression,hip hop
tfidf inner product,Out Of My Mind,blues,Interlude 5,r&b/soul,If I Had,hip hop,B-Boy Bouillabaisse: A.W.O.L. (2009 Digital Remaster),hip hop
tfidf inner product,Hump Bounce,blues,Ear Drums Pop,hip hop,1st Booty On Duty,hip hop,B-Boy Bouillabaisse: A.W.O.L. (2009 Digital Remaster),hip hop
tfidf inner product,Intro - The Sermon,blues,Interlude 5,r&b/soul,Man In The Mirror,pop,Honest Expression,hip hop
tfidf inner product,Call On Me,blues,Interlude 5,r&b/soul,B-Boy Bouillabaisse: A.W.O.L. (2009 Digital Remaster),hip hop,Just Right,r&b/soul
tfidf inner product,Oceans and Streams,blues,8 Mile,hip hop,Man In The Mirror,pop,Da Mystery Of Chessboxin',hip hop
tfidf inner product,10 A.M. Automatic,blues,Interlude 5,r&b/soul,Hey Ya!,hip hop,She Ain't Afraid,hip hop
tfidf inner product,Aeroplane Blues,blues,Otha Fish,hip hop,8 Mile,hip hop,B-Boy Bouillabaisse: A.W.O.L. (2009 Digital Remaster),hip hop
tfidf inner product,All Hands Against His Own,blues,She Got Kids,r&b/soul,Brotha,r&b/soul,Find A Way,hip hop
tfidf inner product,Black Door,blues,Jeep Ass Niguh,hip hop,Man In The Mirror,pop,Take Me To The Backseat (Album Version),rock
tfidf inner product,Busted,blues,B-Boy Bouillabaisse: A.W.O.L. (2009 Digital Remaster),hip hop,Interlude 5,r&b/soul,Slam,hip hop
tfidf inner product,Give Your Heart Away,blues,Man In The Mirror,pop,5 Miles To Empty,r&b/soul,B-Boy Bouillabaisse: A.W.O.L. (2009 Digital Remaster),hip hop
tfidf inner product,Grown So Ugly,blues,Interlude 5,r&b/soul,Snoopafella (Edited),hip hop,Safe + Sound,hip hop
tfidf inner product,Hard Row,blues,Man In The Mirror,pop,Mr. Outsider,hip hop,Pray For Me,country
tfidf inner product,I Got Mine,blues,You Left Me,electronic,Do The Bartman,hip hop,A game,hip hop
tfidf inner product,If You See Me,blues,Man In The Mirror,pop,Fool For Love,hip hop,Soopaman Luva 3,hip hop
tfidf inner product,Lies,blues,One of Us,hip hop,Interlude 5,r&b/soul,Hey Ya!,hip hop
tfidf inner product,Next Girl,blues,She Ain't Afraid,hip hop,B-Boy Bouillabaisse: A.W.O.L. (2009 Digital Remaster),hip hop,Interlude 5,r&b/soul
tfidf inner product,No Fun,blues,No Fun (Remasterd LP Version),punk,Girls Just Want To Have Fun,pop,By The Way,hip hop
tfidf inner product,Stack Shot Billy,blues,Shot Of Love,blues,Face Down,hip hop,B-Boy Bouillabaisse: A.W.O.L. (2009 Digital Remaster),hip hop
tfidf inner product,Ten Cent Pistol,blues,B-Boy Bouillabaisse: A.W.O.L. (2009 Digital Remaster),hip hop,She Ain't Afraid,hip hop,Interlude 5,r&b/soul
tfidf inner product,The Flame,blues,Interlude 5,r&b/soul,B-Boy Bouillabaisse: A.W.O.L. (2009 Digital Remaster),hip hop,Kissing The Flames,country
tfidf inner product,These Days,blues,Interlude 5,r&b/soul,B-Boy Bouillabaisse: A.W.O.L. (2009 Digital Remaster),hip hop,Last to Know,jazz
tfidf inner product,When The Lights Go Out,blues,B-Boy Bouillabaisse: A.W.O.L. (2009 Digital Remaster),hip hop,Interlude 5,r&b/soul,I Mean (I Don't Mean It),r&b/soul
tfidf inner product,Have Love Will Travel,blues,Plumskinzz (Loose Hoe_ God & Cupid),hip hop,Slam,hip hop,Slam Harder,hip hop
tfidf inner product,C.C. Rider,blues,B-Boy Bouillabaisse: A.W.O.L. (2009 Digital Remaster),hip hop,The Hourglass,metal,Overdose (Album Version),hip hop
tfidf inner product,I Got a Woman,blues,B-Boy Bouillabaisse: A.W.O.L. (2009 Digital Remaster),hip hop,Luv Me Up,reggae,Ain't No Woman (Like The One I've Got),r&b/soul
tfidf inner product,The Sun's Gonna Shine Again,blues,Black Dog,country,Keepin' It Strong,hip hop,One of Us,hip hop
tfidf inner product,Losing Hand,blues,Interlude 5,r&b/soul,Caught Up,r&b/soul,B-Boy Bouillabaisse: A.W.O.L. (2009 Digital Remaster),hip hop
tfidf inner product,Nobody But Me (Album Version),blues,Interlude 5,r&b/soul,B-Boy Bouillabaisse: A.W.O.L. (2009 Digital Remaster),hip hop,Nasty Grind,r&b/soul
tfidf inner product,A Sunday Kind of Love,blues,Find A Way,hip hop,Sprung,r&b/soul,She Got Kids,r&b/soul
tfidf inner product,I Just Want To Make Love To You,blues,Interlude 5,r&b/soul,Blue (I'm Still Here With You),jazz,Luv Me Up,reggae
tfidf inner product,My Dearest Darling,blues,My Darling,hip hop,Hold You,reggae,Your Eyes,r&b/soul
tfidf inner product,W.O.M.A.N.,blues,Take My Money,reggae,Touch Me,blues,Man! I Feel Like A Woman!,country
tfidf inner product,Alberta,blues,Try Our Love Again,r&b/soul,Ain't Had No Lovin',country,8 Mile,hip hop
tfidf inner product,Before You Accuse Me (Take A Look At Yourself),blues,Before You Accuse Me,blues,B-Boy Bouillabaisse: A.W.O.L. (2009 Digital Remaster),hip hop,Interlude 5,r&b/soul
tfidf inner product,Early In The Morning,blues,B-Boy Bouillabaisse: A.W.O.L. (2009 Digital Remaster),hip hop,All For One (Explicit) (2006 Remastered LP Version),hip hop,What's On Your Mind,hip hop
tfidf inner product,Floating Bridge,blues,B-Boy Bouillabaisse: A.W.O.L. (2009 Digital Remaster),hip hop,Interlude 5,r&b/soul,That's How I Beat Shaq,pop
tfidf inner product,Kind Hearted Woman Blues (Album Version),blues,Kindhearted Woman Blues,blues,Just Right,r&b/soul,Interlude 5,r&b/soul
tfidf inner product,That's All (Album Version),classical,Interlude 5,r&b/soul,The Hourglass,metal,B-Boy Bouillabaisse: A.W.O.L. (2009 Digital Remaster),hip hop
tfidf inner product,America (Revised Live Version),classical,B-Boy Bouillabaisse: A.W.O.L. (2009 Digital Remaster),hip hop,America,folk,Interlude 5,r&b/soul
tfidf inner product,Broken Vow (Album Version),classical,Broken Vow,classical,B-Boy Bouillabaisse: A.W.O.L. (2009 Digital Remaster),hip hop,Interlude 5,r&b/soul
tfidf inner product,Gira Con Me Questa Notte (Album Version),classical,Istruzioni Per L'(Ill)uso,hip hop,Sinan Capudan Pascià,folk,Quelli Che,hip hop
tfidf inner product,Hymne A L'Amour (Album Version),classical,Panam All Star,hip hop,Yakamonéyé,reggae,Sans Rémission,hip hop
tfidf inner product,It Came Upon A Midnight Clear (Album Version),classical,Angel,hip hop,Chorus Of Angels,metal,My Sweet Jane,folk
tfidf inner product,Let Me Fall (From Cirque du Soleil) (Album Version),classical,The Fire In Which You Burn (feat. J-Treds & The Brewin From The Juggaknots),hip hop,Dream Catch Me,folk,Closer To You,electronic
tfidf inner product,Mi Mancherai (Il Postino) (Revised Live Version),classical,Quelli Che,hip hop,Sinan Capudan Pascià,folk,Limiti,hip hop
tfidf inner product,My Confession (Album Version),classical,Interlude 5,r&b/soul,Man In The Mirror,pop,B-Boy Bouillabaisse: A.W.O.L. (2009 Digital Remaster),hip hop
tfidf inner product,Oceano (Revised Live Version),classical,Quelli Che,hip hop,Limiti,hip hop,Gli Insetti Del Podere,hip hop
tfidf inner product,Remember When It Rained (Album Version),classical,Man In The Mirror,pop,Blues For Suckers,blues,No Disturb Sign,reggae
tfidf inner product,Remember When It Rained (Revised Live Version),classical,Man In The Mirror,pop,Blues For Suckers,blues,No Disturb Sign,reggae
tfidf inner product,Smile,classical,Don't Need The Sun To Shine (To Make Me Smile),r&b/soul,My Love Remains,blues,B-Boy Bouillabaisse: A.W.O.L. (2009 Digital Remaster),hip hop
tfidf inner product,Solo Por Ti (Album Version),classical,Dale tiempo al rumor,hip hop,Gitana,latin,Que Voy A hacer Sin Tí,latin
tfidf inner product,Un Giorno Per Noi (Album Version),classical,L'uomo vivo (inno al gioia),folk,Niente Per Scontato,electronic,In Fila Per Tre,folk
tfidf inner product,Vincent (Starry_ Starry Night) (Album Version),classical,Interlude 5,r&b/soul,B-Boy Bouillabaisse: A.W.O.L. (2009 Digital Remaster),hip hop,Expansion Team Theme,hip hop
tfidf inner product,When You Say You Love Me (Album Version),classical,Interlude 5,r&b/soul,B-Boy Bouillabaisse: A.W.O.L. (2009 Digital Remaster),hip hop,8 Mile,hip hop
tfidf inner product,You Raise Me Up (Album Version),classical,You Raise Me Up,classical,Otha Fish,hip hop,Keepin' It Strong,hip hop
tfidf inner product,Believe (Album Version),classical,B-Boy Bouillabaisse: A.W.O.L. (2009 Digital Remaster),hip hop,Interlude 5,r&b/soul,Close My Eyes,reggae
tfidf inner product,Away In A Manger,classical,Away In A Manger,jazz,One of Us,hip hop,The Hourglass,metal
tfidf inner product,Cinema Paradiso (Se) (Album Version),classical,Istruzioni Per L'(Ill)uso,hip hop,Quelli Che,hip hop,Gli Insetti Del Podere,hip hop
tfidf inner product,All Around Me,classical,Curse,electronic,Days Like These,reggae,Interlude 5,r&b/soul
tfidf inner product,Black Opera,classical,Overdose (Album Version),hip hop,1st Booty On Duty,hip hop,Ho's A Housewife,hip hop
tfidf inner product,Baal's Hymn,classical,Interlude 5,r&b/soul,B-Boy Bouillabaisse: A.W.O.L. (2009 Digital Remaster),hip hop,The Hourglass,metal
tfidf inner product,Adagio,classical,Quelli Che,hip hop,Istruzioni Per L'(Ill)uso,hip hop,Gli Insetti Del Podere,hip hop
tfidf inner product,Adeste Fideles,classical,O Holy Night,classical,Aguas De Marco,latin,Aguas de Marco,latin
tfidf inner product,All By Myself (Solo Otra Vez),classical,Amor Mio No Te Vayas,latin,Mienteme Otra Véz,latin,Sin Conocerte,pop
tfidf inner product,Amazing Grace,classical,Amazing Grace,classical,Curse,electronic,One of Us,hip hop
tfidf inner product,Angelina,classical,Cantando,hip hop,Dale tiempo al rumor,hip hop,Todos Quieren A Raymond,reggae
tfidf inner product,Ave Maria,classical,Istruzioni Per L'(Ill)uso,hip hop,Quelli Che,hip hop,Sinan Capudan Pascià,folk
tfidf inner product,Caruso,classical,Istruzioni Per L'(Ill)uso,hip hop,Sinan Capudan Pascià,folk,Gli Insetti Del Podere,hip hop
tfidf inner product,Come Primavera,classical,Istruzioni Per L'(Ill)uso,hip hop,Quelli Che,hip hop,Sinan Capudan Pascià,folk
tfidf inner product,Dentro Un Altro Si,classical,Gli Insetti Del Podere,hip hop,Quelli Che,hip hop,Limiti,hip hop
tfidf inner product,En Aranjuez Con Tu Amor,classical,Cantando,hip hop,Dale tiempo al rumor,hip hop,La ciudad nunca duerme,hip hop
tfidf inner product,Enamorado,classical,Dale tiempo al rumor,hip hop,Alejate De Mi,latin,Como Y Vete,reggae
tfidf inner product,Esisti Dentro Me,classical,Istruzioni Per L'(Ill)uso,hip hop,Quelli Che,hip hop,Salutandotiaffogo,pop
tfidf inner product,Everytime I Look At You,classical,Closer To You,electronic,Interlude 5,r&b/soul,B-Boy Bouillabaisse: A.W.O.L. (2009 Digital Remaster),hip hop
tfidf inner product,Feelings,classical,Gli Insetti Del Podere,hip hop,L'uomo vivo (inno al gioia),folk,Quelli Che,hip hop
tfidf inner product,Hallelujah (Aleluya),classical,Cantando,hip hop,Dale tiempo al rumor,hip hop,No Paseis Por Alto A Los Genios,hip hop
tfidf inner product,Hasta Mi Final,classical,Dale tiempo al rumor,hip hop,Cantando,hip hop,Todos Quieren A Raymond,reggae
tfidf inner product,Crazier,country,Interlude 5,r&b/soul,B-Boy Bouillabaisse: A.W.O.L. (2009 Digital Remaster),hip hop,Close My Eyes,reggae
tfidf inner product,Fifteen,country,Interlude 5,r&b/soul,B-Boy Bouillabaisse: A.W.O.L. (2009 Digital Remaster),hip hop,Snoopafella (Edited),hip hop
tfidf inner product,Change,country,Interlude 5,r&b/soul,Indy 500,hip hop,B-Boy Bouillabaisse: A.W.O.L. (2009 Digital Remaster),hip hop
tfidf inner product,You Can't Read My Mind,country,B-Boy Bouillabaisse: A.W.O.L. (2009 Digital Remaster),hip hop,Interlude 5,r&b/soul,8 Mile,hip hop
tfidf inner product,Man In White,country,B-Boy Bouillabaisse: A.W.O.L. (2009 Digital Remaster),hip hop,Interlude 5,r&b/soul,The Hourglass,metal
tfidf inner product,Holes,country,Interlude 5,r&b/soul,B-Boy Bouillabaisse: A.W.O.L. (2009 Digital Remaster),hip hop,Overdose (Album Version),hip hop
tfidf inner product,Baby Girl,country,B-Boy Bouillabaisse: A.W.O.L. (2009 Digital Remaster),hip hop,Closer To You,electronic,Interlude 5,r&b/soul
tfidf inner product,Growin' Up Down There,country,Interlude 5,r&b/soul,B-Boy Bouillabaisse: A.W.O.L. (2009 Digital Remaster),hip hop,The Hourglass,metal
tfidf inner product,Hangin' Around,country,B-Boy Bouillabaisse: A.W.O.L. (2009 Digital Remaster),hip hop,Interlude 5,r&b/soul,Weak Become Heroes,hip hop
tfidf inner product,Here I Am,country,B-Boy Bouillabaisse: A.W.O.L. (2009 Digital Remaster),hip hop,Interlude 5,r&b/soul,Fool For Love,hip hop
tfidf inner product,She's Got A Way With Me,country,B-Boy Bouillabaisse: A.W.O.L. (2009 Digital Remaster),hip hop,Interlude 5,r&b/soul,She Ain't Afraid,hip hop
tfidf inner product,That's How Country Boys Roll,country,B-Boy Bouillabaisse: A.W.O.L. (2009 Digital Remaster),hip hop,Interlude 5,r&b/soul,The Hourglass,metal
tfidf inner product,Where The Girls Are,country,B-Boy Bouillabaisse: A.W.O.L. (2009 Digital Remaster),hip hop,8 Mile,hip hop,The Dance,hip hop
tfidf inner product,Daddy Sang Bass,country,Interlude 5,r&b/soul,8 Mile,hip hop,Daddy's Moonshine Still,country
tfidf inner product,I Don't Know Where I'm Bound,country,B-Boy Bouillabaisse: A.W.O.L. (2009 Digital Remaster),hip hop,Dos Factotum,jazz,Interlude 5,r&b/soul
tfidf inner product,I Was There When It Happened,country,Interlude 5,r&b/soul,Safe + Sound,hip hop,B-Boy Bouillabaisse: A.W.O.L. (2009 Digital Remaster),hip hop
tfidf inner product,The Big Battle,country,B-Boy Bouillabaisse: A.W.O.L. (2009 Digital Remaster),hip hop,Overdose (Album Version),hip hop,Interlude 5,r&b/soul
tfidf inner product,A Thing Called Love,country,Interlude 5,r&b/soul,B-Boy Bouillabaisse: A.W.O.L. (2009 Digital Remaster),hip hop,The Hourglass,metal
tfidf inner product,You Dreamer You,country,B-Boy Bouillabaisse: A.W.O.L. (2009 Digital Remaster),hip hop,Asking Around For You,blues,Curse,electronic
tfidf inner product,I Walk The Line,country,B-Boy Bouillabaisse: A.W.O.L. (2009 Digital Remaster),hip hop,Interlude 5,r&b/soul,Keep Your Shit The Hardest,hip hop
tfidf inner product,Life's Railway To Heaven,country,Angel,hip hop,Interlude 5,r&b/soul,She's A Star,hip hop
tfidf inner product,If I Had Wings,country,Interlude 5,r&b/soul,B-Boy Bouillabaisse: A.W.O.L. (2009 Digital Remaster),hip hop,The Hourglass,metal
tfidf inner product,Pray About Everything,country,The Hourglass,metal,Tell You Something (Nana's Reprise),r&b/soul,Splurge,hip hop
tfidf inner product,Your Everything,country,Interlude 5,r&b/soul,B-Boy Bouillabaisse: A.W.O.L. (2009 Digital Remaster),hip hop,The Hourglass,metal
tfidf inner product,A Little Too Late,country,8 Mile,hip hop,Interlude 5,r&b/soul,B-Boy Bouillabaisse: A.W.O.L. (2009 Digital Remaster),hip hop
tfidf inner product,Who's Your Daddy?,country,8 Mile,hip hop,B-Boy Bouillabaisse: A.W.O.L. (2009 Digital Remaster),hip hop,Interlude 5,r&b/soul
tfidf inner product,A Woman's Touch,country,Interlude 5,r&b/soul,Touch Me,blues,B-Boy Bouillabaisse: A.W.O.L. (2009 Digital Remaster),hip hop
tfidf inner product,Big Ol' Truck,country,B-Boy Bouillabaisse: A.W.O.L. (2009 Digital Remaster),hip hop,8 Mile,hip hop,She Ain't Afraid,hip hop
tfidf inner product,Blue Bedroom,country,My Phone,jazz,B-Boy Bouillabaisse: A.W.O.L. (2009 Digital Remaster),hip hop,Interlude 5,r&b/soul
tfidf inner product,It's All Good,country,Interlude 5,r&b/soul,B-Boy Bouillabaisse: A.W.O.L. (2009 Digital Remaster),hip hop,Hair,hip hop
tfidf inner product,Sweet,country,Interlude 5,r&b/soul,Overdose (Album Version),hip hop,B-Boy Bouillabaisse: A.W.O.L. (2009 Digital Remaster),hip hop
tfidf inner product,You Shouldn't Kiss Me Like This,country,Interlude 5,r&b/soul,B-Boy Bouillabaisse: A.W.O.L. (2009 Digital Remaster),hip hop,Closer To You,electronic
tfidf inner product,A Real Fine Place To Start,country,Man In The Mirror,pop,Interlude 5,r&b/soul,Keep Your Shit The Hardest,hip hop
tfidf inner product,Endless love,country,Interlude 5,r&b/soul,Mic Check,hip hop,My Darling,hip hop
tfidf inner product,Love Gets In The Way (Album Version),country,B-Boy Bouillabaisse: A.W.O.L. (2009 Digital Remaster),hip hop,8 Mile,hip hop,Fool For Love,hip hop
tfidf inner product,I'd Like To Have That One Back,country,B-Boy Bouillabaisse: A.W.O.L. (2009 Digital Remaster),hip hop,Interlude 5,r&b/soul,Snoopafella (Edited),hip hop
tfidf inner product,Marina Del Rey,country,B-Boy Bouillabaisse: A.W.O.L. (2009 Digital Remaster),hip hop,Mainstream,hip hop,Snoopafella (Edited),hip hop
tfidf inner product,Milk Cow Blues,country,B-Boy Bouillabaisse: A.W.O.L. (2009 Digital Remaster),hip hop,Snoopafella (Edited),hip hop,Interlude 5,r&b/soul
tfidf inner product,Another Try,country,8 Mile,hip hop,Diamonds From Sierra Leone,hip hop,The Hourglass,metal
tfidf inner product,As Fast As I Could,country,B-Boy Bouillabaisse: A.W.O.L. (2009 Digital Remaster),hip hop,Interlude 5,r&b/soul,Fool For Love,hip hop
tfidf inner product,One More Time / Aerodynamic,electronic,It's Alright,jazz,Interlude 5,r&b/soul,Not Leaving Without You (Album Version),pop
tfidf inner product,One More Time (Romanthony's Unplugged),electronic,Interlude 5,r&b/soul,Splurge,hip hop,B-Boy Bouillabaisse: A.W.O.L. (2009 Digital Remaster),hip hop
tfidf inner product,Touch It / Technologic,electronic,B-Boy Bouillabaisse: A.W.O.L. (2009 Digital Remaster),hip hop,Interlude 5,r&b/soul,Overdose (Album Version),hip hop
tfidf inner product,Boots &  Boys,electronic,Manhattan,jazz,Joy Ride,r&b/soul,Milkshake,r&b/soul
tfidf inner product,Animal,electronic,B-Boy Bouillabaisse: A.W.O.L. (2009 Digital Remaster),hip hop,Interlude 5,r&b/soul,Undead,hip hop
tfidf inner product,Hot N Cold (Innerpartysystem Main),electronic,Interlude 5,r&b/soul,B-Boy Bouillabaisse: A.W.O.L. (2009 Digital Remaster),hip hop,Safe + Sound,hip hop
tfidf inner product,Captains and Cruise Ships,electronic,B-Boy Bouillabaisse: A.W.O.L. (2009 Digital Remaster),hip hop,Weak Become Heroes,hip hop,My Darling,hip hop
tfidf inner product,Designer Skyline,electronic,8 Mile,hip hop,Mortal City,folk,Mr. Wiggles,r&b/soul
tfidf inner product,Early Birdie,electronic,Interlude 5,r&b/soul,B-Boy Bouillabaisse: A.W.O.L. (2009 Digital Remaster),hip hop,8 Mile,hip hop
tfidf inner product,Meteor Shower,electronic,Interlude 5,r&b/soul,8 Mile,hip hop,Memorial Day,hip hop
tfidf inner product,This Is The Future,electronic,Interlude 5,r&b/soul,8 Mile,hip hop,Black Smif-n-Wessun (LP Version),hip hop
tfidf inner product,Kings and Queens (Innerpartysystem Remix Main),electronic,Resolution,jazz,I Love U In Me ( LP Version),r&b/soul,B-Boy Bouillabaisse: A.W.O.L. (2009 Digital Remaster),hip hop
tfidf inner product,Bounce,electronic,Strictly 4 My N.I.G.G.A.Z.,hip hop,Keep Your Shit The Hardest,hip hop,Safe + Sound,hip hop
tfidf inner product,Vanished,electronic,Mortal City,folk,8 Mile,hip hop,1st Booty On Duty,hip hop
tfidf inner product,Xxzxcuzx,electronic,Interlude 5,r&b/soul,Dirty Money,hip hop,Face Down,hip hop
tfidf inner product,Die Another Day [Live],electronic,Interlude 5,r&b/soul,B-Boy Bouillabaisse: A.W.O.L. (2009 Digital Remaster),hip hop,Life of Tha Party,hip hop
tfidf inner product,Perfect (Nellee Hooper Instrumental),electronic,Interlude 5,r&b/soul,Closer To You,electronic,The Lover In Me,pop
tfidf inner product,Love At First Sight (The Scumfrog's Beauty And The Beast Vocal Edit),electronic,Interlude 5,r&b/soul,Kickin' It With Your Girlfriend,r&b/soul,Weak Become Heroes,hip hop
tfidf inner product,I Am Not A Whore,electronic,8 Mile,hip hop,Interlude 5,r&b/soul,B-Boy Bouillabaisse: A.W.O.L. (2009 Digital Remaster),hip hop
tfidf inner product,Fever,electronic,Interlude 5,r&b/soul,B-Boy Bouillabaisse: A.W.O.L. (2009 Digital Remaster),hip hop,8 Mile,hip hop
tfidf inner product,Freestate,electronic,Mr. Outsider,hip hop,Man In The Mirror,pop,Interlude 5,r&b/soul
tfidf inner product,Personal Jesus,electronic,Personal Jesus,metal,Reach Out And Touch (Live @ Fillmore West),jazz,Overdose (Album Version),hip hop
tfidf inner product,Broken,electronic,Spitfall,metal,B-Boy Bouillabaisse: A.W.O.L. (2009 Digital Remaster),hip hop,The Hourglass,metal
tfidf inner product,Kids With Guns (Quiet Village Remix),electronic,Interlude 5,r&b/soul,Push Me Away,r&b/soul,The Illest Brother,hip hop
tfidf inner product,Rhinestone Eyes,electronic,Interlude 5,r&b/soul,B-Boy Bouillabaisse: A.W.O.L. (2009 Digital Remaster),hip hop,Beautiful Struggle,hip hop
tfidf inner product,Invaders Must Die,electronic,The Earth Dies Screaming,reggae,Nipple To The Bottle,r&b/soul,I'll Die,r&b/soul
tfidf inner product,Wake Up Call (Album Version),electronic,Right Here Right Now,electronic,Chorus Of Angels,metal,Interlude 5,r&b/soul
tfidf inner product,We Gonna Rock,electronic,The Answer,hip hop,Baby We've Got A Date (Rock It Baby),reggae,Stop The Rock,electronic
tfidf inner product,The Great Collapse,electronic,Take My Money,reggae,That Kind Of Woman,blues,Ain't That Just Like A Woman,blues
tfidf inner product,Electric Barbarella (Radio Edit),electronic,Interlude 5,r&b/soul,B-Boy Bouillabaisse: A.W.O.L. (2009 Digital Remaster),hip hop,Time To Make You Mine,pop
tfidf inner product,Pluto,electronic,Undead,hip hop,8 Mile,hip hop,Interlude 5,r&b/soul
tfidf inner product,Delta Bay,electronic,B-Boy Bouillabaisse: A.W.O.L. (2009 Digital Remaster),hip hop,Interlude 5,r&b/soul,The Dance,hip hop
tfidf inner product,We Are The People (Shazam Remix),electronic,Interlude 5,r&b/soul,B-Boy Bouillabaisse: A.W.O.L. (2009 Digital Remaster),hip hop,My Darling,hip hop
tfidf inner product,You Left Me,electronic,Touch Me,blues,Can't Get You Off My Mind,r&b/soul,Kozmic Blues,blues
tfidf inner product,The Warning,electronic,B-Boy Bouillabaisse: A.W.O.L. (2009 Digital Remaster),hip hop,"Pacifics (Sdtrk ""N.Y. Is Red Hot"")",hip hop,Mainstream,hip hop
tfidf inner product,Keep It On Ice,electronic,She Ain't Afraid,hip hop,8 Mile,hip hop,Undead,hip hop
tfidf inner product,The Jester,electronic,Interlude 5,r&b/soul,Overdose (Album Version),hip hop,Touch Me,blues
tfidf inner product,Lazy Days,electronic,B-Boy Bouillabaisse: A.W.O.L. (2009 Digital Remaster),hip hop,St. Louie,hip hop,Close My Eyes,reggae
tfidf inner product,Someone Said Goodbye,electronic,Never Did Say Goodbye,reggae,Words Get In The Way,pop,Interlude 5,r&b/soul
tfidf inner product,The Magic Of The Night,electronic,Close My Eyes,reggae,Angel,hip hop,Angel Without A Prayer,country
tfidf inner product,Gave It A Name,folk,B-Boy Bouillabaisse: A.W.O.L. (2009 Digital Remaster),hip hop,One of Us,hip hop,Interlude 5,r&b/soul
tfidf inner product,The Vanishing Race,folk,B-Boy Bouillabaisse: A.W.O.L. (2009 Digital Remaster),hip hop,Roll On (Eighteen Wheeler),country,The Dance,hip hop
tfidf inner product,All We Ever Do Is Say Goodbye,folk,Don't Say Goodbye,r&b/soul,Interlude 5,r&b/soul,Never Did Say Goodbye,reggae
tfidf inner product,Clarity,folk,Don't Take Away The Music,r&b/soul,Tell You Something (Nana's Reprise),r&b/soul,Been A Long Time (Featuring Nate Dogg),hip hop
tfidf inner product,Why Georgia,folk,8 Mile,hip hop,Interlude 5,r&b/soul,Curse,electronic
tfidf inner product,Mudfootball (For Moe Lerner),folk,Interlude 5,r&b/soul,B-Boy Bouillabaisse: A.W.O.L. (2009 Digital Remaster),hip hop,8 Mile,hip hop
tfidf inner product,Sister Winter,folk,Stone Cold Heart,r&b/soul,Love Is Wicked,r&b/soul,Your Eyes,r&b/soul
tfidf inner product,In A Graveyard,folk,Weak Become Heroes,hip hop,I'm Going On A Long Journey Never To Return,blues,The Hourglass,metal
tfidf inner product,Baby,folk,B-Boy Bouillabaisse: A.W.O.L. (2009 Digital Remaster),hip hop,Interlude 5,r&b/soul,8 Mile,hip hop
tfidf inner product,Janglin,folk,Interlude 5,r&b/soul,Daddy's Moonshine Still,country,B-Boy Bouillabaisse: A.W.O.L. (2009 Digital Remaster),hip hop
tfidf inner product,Ballad In Plain D,folk,B-Boy Bouillabaisse: A.W.O.L. (2009 Digital Remaster),hip hop,Interlude 5,r&b/soul,8 Mile,hip hop
tfidf inner product,One Of Us Must Know (Sooner Or Later),folk,Interlude 5,r&b/soul,8 Mile,hip hop,Trife Life,hip hop
tfidf inner product,It's Growing,folk,Interlude 5,r&b/soul,Hey Ladies (2009 Digital Remaster),hip hop,Coal Black Horses,country
tfidf inner product,Oh_ Susannah (LP Version),folk,B-Boy Bouillabaisse: A.W.O.L. (2009 Digital Remaster),hip hop,Overdose (Album Version),hip hop,Interlude 5,r&b/soul
tfidf inner product,Something In The Way She Moves,folk,Interlude 5,r&b/soul,B-Boy Bouillabaisse: A.W.O.L. (2009 Digital Remaster),hip hop,What's On Your Mind,hip hop
tfidf inner product,Draw The Line,folk,Interlude 5,r&b/soul,B-Boy Bouillabaisse: A.W.O.L. (2009 Digital Remaster),hip hop,8 Mile,hip hop
tfidf inner product,Sail Away,folk,Kozmic Blues,blues,Piece Of My Heart,jazz,Interlude 5,r&b/soul
tfidf inner product,Stella The Artist,folk,B-Boy Bouillabaisse: A.W.O.L. (2009 Digital Remaster),hip hop,Interlude 5,r&b/soul,1st Booty On Duty,hip hop
tfidf inner product,Swing Life Away (Acoustic),folk,Interlude 5,r&b/soul,8 Mile,hip hop,1st Booty On Duty,hip hop
tfidf inner product,Billy 4,folk,B-Boy Bouillabaisse: A.W.O.L. (2009 Digital Remaster),hip hop,The Hourglass,metal,The Dance,hip hop
tfidf inner product,Stuck Inside Of Mobile With The Memphis Blues Again,folk,B-Boy Bouillabaisse: A.W.O.L. (2009 Digital Remaster),hip hop,Interlude 5,r&b/soul,The Dance,hip hop
tfidf inner product,Pretty Peggy-O,folk,B-Boy Bouillabaisse: A.W.O.L. (2009 Digital Remaster),hip hop,Interlude 5,r&b/soul,Wolfman Jack,hip hop
tfidf inner product,She Belongs To Me,folk,She Ain't Afraid,hip hop,1st Booty On Duty,hip hop,Hair,hip hop
tfidf inner product,When The Deal Goes Down,folk,Interlude 5,r&b/soul,B-Boy Bouillabaisse: A.W.O.L. (2009 Digital Remaster),hip hop,8 Mile,hip hop
tfidf inner product,With God On Our Side,folk,Interlude 5,r&b/soul,The Hourglass,metal,B-Boy Bouillabaisse: A.W.O.L. (2009 Digital Remaster),hip hop
tfidf inner product,Terrapin,folk,Safe + Sound,hip hop,Hair,hip hop,Interlude 5,r&b/soul
tfidf inner product,On The 4th of July,folk,8 Mile,hip hop,Interlude 5,r&b/soul,The Hourglass,metal
tfidf inner product,Company Man,folk,B-Boy Bouillabaisse: A.W.O.L. (2009 Digital Remaster),hip hop,Man In The Mirror,pop,Interlude 5,r&b/soul
tfidf inner product,Ace,folk,B-Boy Bouillabaisse: A.W.O.L. (2009 Digital Remaster),hip hop,The Hourglass,metal,Interlude 5,r&b/soul
tfidf inner product,How Do You Keep Love Alive,folk,Interlude 5,r&b/soul,B-Boy Bouillabaisse: A.W.O.L. (2009 Digital Remaster),hip hop,The Hourglass,metal
tfidf inner product,When The Stars Go Blue,folk,Where Do I Go From You,pop,Blue Shoes,jazz,Weak Become Heroes,hip hop
tfidf inner product,Forever My Friend,folk,Interlude 5,r&b/soul,Tell You Something (Nana's Reprise),r&b/soul,B-Boy Bouillabaisse: A.W.O.L. (2009 Digital Remaster),hip hop
tfidf inner product,How Come [Acoustic Mix],folk,Interlude 5,r&b/soul,B-Boy Bouillabaisse: A.W.O.L. (2009 Digital Remaster),hip hop,I Love U In Me ( LP Version),r&b/soul
tfidf inner product,Chelsea Hotel #2,folk,Interlude 5,r&b/soul,Snoopafella (Edited),hip hop,B-Boy Bouillabaisse: A.W.O.L. (2009 Digital Remaster),hip hop
tfidf inner product,Lethal Enforcer (Live From Union Chapel_ London),folk,Interlude 5,r&b/soul,Ice Is Workin' It,hip hop,B-Boy Bouillabaisse: A.W.O.L. (2009 Digital Remaster),hip hop
tfidf inner product,Change,folk,Interlude 5,r&b/soul,8 Mile,hip hop,Mortal City,folk
tfidf inner product,Under The Weather,folk,B-Boy Bouillabaisse: A.W.O.L. (2009 Digital Remaster),hip hop,8 Mile,hip hop,Interlude 5,r&b/soul
tfidf inner product,So Sister,folk,B-Boy Bouillabaisse: A.W.O.L. (2009 Digital Remaster),hip hop,Miss Ann,blues,1st Booty On Duty,hip hop
tfidf inner product,Lost Tonight,folk,B-Boy Bouillabaisse: A.W.O.L. (2009 Digital Remaster),hip hop,Let's All Get Drunk,hip hop,It's Alright,jazz
tfidf inner product,Sunnyside Of The Street,folk,B-Boy Bouillabaisse: A.W.O.L. (2009 Digital Remaster),hip hop,Interlude 5,r&b/soul,The Dance,hip hop
tfidf inner product,Can't Tell Me Nothing,hip hop,Interlude 5,r&b/soul,B-Boy Bouillabaisse: A.W.O.L. (2009 Digital Remaster),hip hop,Dirty Money,hip hop
tfidf inner product,Graduation Day,hip hop,Interlude 5,r&b/soul,Overdose (Album Version),hip hop,Black Opera,classical
tfidf inner product,Wake Up Mr. West,hip hop,Keep Your Shit The Hardest,hip hop,Honest Expression,hip hop,Interlude 5,r&b/soul
tfidf inner product,A8,hip hop,Interlude 5,r&b/soul,Man In The Mirror,pop,B-Boy Bouillabaisse: A.W.O.L. (2009 Digital Remaster),hip hop
tfidf inner product,Boom Boom Guetta,hip hop,Overdose (Album Version),hip hop,The Answer,hip hop,AJ Scratch,hip hop
tfidf inner product,Communication,hip hop,B-Boy Bouillabaisse: A.W.O.L. (2009 Digital Remaster),hip hop,Overdose (Album Version),hip hop,I'm That Type Of Ni**a,hip hop
tfidf inner product,One Tribe,hip hop,Interlude 5,r&b/soul,B-Boy Bouillabaisse: A.W.O.L. (2009 Digital Remaster),hip hop,The Illest Brother,hip hop
tfidf inner product,Sexy,hip hop,Interlude 5,r&b/soul,Overdose (Album Version),hip hop,Honest Expression,hip hop
tfidf inner product,Tell Your Momma Come,hip hop,Overdose (Album Version),hip hop,Do The Bartman,hip hop,Interlude 5,r&b/soul
tfidf inner product,The Apl Song,hip hop,Interlude 5,r&b/soul,Overdose (Album Version),hip hop,B-Boy Bouillabaisse: A.W.O.L. (2009 Digital Remaster),hip hop
tfidf inner product,Diamonds From Sierra Leone,hip hop,B-Boy Bouillabaisse: A.W.O.L. (2009 Digital Remaster),hip hop,Interlude 5,r&b/soul,Overdose (Album Version),hip hop
tfidf inner product,If I Had,hip hop,B-Boy Bouillabaisse: A.W.O.L. (2009 Digital Remaster),hip hop,Interlude 5,r&b/soul,Overdose (Album Version),hip hop
tfidf inner product,Ken Kaniff,hip hop,Overdose (Album Version),hip hop,B-Boy Bouillabaisse: A.W.O.L. (2009 Digital Remaster),hip hop,Interlude 5,r&b/soul
tfidf inner product,My Darling,hip hop,Interlude 5,r&b/soul,B-Boy Bouillabaisse: A.W.O.L. (2009 Digital Remaster),hip hop,Overdose (Album Version),hip hop
tfidf inner product,8 Mile,hip hop,B-Boy Bouillabaisse: A.W.O.L. (2009 Digital Remaster),hip hop,Interlude 5,r&b/soul,Overdose (Album Version),hip hop
tfidf inner product,Love Was Here,hip hop,Interlude 5,r&b/soul,Man In The Mirror,pop,Hair,hip hop
tfidf inner product,Be With You,hip hop,Interlude 5,r&b/soul,B-Boy Bouillabaisse: A.W.O.L. (2009 Digital Remaster),hip hop,Honest Expression,hip hop
tfidf inner product,Locked Up,hip hop,It Ain't About You,hip hop,Make A Move,hip hop,1st Booty On Duty,hip hop
tfidf inner product,So Ghetto,hip hop,Overdose (Album Version),hip hop,B-Boy Bouillabaisse: A.W.O.L. (2009 Digital Remaster),hip hop,Strictly 4 My N.I.G.G.A.Z.,hip hop
tfidf inner product,Heart Of The City (Ain't No Love),hip hop,Overdose (Album Version),hip hop,1st Booty On Duty,hip hop,Keep Your Shit The Hardest,hip hop
tfidf inner product,Rabbit Run,hip hop,Overdose (Album Version),hip hop,She Ain't Afraid,hip hop,B-Boy Bouillabaisse: A.W.O.L. (2009 Digital Remaster),hip hop
tfidf inner product,Splurge,hip hop,1st Booty On Duty,hip hop,Keep Your Shit The Hardest,hip hop,Interlude 5,r&b/soul
tfidf inner product,St. Louie,hip hop,B-Boy Bouillabaisse: A.W.O.L. (2009 Digital Remaster),hip hop,Overdose (Album Version),hip hop,Interlude 5,r&b/soul
tfidf inner product,Wrap Sumden,hip hop,Overdose (Album Version),hip hop,1st Booty On Duty,hip hop,Trife Life,hip hop
tfidf inner product,Soon You'll Understand,hip hop,Interlude 5,r&b/soul,8 Mile,hip hop,Overdose (Album Version),hip hop
tfidf inner product,Encore,hip hop,Overdose (Album Version),hip hop,Interlude 5,r&b/soul,B-Boy Bouillabaisse: A.W.O.L. (2009 Digital Remaster),hip hop
tfidf inner product,Say Now,hip hop,Man In The Mirror,pop,Interlude 5,r&b/soul,Overdose (Album Version),hip hop
tfidf inner product,Been There Done That,hip hop,B-Boy Bouillabaisse: A.W.O.L. (2009 Digital Remaster),hip hop,Overdose (Album Version),hip hop,Safe + Sound,hip hop
tfidf inner product,Magical,hip hop,Interlude 5,r&b/soul,B-Boy Bouillabaisse: A.W.O.L. (2009 Digital Remaster),hip hop,8 Mile,hip hop
tfidf inner product,Over,hip hop,B-Boy Bouillabaisse: A.W.O.L. (2009 Digital Remaster),hip hop,Interlude 5,r&b/soul,The Dance,hip hop
tfidf inner product,Wrap U Around Me,hip hop,I Love U In Me ( LP Version),r&b/soul,Interlude 5,r&b/soul,Man In The Mirror,pop
tfidf inner product,Paper Planes,hip hop,B-Boy Bouillabaisse: A.W.O.L. (2009 Digital Remaster),hip hop,Plumskinzz (Loose Hoe_ God & Cupid),hip hop,Overdose (Album Version),hip hop
tfidf inner product,Set It Off,hip hop,B-Boy Bouillabaisse: A.W.O.L. (2009 Digital Remaster),hip hop,Overdose (Album Version),hip hop,It Ain't About You,hip hop
tfidf inner product,Ho,hip hop,Mambo Swing,jazz,Keep Your Shit The Hardest,hip hop,Bring Your Whole Crew,hip hop
tfidf inner product,The What,hip hop,1st Booty On Duty,hip hop,Overdose (Album Version),hip hop,Trife Life,hip hop
tfidf inner product,Rowdy Rowdy,hip hop,Keep Your Shit The Hardest,hip hop,Safe + Sound,hip hop,Real Muthaphuckkin' G's,hip hop
tfidf inner product,Bang Out,hip hop,1st Booty On Duty,hip hop,Overdose (Album Version),hip hop,No Remorse (Album Version),hip hop
tfidf inner product,Snoopafella (Edited),hip hop,B-Boy Bouillabaisse: A.W.O.L. (2009 Digital Remaster),hip hop,Interlude 5,r&b/soul,Overdose (Album Version),hip hop
tfidf inner product,Hair,hip hop,Interlude 5,r&b/soul,B-Boy Bouillabaisse: A.W.O.L. (2009 Digital Remaster),hip hop,8 Mile,hip hop
tfidf inner product,Happymess,hip hop,Interlude 5,r&b/soul,B-Boy Bouillabaisse: A.W.O.L. (2009 Digital Remaster),hip hop,My Darling,hip hop
tfidf inner product,Put Your Head On My Shoulder (Album Version),jazz,Interlude 5,r&b/soul,Indy 500,hip hop,Overdose (Album Version),hip hop
tfidf inner product,Stuck In The Middle With You (Non-Album Track),jazz,Interlude 5,r&b/soul,B-Boy Bouillabaisse: A.W.O.L. (2009 Digital Remaster),hip hop,Feva Las Vegas,reggae
tfidf inner product,You'll Never Find Another Love Like Mine (Album Version),jazz,Kozmic Blues,blues,Interlude 5,r&b/soul,Love Is Strange,folk
tfidf inner product,Kiss me baby,jazz,B-Boy Bouillabaisse: A.W.O.L. (2009 Digital Remaster),hip hop,So Ghetto,hip hop,Interlude 5,r&b/soul
tfidf inner product,Let's Go,jazz,B-Boy Bouillabaisse: A.W.O.L. (2009 Digital Remaster),hip hop,Interlude 5,r&b/soul,My Darling,hip hop
tfidf inner product,Moon Over Miami,jazz,Weak Become Heroes,hip hop,How High The Moon,jazz,B-Boy Bouillabaisse: A.W.O.L. (2009 Digital Remaster),hip hop
tfidf inner product,Hit That Jive Jack,jazz,Do The Bartman,hip hop,She Ain't Afraid,hip hop,Get It How You Live  (Explicit Chopped & Screwed Version),hip hop
tfidf inner product,The Christmas Song,jazz,Interlude 5,r&b/soul,The Christmas Song,country,Close My Eyes,reggae
tfidf inner product,Too Young,jazz,B-Boy Bouillabaisse: A.W.O.L. (2009 Digital Remaster),hip hop,Interlude 5,r&b/soul,The Hourglass,metal
tfidf inner product,Unforgettable,jazz,Interlude 5,r&b/soul,My Darling,hip hop,B-Boy Bouillabaisse: A.W.O.L. (2009 Digital Remaster),hip hop
tfidf inner product,Autumn Leaves,jazz,My Darling,hip hop,B-Boy Bouillabaisse: A.W.O.L. (2009 Digital Remaster),hip hop,Interlude 5,r&b/soul
tfidf inner product,Love Is A Many Splendored Thing,jazz,B-Boy Bouillabaisse: A.W.O.L. (2009 Digital Remaster),hip hop,Curse,electronic,Closer To You,electronic
tfidf inner product,Smoke Gets in Your Eyes,jazz,Smoke Gets In Your Eyes,folk,Interlude 5,r&b/soul,My Darling,hip hop
tfidf inner product,If You Can't Smile And Say Yes,jazz,Interlude 5,r&b/soul,Hair,hip hop,Love Was Here,hip hop
tfidf inner product,She's Funny That Way,jazz,Your Eyes,r&b/soul,B-Boy Bouillabaisse: A.W.O.L. (2009 Digital Remaster),hip hop,Interlude 5,r&b/soul
tfidf inner product,The Ruby And The Pearl (2003 Digital Remaster),jazz,B-Boy Bouillabaisse: A.W.O.L. (2009 Digital Remaster),hip hop,Love Me Warm And Tender,punk,Warm Bed,r&b/soul
tfidf inner product,The Very Thought Of You,jazz,B-Boy Bouillabaisse: A.W.O.L. (2009 Digital Remaster),hip hop,Interlude 5,r&b/soul,The Hourglass,metal
tfidf inner product,Rudolph The Red-Nosed Reindeer,jazz,B-Boy Bouillabaisse: A.W.O.L. (2009 Digital Remaster),hip hop,Interlude 5,r&b/soul,The Hourglass,metal
tfidf inner product,December,jazz,Take Me Home,pop,Closer To You,electronic,Baby Girl,country
tfidf inner product,Don't Know Why (Live),jazz,Otha Fish,hip hop,B-Boy Bouillabaisse: A.W.O.L. (2009 Digital Remaster),hip hop,8 Mile,hip hop
tfidf inner product,Humble Me,jazz,8 Mile,hip hop,Kickin' It With Your Girlfriend,r&b/soul,Interlude 5,r&b/soul
tfidf inner product,I've Got To See You Again,jazz,B-Boy Bouillabaisse: A.W.O.L. (2009 Digital Remaster),hip hop,Curse,electronic,Mainstream,hip hop
tfidf inner product,Sinkin' Soon (iTunes Live Session),jazz,B-Boy Bouillabaisse: A.W.O.L. (2009 Digital Remaster),hip hop,Interlude 5,r&b/soul,She's Gonna Break Soon (Radio Edit) (w/o Horns),reggae
tfidf inner product,The Long Way Home,jazz,Interlude 5,r&b/soul,B-Boy Bouillabaisse: A.W.O.L. (2009 Digital Remaster),hip hop,Trife Life,hip hop
tfidf inner product,Those Sweet Words,jazz,Interlude 5,r&b/soul,B-Boy Bouillabaisse: A.W.O.L. (2009 Digital Remaster),hip hop,Snoopafella (Edited),hip hop
tfidf inner product,Wish I Could (Live),jazz,B-Boy Bouillabaisse: A.W.O.L. (2009 Digital Remaster),hip hop,8 Mile,hip hop,Interlude 5,r&b/soul
tfidf inner product,My Dear Country,jazz,Interlude 5,r&b/soul,B-Boy Bouillabaisse: A.W.O.L. (2009 Digital Remaster),hip hop,Curse,electronic
tfidf inner product,I Love The Way You Say Goodnight,jazz,Interlude 5,r&b/soul,B-Boy Bouillabaisse: A.W.O.L. (2009 Digital Remaster),hip hop,Hair,hip hop
tfidf inner product,White Christmas,jazz,Yakamonéyé,reggae,Sans Rémission,hip hop,Panam All Star,hip hop
tfidf inner product,Memories Are Made Of This,jazz,B-Boy Bouillabaisse: A.W.O.L. (2009 Digital Remaster),hip hop,Manhattan,jazz,Interlude 5,r&b/soul
tfidf inner product,Little Room,jazz,Interlude 5,r&b/soul,B-Boy Bouillabaisse: A.W.O.L. (2009 Digital Remaster),hip hop,Mortal City,folk
tfidf inner product,Bei Mir Bist Du Schön,jazz,Interlude 5,r&b/soul,Mein Testament,hip hop,Du hast geguckt,punk
tfidf inner product,Don't Sit Under The Apple Tree,jazz,(You Were Made) Especially For Me,r&b/soul,Where Does The Time Go?,pop,Anyone Who Knows What Love Is (Will Understand),r&b/soul
tfidf inner product,Falling In Love Again,jazz,Falling In Love Again,pop,B-Boy Bouillabaisse: A.W.O.L. (2009 Digital Remaster),hip hop,Interlude 5,r&b/soul
tfidf inner product,Heebie Jeebies,jazz,Interlude 5,r&b/soul,Do The Bartman,hip hop,The Dance,hip hop
tfidf inner product,I Will Survive,jazz,Interlude 5,r&b/soul,B-Boy Bouillabaisse: A.W.O.L. (2009 Digital Remaster),hip hop,The Illest Brother,hip hop
tfidf inner product,In The Mood,jazz,Interlude 5,r&b/soul,B-Boy Bouillabaisse: A.W.O.L. (2009 Digital Remaster),hip hop,Vapors,hip hop
tfidf inner product,Kiss,jazz,Interlude 5,r&b/soul,Kickin' It With Your Girlfriend,r&b/soul,B-Boy Bouillabaisse: A.W.O.L. (2009 Digital Remaster),hip hop
tfidf inner product,Let Me Go Lover,jazz,Interlude 5,r&b/soul,B-Boy Bouillabaisse: A.W.O.L. (2009 Digital Remaster),hip hop,The Lover In Me,pop
tfidf inner product,On An Evening In Roma (Sott'er Celo De Roma),jazz,Sinan Capudan Pascià,folk,Istruzioni Per L'(Ill)uso,hip hop,E Chiove,classical
tfidf inner product,No Puedo Mas Sin Ti (I'm Your Man),latin,Dale tiempo al rumor,hip hop,Cantando,hip hop,Entra,reggae
tfidf inner product,En Tus Pupilas,latin,Dale tiempo al rumor,hip hop,Cantando,hip hop,La ciudad nunca duerme,hip hop
tfidf inner product,Que Me Quedes Tu,latin,Dale tiempo al rumor,hip hop,Cantando,hip hop,La ciudad nunca duerme,hip hop
tfidf inner product,Sombra De Ti,latin,Dale tiempo al rumor,hip hop,Todos Quieren A Raymond,reggae,Cantando,hip hop
tfidf inner product,Te Dejo Madrid,latin,Cantando,hip hop,Pretendo Hablarte,pop,Todos Quieren A Raymond,reggae
tfidf inner product,Tú,latin,Dale tiempo al rumor,hip hop,Cantando,hip hop,La ciudad nunca duerme,hip hop
tfidf inner product,La Chica De Ayer,latin,Dale tiempo al rumor,hip hop,Cantando,hip hop,Quien Me Iba A Decir,latin
tfidf inner product,Adicto,latin,Cantando,hip hop,Dale tiempo al rumor,hip hop,Todos Quieren A Raymond,reggae
tfidf inner product,Al Despertar,latin,Dale tiempo al rumor,hip hop,Cantando,hip hop,Todos Quieren A Raymond,reggae
tfidf inner product,Alguien Como Tú,latin,Gitana,latin,Dale tiempo al rumor,hip hop,Cantando,hip hop
tfidf inner product,Inalcanzable,latin,Dale tiempo al rumor,hip hop,Cantando,hip hop,Todos Quieren A Raymond,reggae
tfidf inner product,Lloro Por Ti,latin,Dale tiempo al rumor,hip hop,Todos Quieren A Raymond,reggae,Gitana,latin
tfidf inner product,Mamacita,latin,Cantando,hip hop,Dale tiempo al rumor,hip hop,El Semáforo,latin
tfidf inner product,Miss You,latin,Interlude 5,r&b/soul,8 Mile,hip hop,I Love U In Me ( LP Version),r&b/soul
tfidf inner product,Para De Jugar,latin,Dale tiempo al rumor,hip hop,Cantando,hip hop,Por Mi Reggae Muero,reggae
tfidf inner product,She Be The One,latin,B-Boy Bouillabaisse: A.W.O.L. (2009 Digital Remaster),hip hop,She Ain't Afraid,hip hop,Touch It / Technologic,electronic
tfidf inner product,Trapecista,latin,Dale tiempo al rumor,hip hop,Cantando,hip hop,Todos Quieren A Raymond,reggae
tfidf inner product,Tu Vacio,latin,Dale tiempo al rumor,hip hop,Cantando,hip hop,La ciudad nunca duerme,hip hop
tfidf inner product,Volveré,latin,Dale tiempo al rumor,hip hop,Cantando,hip hop,Gitana,latin
tfidf inner product,Estoy Aquí,latin,Rosas,pop,Eu Quero Ver Gol,reggae,O Show Não Vai Parar,hip hop
tfidf inner product,Life Is Anew,latin,Interlude 5,r&b/soul,B-Boy Bouillabaisse: A.W.O.L. (2009 Digital Remaster),hip hop,The Hourglass,metal
tfidf inner product,Donde Estas Corazon,latin,La ciudad nunca duerme,hip hop,Todos Quieren A Raymond,reggae,Dale tiempo al rumor,hip hop
tfidf inner product,Octavo Día,latin,Cantando,hip hop,Dale tiempo al rumor,hip hop,Todos Quieren A Raymond,reggae
tfidf inner product,Te Necesito,latin,Dale tiempo al rumor,hip hop,Todos Quieren A Raymond,reggae,Cantando,hip hop
tfidf inner product,Evil Ways,latin,B-Boy Bouillabaisse: A.W.O.L. (2009 Digital Remaster),hip hop,Interlude 5,r&b/soul,Man In The Mirror,pop
tfidf inner product,Anna (el negro zumbon),latin,La ciudad nunca duerme,hip hop,Cantando,hip hop,Tu Y Yo,latin
tfidf inner product,Piensa en mi,latin,Dale tiempo al rumor,hip hop,Que Voy A hacer Sin Tí,latin,Gitana,latin
tfidf inner product,Esperando,latin,Cantando,hip hop,Al Natural (Amended Version),latin,Todos Quieren A Raymond,reggae
tfidf inner product,Beautiful Liar (Bello Embustero),latin,Cantando,hip hop,Dale tiempo al rumor,hip hop,Todos Quieren A Raymond,reggae
tfidf inner product,Rosario Tijeras,latin,La ciudad nunca duerme,hip hop,Un Montón de Estrellas,latin,Dale tiempo al rumor,hip hop
tfidf inner product,Animal Nocturno,latin,Dale tiempo al rumor,hip hop,Cantando,hip hop,La ciudad nunca duerme,hip hop
tfidf inner product,Alejate De Mi,latin,Dale tiempo al rumor,hip hop,Como Y Vete,reggae,Cantando,hip hop
tfidf inner product,Entre Tus Alas,latin,Dale tiempo al rumor,hip hop,Cantando,hip hop,La Dosis Perfecta,reggae
tfidf inner product,Me Basto,latin,Dale tiempo al rumor,hip hop,Cantando,hip hop,Te Ando Buscando,reggae
tfidf inner product,Va Para Ti,latin,Cantando,hip hop,Gitana,latin,Dale tiempo al rumor,hip hop
tfidf inner product,Fui,latin,La ciudad nunca duerme,hip hop,Cantando,hip hop,Dale tiempo al rumor,hip hop
tfidf inner product,Ilusionado,latin,Todos Quieren A Raymond,reggae,Dale tiempo al rumor,hip hop,Cantando,hip hop
tfidf inner product,Piel De Ciudad,latin,Cantando,hip hop,Tu Y Yo,latin,Todos Quieren A Raymond,reggae
tfidf inner product,Quedate,latin,Dale tiempo al rumor,hip hop,Cantando,hip hop,La ciudad nunca duerme,hip hop
tfidf inner product,Brother Sport,latin,The Illest Brother,hip hop,She Ain't Afraid,hip hop,Interlude 5,r&b/soul
tfidf inner product,The Prince,metal,B-Boy Bouillabaisse: A.W.O.L. (2009 Digital Remaster),hip hop,The Hourglass,metal,One of Us,hip hop
tfidf inner product,Second Heartbeat,metal,The Hourglass,metal,8 Mile,hip hop,B-Boy Bouillabaisse: A.W.O.L. (2009 Digital Remaster),hip hop
tfidf inner product,To End The Rapture,metal,The Hourglass,metal,It Came Upon A Midnight Clear (Album Version),classical,Curse,electronic
tfidf inner product,Witness,metal,One of Us,hip hop,Interlude 5,r&b/soul,B-Boy Bouillabaisse: A.W.O.L. (2009 Digital Remaster),hip hop
tfidf inner product,Heartache Every Moment,metal,Lost In This Moment,country,Showtape '91,electronic,Interlude 5,r&b/soul
tfidf inner product,Sigillum Diaboli,metal,My Darling,hip hop,B-Boy Bouillabaisse: A.W.O.L. (2009 Digital Remaster),hip hop,Interlude 5,r&b/soul
tfidf inner product,Refined By Your Embrace,metal,A Man Without Love,pop,Lay Back In The Arms Of Someone,country,My Darling,hip hop
tfidf inner product,The Innocence Spilled,metal,Pain,hip hop,One of Us,hip hop,One Good Time,hip hop
tfidf inner product,An American Dream,metal,Weak Become Heroes,hip hop,One of Us,hip hop,Interlude 5,r&b/soul
tfidf inner product,The Changing Of Times,metal,Interlude 5,r&b/soul,B-Boy Bouillabaisse: A.W.O.L. (2009 Digital Remaster),hip hop,Curse,electronic
tfidf inner product,Autumn,metal,Von Disco Zu Disco,hip hop,Gott schenk ihr Flügel,hip hop,Toastbrot,hip hop
tfidf inner product,Chorus Of Angels,metal,I Love U In Me ( LP Version),r&b/soul,Interlude 5,r&b/soul,Weak Become Heroes,hip hop
tfidf inner product,Follow The Wolves,metal,17,country,The Hourglass,metal,The Power Of Lard,punk
tfidf inner product,I Am You,metal,Rise,hip hop,Rise Up,r&b/soul,My Darling,hip hop
tfidf inner product,The Science Of Lies,metal,Interlude 5,r&b/soul,One of Us,hip hop,Mr. Outsider,hip hop
tfidf inner product,Slow Down,metal,B-Boy Bouillabaisse: A.W.O.L. (2009 Digital Remaster),hip hop,Mainstream,hip hop,She Luv It,hip hop
tfidf inner product,Steal Away (The Night),metal,Last to Know,jazz,B-Boy Bouillabaisse: A.W.O.L. (2009 Digital Remaster),hip hop,Chain Of Fools,blues
tfidf inner product,Black Curtains (2004 Digital Remaster),metal,B-Boy Bouillabaisse: A.W.O.L. (2009 Digital Remaster),hip hop,Me Or The Papes,hip hop,Mr. Outsider,hip hop
tfidf inner product,Die Dead Enough,metal,Face Down,hip hop,Overdose (Album Version),hip hop,Curse,electronic
tfidf inner product,Bodies,metal,Switch,hip hop,Naked,r&b/soul,AJ Scratch,hip hop
tfidf inner product,Rotting Head,metal,B-Boy Bouillabaisse: A.W.O.L. (2009 Digital Remaster),hip hop,Piggy Pie,hip hop,Curse,electronic
tfidf inner product,Gehenna,metal,Brotha,r&b/soul,She Got Kids,r&b/soul,Find A Way,hip hop
tfidf inner product,[sic] [Explicit],metal,Overdose (Album Version),hip hop,She Ain't Afraid,hip hop,1st Booty On Duty,hip hop
tfidf inner product,Gunshots by Computer,metal,Interlude 5,r&b/soul,Let's All Get Drunk,hip hop,Twizala,r&b/soul
tfidf inner product,Hope Is... (Album Version),metal,Rise Up,r&b/soul,(Don't) Give Hate A Chance,r&b/soul,Lost In This Moment,country
tfidf inner product,The Moor,metal,B-Boy Bouillabaisse: A.W.O.L. (2009 Digital Remaster),hip hop,Interlude 5,r&b/soul,The Fire In Which You Burn (feat. J-Treds & The Brewin From The Juggaknots),hip hop
tfidf inner product,This Flesh A Tomb (Instrumental Version),metal,8 Mile,hip hop,Interlude 5,r&b/soul,B-Boy Bouillabaisse: A.W.O.L. (2009 Digital Remaster),hip hop
tfidf inner product,A Higher Standard,metal,One of Us,hip hop,B-Boy Bouillabaisse: A.W.O.L. (2009 Digital Remaster),hip hop,Man In The Mirror,pop
tfidf inner product,Redemption,metal,Interlude 5,r&b/soul,Overdose (Album Version),hip hop,Let It Be,folk
tfidf inner product,We Die Alone (Bonus Track),metal,The Hourglass,metal,B-Boy Bouillabaisse: A.W.O.L. (2009 Digital Remaster),hip hop,Resurrection,metal
tfidf inner product,Elements,metal,Tuleen Ajettu Maa,metal,Paprika Plains  (Remix),folk,Resolution,jazz
tfidf inner product,Know The Difference,metal,Interlude 5,r&b/soul,One Word,electronic,Make A Move,hip hop
tfidf inner product,Peephole,metal,Stuck In The Middle,blues,Bleed For Me,rock,Stuck Inside Of Mobile With The Memphis Blues Again,folk
tfidf inner product,Hellhounds on My Trail,metal,Interlude 5,r&b/soul,B-Boy Bouillabaisse: A.W.O.L. (2009 Digital Remaster),hip hop,Overdose (Album Version),hip hop
tfidf inner product,No Commands,metal,Interlude 5,r&b/soul,B-Boy Bouillabaisse: A.W.O.L. (2009 Digital Remaster),hip hop,One Word,electronic
tfidf inner product,Mother (2006 Remastered Alternate Mix),metal,Interlude 5,r&b/soul,B-Boy Bouillabaisse: A.W.O.L. (2009 Digital Remaster),hip hop,My Darling,hip hop
tfidf inner product,Lord Of The Flies (Live In Dortmund),metal,Oh Jerusalem,r&b/soul,Interlude 5,r&b/soul,Curse,electronic
tfidf inner product,Phantom Of The Opera (Live) (1998 Digital Remaster),metal,Slam Harder,hip hop,Slam,hip hop,B-Boy Bouillabaisse: A.W.O.L. (2009 Digital Remaster),hip hop
tfidf inner product,Re-Birth,metal,Interlude 5,r&b/soul,B-Boy Bouillabaisse: A.W.O.L. (2009 Digital Remaster),hip hop,The Hourglass,metal
tfidf inner product,This Pain,metal,Interlude 5,r&b/soul,Overdose (Album Version),hip hop,She Ain't Afraid,hip hop
tfidf inner product,You Are Not Alone,pop,Interlude 5,r&b/soul,So Far,r&b/soul,The Hourglass,metal
tfidf inner product,Baby Be Mine,pop,Just Right,r&b/soul,B-Boy Bouillabaisse: A.W.O.L. (2009 Digital Remaster),hip hop,Interlude 5,r&b/soul
tfidf inner product,Man In The Mirror,pop,Interlude 5,r&b/soul,Say Now,hip hop,A8,hip hop
tfidf inner product,Why You Wanna Trip On Me,pop,Interlude 5,r&b/soul,B-Boy Bouillabaisse: A.W.O.L. (2009 Digital Remaster),hip hop,Your Song,r&b/soul
tfidf inner product,TiK ToK,pop,Interlude 5,r&b/soul,B-Boy Bouillabaisse: A.W.O.L. (2009 Digital Remaster),hip hop,I'm A Winner (Amended Album Version),hip hop
tfidf inner product,Nothing Lasts Forever,pop,Interlude 5,r&b/soul,B-Boy Bouillabaisse: A.W.O.L. (2009 Digital Remaster),hip hop,I Love You Babe,r&b/soul
tfidf inner product,Roamer,pop,B-Boy Bouillabaisse: A.W.O.L. (2009 Digital Remaster),hip hop,8 Mile,hip hop,The Dance,hip hop
tfidf inner product,Live High (Album Version),pop,B-Boy Bouillabaisse: A.W.O.L. (2009 Digital Remaster),hip hop,Interlude 5,r&b/soul,I Love U In Me ( LP Version),r&b/soul
tfidf inner product,Did I Do That?,pop,Interlude 5,r&b/soul,B-Boy Bouillabaisse: A.W.O.L. (2009 Digital Remaster),hip hop,What's On Your Mind,hip hop
tfidf inner product,I'll Be There,pop,I'll Be There,classical,B-Boy Bouillabaisse: A.W.O.L. (2009 Digital Remaster),hip hop,Interlude 5,r&b/soul
tfidf inner product,I Think They're Thinking - Interlude,pop,Interlude 5,r&b/soul,Undead,hip hop,B-Boy Bouillabaisse: A.W.O.L. (2009 Digital Remaster),hip hop
tfidf inner product,Silent Movie,pop,Interlude 5,r&b/soul,B-Boy Bouillabaisse: A.W.O.L. (2009 Digital Remaster),hip hop,Spitfall,metal
tfidf inner product,Stumble,pop,Interlude 5,r&b/soul,B-Boy Bouillabaisse: A.W.O.L. (2009 Digital Remaster),hip hop,Undead,hip hop
tfidf inner product,Heroe,pop,One of Us,hip hop,Let's All Get Drunk,hip hop,One Kiss From Heaven,r&b/soul
tfidf inner product,Little Girl,pop,One of Us,hip hop,Let's All Get Drunk,hip hop,One Kiss From Heaven,r&b/soul
tfidf inner product,Ruleta Rusa,pop,Cantando,hip hop,Dale tiempo al rumor,hip hop,Todos Quieren A Raymond,reggae
tfidf inner product,Contigo,pop,Dale tiempo al rumor,hip hop,Cantando,hip hop,El Semáforo,latin
tfidf inner product,Años Luz,pop,Cantando,hip hop,Dale tiempo al rumor,hip hop,Todos Quieren A Raymond,reggae
tfidf inner product,Love Song,pop,Interlude 5,r&b/soul,B-Boy Bouillabaisse: A.W.O.L. (2009 Digital Remaster),hip hop,Your Song,r&b/soul
tfidf inner product,Candyman,pop,Plumskinzz (Loose Hoe_ God & Cupid),hip hop,Have You Seen Her,r&b/soul,B-Boy Bouillabaisse: A.W.O.L. (2009 Digital Remaster),hip hop
tfidf inner product,Tell Me Something I Don't Know,pop,Interlude 5,r&b/soul,8 Mile,hip hop,Tell You Something (Nana's Reprise),r&b/soul
tfidf inner product,Cry,pop,Interlude 5,r&b/soul,My Darling,hip hop,8 Mile,hip hop
tfidf inner product,Zora sourit,pop,Panam All Star,hip hop,L'Amour Du Risque,hip hop,Sans Rémission,hip hop
tfidf inner product,Dance,pop,Interlude 5,r&b/soul,My Darling,hip hop,B-Boy Bouillabaisse: A.W.O.L. (2009 Digital Remaster),hip hop
tfidf inner product,Partout Je Vois,pop,Sans Rémission,hip hop,Panam All Star,hip hop,Yakamonéyé,reggae
tfidf inner product,Anytime,pop,Interlude 5,r&b/soul,Hold Me Down (Album Version),r&b/soul,She Ain't Afraid,hip hop
tfidf inner product,Simplest Love,pop,Your Song,r&b/soul,Hair,hip hop,B-Boy Bouillabaisse: A.W.O.L. (2009 Digital Remaster),hip hop
tfidf inner product,Midnight Bottle,pop,Interlude 5,r&b/soul,Let's All Get Drunk,hip hop,B-Boy Bouillabaisse: A.W.O.L. (2009 Digital Remaster),hip hop
tfidf inner product,Let Me Be,pop,8 Mile,hip hop,Interlude 5,r&b/soul,B-Boy Bouillabaisse: A.W.O.L. (2009 Digital Remaster),hip hop
tfidf inner product,Big Sky,pop,Interlude 5,r&b/soul,B-Boy Bouillabaisse: A.W.O.L. (2009 Digital Remaster),hip hop,Don't Stop Believin',pop
tfidf inner product,Thinking About You,pop,The Easy Spell,hip hop,It Ain't About You,hip hop,B-Boy Bouillabaisse: A.W.O.L. (2009 Digital Remaster),hip hop
tfidf inner product,A Groovy Kind Of Love (Live),pop,Man In The Mirror,pop,Club Megamix,rock,Interlude 5,r&b/soul
tfidf inner product,That's Why You're Beautiful,pop,Interlude 5,r&b/soul,Man In The Mirror,pop,My Darling,hip hop
tfidf inner product,Step By Step,pop,8 Mile,hip hop,Soundman,r&b/soul,Ice Is Workin' It,hip hop
tfidf inner product,Piece Of Me (Main Version),pop,Bring Your Whole Crew,hip hop,Overdose (Album Version),hip hop,Mischievous,hip hop
tfidf inner product,Can't Make You Love Me,pop,Interlude 5,r&b/soul,B-Boy Bouillabaisse: A.W.O.L. (2009 Digital Remaster),hip hop,Hurts The Most,r&b/soul
tfidf inner product,Girl In The Mirror,pop,Interlude 5,r&b/soul,She Ain't Afraid,hip hop,8 Mile,hip hop
tfidf inner product,Radar,pop,B-Boy Bouillabaisse: A.W.O.L. (2009 Digital Remaster),hip hop,Interlude 5,r&b/soul,The Dance,hip hop
tfidf inner product,When Your Eyes Say It,pop,Interlude 5,r&b/soul,B-Boy Bouillabaisse: A.W.O.L. (2009 Digital Remaster),hip hop,Close My Eyes,reggae
tfidf inner product,Precious (Live In Milan),pop,Interlude 5,r&b/soul,The Hourglass,metal,One of Us,hip hop
tfidf inner product,Insectica,punk,B-Boy Bouillabaisse: A.W.O.L. (2009 Digital Remaster),hip hop,The Lightning Strike,rock,The Fire In Which You Burn (feat. J-Treds & The Brewin From The Juggaknots),hip hop
tfidf inner product,Cambridge (Album Version),punk,Masters Of The Universe,hip hop,B-Boy Bouillabaisse: A.W.O.L. (2009 Digital Remaster),hip hop,Interlude 5,r&b/soul
tfidf inner product,Disappear,punk,Interlude 5,r&b/soul,The Dance,hip hop,The Fire In Which You Burn (feat. J-Treds & The Brewin From The Juggaknots),hip hop
tfidf inner product,Fell in Love Without You (Cd),punk,B-Boy Bouillabaisse: A.W.O.L. (2009 Digital Remaster),hip hop,Indy 500,hip hop,Back Then,hip hop
tfidf inner product,Point Of Extinction (Cd),punk,Interlude 5,r&b/soul,If I Had,hip hop,Work Work,reggae
tfidf inner product,Stand Too Close,punk,Indy 500,hip hop,Interlude 5,r&b/soul,B-Boy Bouillabaisse: A.W.O.L. (2009 Digital Remaster),hip hop
tfidf inner product,Worker Bee,punk,B-Boy Bouillabaisse: A.W.O.L. (2009 Digital Remaster),hip hop,Indy 500,hip hop,Spitfall,metal
tfidf inner product,Mind Over Time,punk,B-Boy Bouillabaisse: A.W.O.L. (2009 Digital Remaster),hip hop,All Over The World,rock,Overdose (Album Version),hip hop
tfidf inner product,I Fought The Law,punk,All Ghetto Girl,r&b/soul,It Ain't About You,hip hop,8 Mile,hip hop
tfidf inner product,The Magnificent Seven,punk,Interlude 5,r&b/soul,B-Boy Bouillabaisse: A.W.O.L. (2009 Digital Remaster),hip hop,Man In The Mirror,pop
tfidf inner product,Believe,punk,Interlude 5,r&b/soul,Alright,r&b/soul,B-Boy Bouillabaisse: A.W.O.L. (2009 Digital Remaster),hip hop
tfidf inner product,Empty Apartment,punk,Interlude 5,r&b/soul,8 Mile,hip hop,B-Boy Bouillabaisse: A.W.O.L. (2009 Digital Remaster),hip hop
tfidf inner product,But Tonight We Dance,punk,Let's All Get Drunk,hip hop,The Hourglass,metal,Interlude 5,r&b/soul
tfidf inner product,Faint Resemblance,punk,Interlude 5,r&b/soul,8 Mile,hip hop,B-Boy Bouillabaisse: A.W.O.L. (2009 Digital Remaster),hip hop
tfidf inner product,Survive,punk,8 Mile,hip hop,Interlude 5,r&b/soul,B-Boy Bouillabaisse: A.W.O.L. (2009 Digital Remaster),hip hop
tfidf inner product,The Dirt Whispered,punk,One of Us,hip hop,Mortal City,folk,B-Boy Bouillabaisse: A.W.O.L. (2009 Digital Remaster),hip hop
tfidf inner product,Get It Right (Album Version),punk,B-Boy Bouillabaisse: A.W.O.L. (2009 Digital Remaster),hip hop,Interlude 5,r&b/soul,8 Mile,hip hop
tfidf inner product,Want You Bad,punk,Interlude 5,r&b/soul,B-Boy Bouillabaisse: A.W.O.L. (2009 Digital Remaster),hip hop,Bad Girls,pop
tfidf inner product,Staring At The Sun,punk,B-Boy Bouillabaisse: A.W.O.L. (2009 Digital Remaster),hip hop,Curse,electronic,Close My Eyes,reggae
tfidf inner product,Operation Rescue,punk,Interlude 5,r&b/soul,Curse,electronic,Feva Las Vegas,reggae
tfidf inner product,When Broken Is Easily Fixed (Album Version),punk,Curse,electronic,My Darling,hip hop,Overdose (Album Version),hip hop
tfidf inner product,Want,punk,Tricky Versus Lynx (Live),hip hop,Ho,hip hop,The Dog ( LP Version),r&b/soul
tfidf inner product,Josey,punk,B-Boy Bouillabaisse: A.W.O.L. (2009 Digital Remaster),hip hop,Overdose (Album Version),hip hop,8 Mile,hip hop
tfidf inner product,1-2 Crush On You,punk,Interlude 5,r&b/soul,Man In The Mirror,pop,Knowledge Of Self,jazz
tfidf inner product,Brand New Cadillac,punk,Me Or The Papes,hip hop,It Ain't About You,hip hop,C'Mon,electronic
tfidf inner product,Cool Confusion,punk,B-Boy Bouillabaisse: A.W.O.L. (2009 Digital Remaster),hip hop,Find A Way,hip hop,No Remorse (Album Version),hip hop
tfidf inner product,First Night Back In London,punk,B-Boy Bouillabaisse: A.W.O.L. (2009 Digital Remaster),hip hop,Interlude 5,r&b/soul,Overdose (Album Version),hip hop
tfidf inner product,Inoculated City,punk,B-Boy Bouillabaisse: A.W.O.L. (2009 Digital Remaster),hip hop,Spitfall,metal,Undead,hip hop
tfidf inner product,Lost In The Supermarket,punk,Interlude 5,r&b/soul,Snoopafella (Edited),hip hop,Knick Knack Patty Wack,hip hop
tfidf inner product,Overpowered By Funk,punk,The Rockafeller Skank,electronic,Funk Funk,r&b/soul,One Nation Under A Groove,r&b/soul
tfidf inner product,Automatic Man (Album Version),punk,B-Boy Bouillabaisse: A.W.O.L. (2009 Digital Remaster),hip hop,Interlude 5,r&b/soul,The Illest Brother,hip hop
tfidf inner product,Chimaera (Album Version),punk,Interlude 5,r&b/soul,B-Boy Bouillabaisse: A.W.O.L. (2009 Digital Remaster),hip hop,Fool For Love,hip hop
tfidf inner product,Damned to Be Free (Album Version),punk,Interlude 5,r&b/soul,Curse,electronic,B-Boy Bouillabaisse: A.W.O.L. (2009 Digital Remaster),hip hop
tfidf inner product,Get Off,punk,Interlude 5,r&b/soul,B-Boy Bouillabaisse: A.W.O.L. (2009 Digital Remaster),hip hop,Mainstream,hip hop
tfidf inner product,Juneau,punk,My Darling,hip hop,Curse,electronic,Spitfall,metal
tfidf inner product,Another The letter,punk,Where's The Truth,metal,B-Boy Bouillabaisse: A.W.O.L. (2009 Digital Remaster),hip hop,The Hourglass,metal
tfidf inner product,Strange,punk,B-Boy Bouillabaisse: A.W.O.L. (2009 Digital Remaster),hip hop,Queen Of Hollywood ( LP Version ),pop,Bodies,metal
tfidf inner product,Dude_ What Is a Land Pirate?,punk,Interlude 5,r&b/soul,She Ain't Afraid,hip hop,Overdose (Album Version),hip hop
tfidf inner product,Again I Go Unnoticed,punk,B-Boy Bouillabaisse: A.W.O.L. (2009 Digital Remaster),hip hop,Curse,electronic,Interlude 5,r&b/soul
tfidf inner product,Carry This Picture,punk,Honest Expression,hip hop,Diamonds From Sierra Leone,hip hop,Safe + Sound,hip hop
tfidf inner product,U R The One,r&b/soul,I Love U In Me ( LP Version),r&b/soul,Feva Las Vegas,reggae,Jack U Off (LP Version),r&b/soul
tfidf inner product,Ain't No Way (You Won't Love Me),r&b/soul,Interlude 5,r&b/soul,B-Boy Bouillabaisse: A.W.O.L. (2009 Digital Remaster),hip hop,Honest Expression,hip hop
tfidf inner product,Nice & Slow,r&b/soul,B-Boy Bouillabaisse: A.W.O.L. (2009 Digital Remaster),hip hop,8 Mile,hip hop,Interlude 5,r&b/soul
tfidf inner product,Roni,r&b/soul,Interlude 5,r&b/soul,Hair,hip hop,8 Mile,hip hop
tfidf inner product,Damage,r&b/soul,Interlude 5,r&b/soul,B-Boy Bouillabaisse: A.W.O.L. (2009 Digital Remaster),hip hop,My Darling,hip hop
tfidf inner product,Gotta Be Ur Man,r&b/soul,B-Boy Bouillabaisse: A.W.O.L. (2009 Digital Remaster),hip hop,Interlude 5,r&b/soul,Man In The Mirror,pop
tfidf inner product,Birthmark,r&b/soul,Interlude 5,r&b/soul,The Dance,hip hop,B-Boy Bouillabaisse: A.W.O.L. (2009 Digital Remaster),hip hop
tfidf inner product,Don't You Say No,r&b/soul,Interlude 5,r&b/soul,B-Boy Bouillabaisse: A.W.O.L. (2009 Digital Remaster),hip hop,1st Booty On Duty,hip hop
tfidf inner product,Kickin' It With Your Girlfriend,r&b/soul,Interlude 5,r&b/soul,B-Boy Bouillabaisse: A.W.O.L. (2009 Digital Remaster),hip hop,8 Mile,hip hop
tfidf inner product,Rise Up,r&b/soul,Interlude 5,r&b/soul,Do The Bartman,hip hop,Rise,hip hop
tfidf inner product,Joy Ride,r&b/soul,B-Boy Bouillabaisse: A.W.O.L. (2009 Digital Remaster),hip hop,Interlude 5,r&b/soul,Mainstream,hip hop
tfidf inner product,Sprung,r&b/soul,Find A Way,hip hop,I'm Ready,rock,No Remorse (Album Version),hip hop
tfidf inner product,Never Too Much,r&b/soul,B-Boy Bouillabaisse: A.W.O.L. (2009 Digital Remaster),hip hop,Interlude 5,r&b/soul,8 Mile,hip hop
tfidf inner product,Chocolate Factory,r&b/soul,I Love U In Me ( LP Version),r&b/soul,Feva Las Vegas,reggae,Interlude 5,r&b/soul
tfidf inner product,I Mean (I Don't Mean It),r&b/soul,Interlude 5,r&b/soul,B-Boy Bouillabaisse: A.W.O.L. (2009 Digital Remaster),hip hop,Touch Me,blues
tfidf inner product,In The Kitchen,r&b/soul,Overdose (Album Version),hip hop,B-Boy Bouillabaisse: A.W.O.L. (2009 Digital Remaster),hip hop,Interlude 5,r&b/soul
tfidf inner product,Distance And Time,r&b/soul,8 Mile,hip hop,Interlude 5,r&b/soul,B-Boy Bouillabaisse: A.W.O.L. (2009 Digital Remaster),hip hop
tfidf inner product,Lover Man,r&b/soul,Interlude 5,r&b/soul,B-Boy Bouillabaisse: A.W.O.L. (2009 Digital Remaster),hip hop,The Hourglass,metal
tfidf inner product,Nobody Not Really (Interlude),r&b/soul,Interlude 5,r&b/soul,If I Had,hip hop,Splurge,hip hop
tfidf inner product,Piano & I,r&b/soul,Interlude 5,r&b/soul,Plumskinzz (Loose Hoe_ God & Cupid),hip hop,Slam Harder,hip hop
tfidf inner product,Tell You Something (Nana's Reprise),r&b/soul,Interlude 5,r&b/soul,Club Megamix,rock,B-Boy Bouillabaisse: A.W.O.L. (2009 Digital Remaster),hip hop
tfidf inner product,Try Sleeping With A Broken Heart,r&b/soul,Interlude 5,r&b/soul,My Darling,hip hop,Mortal City,folk
tfidf inner product,Why Do I Feel So Sad,r&b/soul,Interlude 5,r&b/soul,8 Mile,hip hop,I'm Catching Hell (Living Here Alone) (Digitally Remastered 02),jazz
tfidf inner product,Lovin U,r&b/soul,Easy,r&b/soul,Interlude 5,r&b/soul,A Deeper Love,r&b/soul
tfidf inner product,My Ride,r&b/soul,B-Boy Bouillabaisse: A.W.O.L. (2009 Digital Remaster),hip hop,Who Ride Wit Us,hip hop,No Remorse (Album Version),hip hop
tfidf inner product,Starting All Over,r&b/soul,Interlude 5,r&b/soul,Plumskinzz (Loose Hoe_ God & Cupid),hip hop,Slam Harder,hip hop
tfidf inner product,Oh Boy,r&b/soul,Interlude 5,r&b/soul,B-Boy Bouillabaisse: A.W.O.L. (2009 Digital Remaster),hip hop,Mr. Outsider,hip hop
tfidf inner product,Maybe,r&b/soul,B-Boy Bouillabaisse: A.W.O.L. (2009 Digital Remaster),hip hop,Interlude 5,r&b/soul,FlyPaper,hip hop
tfidf inner product,Stuck In the Middle,r&b/soul,Interlude 5,r&b/soul,B-Boy Bouillabaisse: A.W.O.L. (2009 Digital Remaster),hip hop,8 Mile,hip hop
tfidf inner product,Bump What Your Friends Say,r&b/soul,Interlude 5,r&b/soul,B-Boy Bouillabaisse: A.W.O.L. (2009 Digital Remaster),hip hop,My Darling,hip hop
tfidf inner product,Smack Dab In The Middle,r&b/soul,B-Boy Bouillabaisse: A.W.O.L. (2009 Digital Remaster),hip hop,Interlude 5,r&b/soul,Throw Ya Handz Up,hip hop
tfidf inner product,Don't You Know,r&b/soul,B-Boy Bouillabaisse: A.W.O.L. (2009 Digital Remaster),hip hop,Snoopafella (Edited),hip hop,Interlude 5,r&b/soul
tfidf inner product,All I Ever Think About,r&b/soul,Interlude 5,r&b/soul,Honest Expression,hip hop,Splurge,hip hop
tfidf inner product,(You Were Made) Especially For Me,r&b/soul,Don't Sit Under The Apple Tree,jazz,Dream Catch Me,folk,My Darling,hip hop
tfidf inner product,I Was Made To Love Her,r&b/soul,Interlude 5,r&b/soul,B-Boy Bouillabaisse: A.W.O.L. (2009 Digital Remaster),hip hop,Black Dog,country
tfidf inner product,Bridge Over Troubled Water,r&b/soul,Mainstream,hip hop,Keepin' It Strong,hip hop,B-Boy Bouillabaisse: A.W.O.L. (2009 Digital Remaster),hip hop
tfidf inner product,Goin' Back To Indiana,r&b/soul,Do The Bartman,hip hop,Touch Me,blues,Contagious,r&b/soul
tfidf inner product,Lookin' Through The Windows,r&b/soul,Twizala,r&b/soul,Remember Me,country,Slow Motion,r&b/soul
tfidf inner product,You've Changed,r&b/soul,Man In The Mirror,pop,Interlude 5,r&b/soul,My Darling,hip hop
tfidf inner product,Switch!,r&b/soul,Interlude 5,r&b/soul,Do The Bartman,hip hop,B-Boy Bouillabaisse: A.W.O.L. (2009 Digital Remaster),hip hop
tfidf inner product,One World (Not Three),reggae,8 Mile,hip hop,Interlude 5,r&b/soul,Curse,electronic
tfidf inner product,Close My Eyes,reggae,B-Boy Bouillabaisse: A.W.O.L. (2009 Digital Remaster),hip hop,Interlude 5,r&b/soul,8 Mile,hip hop
tfidf inner product,Exaltation,reggae,The Hourglass,metal,One of Us,hip hop,Curse,electronic
tfidf inner product,Fire and Heights,reggae,Interlude 5,r&b/soul,B-Boy Bouillabaisse: A.W.O.L. (2009 Digital Remaster),hip hop,The Hourglass,metal
tfidf inner product,Jerusalem,reggae,B-Boy Bouillabaisse: A.W.O.L. (2009 Digital Remaster),hip hop,Interlude 5,r&b/soul,One Tribe,hip hop
tfidf inner product,Warrior,reggae,B-Boy Bouillabaisse: A.W.O.L. (2009 Digital Remaster),hip hop,The Hourglass,metal,Interlude 5,r&b/soul
tfidf inner product,Don't Push,reggae,B-Boy Bouillabaisse: A.W.O.L. (2009 Digital Remaster),hip hop,Interlude 5,r&b/soul,Overdose (Album Version),hip hop
tfidf inner product,Pawn Shop,reggae,Beg For Mercy,hip hop,Do You Remember,r&b/soul,Knick Knack Patty Wack,hip hop
tfidf inner product,See you in the Light,reggae,Interlude 5,r&b/soul,B-Boy Bouillabaisse: A.W.O.L. (2009 Digital Remaster),hip hop,At The Spot,r&b/soul
tfidf inner product,Sweet Little Lies,reggae,Interlude 5,r&b/soul,B-Boy Bouillabaisse: A.W.O.L. (2009 Digital Remaster),hip hop,Man In The Mirror,pop
tfidf inner product,The Way You Make Me Feel,reggae,Interlude 5,r&b/soul,B-Boy Bouillabaisse: A.W.O.L. (2009 Digital Remaster),hip hop,By The Way,hip hop
tfidf inner product,Grito Mundial,reggae,Dale tiempo al rumor,hip hop,La ciudad nunca duerme,hip hop,La Ranfla Del Cartel,hip hop
tfidf inner product,Get This Party Started: Ghost Remix,reggae,Interlude 5,r&b/soul,Flashlight,r&b/soul,B-Boy Bouillabaisse: A.W.O.L. (2009 Digital Remaster),hip hop
tfidf inner product,Africa Unite,reggae,Interlude 5,r&b/soul,Sticky,reggae,Man In The Mirror,pop
tfidf inner product,Could You Be Loved,reggae,Interlude 5,r&b/soul,8 Mile,hip hop,B-Boy Bouillabaisse: A.W.O.L. (2009 Digital Remaster),hip hop
tfidf inner product,No Water,reggae,I Mean (I Don't Mean It),r&b/soul,Lollipop,hip hop,Interlude 5,r&b/soul
tfidf inner product,One Love / People Get Ready,reggae,Interlude 5,r&b/soul,Believe,punk,Hey Ya!,hip hop
tfidf inner product,Try Me,reggae,Interlude 5,r&b/soul,B-Boy Bouillabaisse: A.W.O.L. (2009 Digital Remaster),hip hop,Without You,r&b/soul
tfidf inner product,Baby We've Got A Date (Rock It Baby),reggae,Rock Wit U (Awww Baby),r&b/soul,Just Right,r&b/soul,Let's All Get Drunk,hip hop
tfidf inner product,Johnny Was,reggae,Take My Money,reggae,Interlude 5,r&b/soul,B-Boy Bouillabaisse: A.W.O.L. (2009 Digital Remaster),hip hop
tfidf inner product,Riding High,reggae,B-Boy Bouillabaisse: A.W.O.L. (2009 Digital Remaster),hip hop,Interlude 5,r&b/soul,It Ain't About You,hip hop
tfidf inner product,Soul Shakedown,reggae,It's A Party,hip hop,Bassment Party,hip hop,Let's All Get Drunk,hip hop
tfidf inner product,Trenchtown Rock,reggae,Interlude 5,r&b/soul,Overdose (Album Version),hip hop,Slam Harder,hip hop
tfidf inner product,Eternal Feedback (Sly),reggae,Interlude 5,r&b/soul,B-Boy Bouillabaisse: A.W.O.L. (2009 Digital Remaster),hip hop,I Love U In Me ( LP Version),r&b/soul
tfidf inner product,Black Progress,reggae,Fight The Power,hip hop,Find A Way,hip hop,No Remorse (Album Version),hip hop
tfidf inner product,Reggae On Broadway,reggae,Touch Me,blues,Naked,r&b/soul,Interlude 5,r&b/soul
tfidf inner product,Rebels Hop,reggae,I Mean (I Don't Mean It),r&b/soul,Interlude 5,r&b/soul,Lollipop,hip hop
tfidf inner product,Stop The Train,reggae,B-Boy Bouillabaisse: A.W.O.L. (2009 Digital Remaster),hip hop,Interlude 5,r&b/soul,Trife Life,hip hop
tfidf inner product,This Train,reggae,City To City,folk,B-Boy Bouillabaisse: A.W.O.L. (2009 Digital Remaster),hip hop,Peace Train,folk
tfidf inner product,Defeat You,reggae,Still On It,hip hop,Sinan Capudan Pascià,folk,By Your Side,hip hop
tfidf inner product,Don't Get Nine,reggae,Interlude 5,r&b/soul,B-Boy Bouillabaisse: A.W.O.L. (2009 Digital Remaster),hip hop,8 Mile,hip hop
tfidf inner product,Feva Las Vegas,reggae,Interlude 5,r&b/soul,Still On It,hip hop,I Love U In Me ( LP Version),r&b/soul
tfidf inner product,Secrets,reggae,Interlude 5,r&b/soul,B-Boy Bouillabaisse: A.W.O.L. (2009 Digital Remaster),hip hop,8 Mile,hip hop
tfidf inner product,Work Work,reggae,Interlude 5,r&b/soul,Ice Is Workin' It,hip hop,B-Boy Bouillabaisse: A.W.O.L. (2009 Digital Remaster),hip hop
tfidf inner product,Good Rats (Live),reggae,B-Boy Bouillabaisse: A.W.O.L. (2009 Digital Remaster),hip hop,Interlude 5,r&b/soul,Snoopafella (Edited),hip hop
tfidf inner product,Sol_ Playa Y Arena,reggae,Dale tiempo al rumor,hip hop,Cantando,hip hop,La ciudad nunca duerme,hip hop
tfidf inner product,I Don't Want To See You Cry,reggae,One Good Time,hip hop,B-Boy Bouillabaisse: A.W.O.L. (2009 Digital Remaster),hip hop,Interlude 5,r&b/soul
tfidf inner product,Come Back Darling,reggae,My Darling,hip hop,Piece Of My Heart,jazz,This Empty Place,r&b/soul
tfidf inner product,Here I Am (Come And Take Me),reggae,Interlude 5,r&b/soul,B-Boy Bouillabaisse: A.W.O.L. (2009 Digital Remaster),hip hop,Hold Me Down (Album Version),r&b/soul
tfidf inner product,Light My Fire,reggae,B-Boy Bouillabaisse: A.W.O.L. (2009 Digital Remaster),hip hop,Set It Off,hip hop,Club Megamix,rock
tfidf inner product,Til Kingdom Come,rock,Interlude 5,r&b/soul,B-Boy Bouillabaisse: A.W.O.L. (2009 Digital Remaster),hip hop,I Know You Got Soul,hip hop
tfidf inner product,Brothers Under The Bridges ('83),rock,B-Boy Bouillabaisse: A.W.O.L. (2009 Digital Remaster),hip hop,Snoopafella (Edited),hip hop,Interlude 5,r&b/soul
tfidf inner product,The Big Payback,rock,B-Boy Bouillabaisse: A.W.O.L. (2009 Digital Remaster),hip hop,Interlude 5,r&b/soul,Overdose (Album Version),hip hop
tfidf inner product,The Ties That Bind,rock,B-Boy Bouillabaisse: A.W.O.L. (2009 Digital Remaster),hip hop,Interlude 5,r&b/soul,Keep Your Shit The Hardest,hip hop
tfidf inner product,Sam's Town,rock,B-Boy Bouillabaisse: A.W.O.L. (2009 Digital Remaster),hip hop,Interlude 5,r&b/soul,My Darling,hip hop
tfidf inner product,Pink Ego Box,rock,B-Boy Bouillabaisse: A.W.O.L. (2009 Digital Remaster),hip hop,That's How I Beat Shaq,pop,Interlude 5,r&b/soul
tfidf inner product,Secrets,rock,B-Boy Bouillabaisse: A.W.O.L. (2009 Digital Remaster),hip hop,Interlude 5,r&b/soul,8 Mile,hip hop
tfidf inner product,Come Back,rock,B-Boy Bouillabaisse: A.W.O.L. (2009 Digital Remaster),hip hop,Interlude 5,r&b/soul,My Darling,hip hop
tfidf inner product,Time Is On My Side,rock,Interlude 5,r&b/soul,Close My Eyes,reggae,B-Boy Bouillabaisse: A.W.O.L. (2009 Digital Remaster),hip hop
tfidf inner product,Fight (1994 Digital Remaster),rock,Fight The Power,hip hop,B-Boy Bouillabaisse: A.W.O.L. (2009 Digital Remaster),hip hop,8 Mile,hip hop
tfidf inner product,This Ain't A Love Song,rock,Interlude 5,r&b/soul,One Good Time,hip hop,B-Boy Bouillabaisse: A.W.O.L. (2009 Digital Remaster),hip hop
tfidf inner product,Superman Tonight,rock,B-Boy Bouillabaisse: A.W.O.L. (2009 Digital Remaster),hip hop,Interlude 5,r&b/soul,8 Mile,hip hop
tfidf inner product,Bad Obsession,rock,Interlude 5,r&b/soul,Overdose (Album Version),hip hop,B-Boy Bouillabaisse: A.W.O.L. (2009 Digital Remaster),hip hop
tfidf inner product,Anything That's Part Of You,rock,Interlude 5,r&b/soul,Work Work,reggae,Hair,hip hop
tfidf inner product,So I Thought,rock,Interlude 5,r&b/soul,B-Boy Bouillabaisse: A.W.O.L. (2009 Digital Remaster),hip hop,The Truth,hip hop
tfidf inner product,You're All I've Got Tonight,rock,I Didn't Know That You Cared,electronic,Let's All Get Drunk,hip hop,Out of Character,blues
tfidf inner product,Signal Fire,rock,Diamonds From Sierra Leone,hip hop,Interlude 5,r&b/soul,Trife Life,hip hop
tfidf inner product,The Lightning Strike,rock,Interlude 5,r&b/soul,8 Mile,hip hop,The Hourglass,metal
tfidf inner product,Dumb,rock,Happy Boys & Girls,pop,All About U,hip hop,H.A.P.P.Y. Radio,r&b/soul
tfidf inner product,Something In The Way,rock,Thinking About You,pop,It Ain't About You,hip hop,The Easy Spell,hip hop
tfidf inner product,Oh! Gravity.,rock,B-Boy Bouillabaisse: A.W.O.L. (2009 Digital Remaster),hip hop,Interlude 5,r&b/soul,Carry On,hip hop
tfidf inner product,Hotel Yorba,rock,Interlude 5,r&b/soul,B-Boy Bouillabaisse: A.W.O.L. (2009 Digital Remaster),hip hop,Do The Bartman,hip hop
tfidf inner product,Prickly Thorn_ But Sweetly Worn (Live),rock,I Love U In Me ( LP Version),r&b/soul,Closer To You,electronic,Interlude 5,r&b/soul
tfidf inner product,St. Andrew (This Battle Is In The Air),rock,I Love U In Me ( LP Version),r&b/soul,When I Needed an Angel,blues,Wandering Child,classical
tfidf inner product,I Was Meant For the Stage,rock,My Darling,hip hop,Trife Life,hip hop,You Left Me,electronic
tfidf inner product,Alpha Beta Parking Lot,rock,Breathing,hip hop,It Ain't About You,hip hop,Expansion Team Theme,hip hop
tfidf inner product,An Ode To No One,rock,My Darling,hip hop,B-Boy Bouillabaisse: A.W.O.L. (2009 Digital Remaster),hip hop,Interlude 5,r&b/soul
tfidf inner product,Over My Head (Cable Car),rock,B-Boy Bouillabaisse: A.W.O.L. (2009 Digital Remaster),hip hop,Interlude 5,r&b/soul,Sex,hip hop
tfidf inner product,No I In Threesome,rock,Interlude 5,r&b/soul,Just Right,r&b/soul,B-Boy Bouillabaisse: A.W.O.L. (2009 Digital Remaster),hip hop
tfidf inner product,Pace Is The Trick,rock,She Luv It,hip hop,Mamacita,reggae,B-Boy Bouillabaisse: A.W.O.L. (2009 Digital Remaster),hip hop
tfidf inner product,Embryo,rock,Cancel (Album Version),r&b/soul,Releasing Hypnotical Gases,hip hop,8 Mile,hip hop
tfidf inner product,Borderline,rock,The Easy Spell,hip hop,It Ain't About You,hip hop,B-Boy Bouillabaisse: A.W.O.L. (2009 Digital Remaster),hip hop
tfidf inner product,March Of The Pigs,rock,She Ain't Afraid,hip hop,Interlude 5,r&b/soul,like you to me,punk
tfidf inner product,Burn,rock,Interlude 5,r&b/soul,8 Mile,hip hop,Curse,electronic
tfidf inner product,Something I Can Never Have,rock,Interlude 5,r&b/soul,8 Mile,hip hop,B-Boy Bouillabaisse: A.W.O.L. (2009 Digital Remaster),hip hop
tfidf inner product,It's Your World Now,rock,B-Boy Bouillabaisse: A.W.O.L. (2009 Digital Remaster),hip hop,Interlude 5,r&b/soul,Club Megamix,rock
tfidf inner product,Something There Is About You,rock,B-Boy Bouillabaisse: A.W.O.L. (2009 Digital Remaster),hip hop,Interlude 5,r&b/soul,The Hourglass,metal
tfidf inner product,From Underneath,rock,Interlude 5,r&b/soul,B-Boy Bouillabaisse: A.W.O.L. (2009 Digital Remaster),hip hop,8 Mile,hip hop
tfidf inner product,Turn It On,rock,Interlude 5,r&b/soul,Tell You Something (Nana's Reprise),r&b/soul,B-Boy Bouillabaisse: A.W.O.L. (2009 Digital Remaster),hip hop
tfidf inner product,Something On My Mind,rock,B-Boy Bouillabaisse: A.W.O.L. (2009 Digital Remaster),hip hop,Interlude 5,r&b/soul,8 Mile,hip hop
tfidf centered inner product,All The Things You Are,blues,Happy Boys & Girls,pop,Being With You,pop,The Way You Make Me Feel,jazz
tfidf centered inner product,Vultures,blues,Fire and Heights,reggae,Mainstream,hip hop,Never Gonna Give You Up,r&b/soul
tfidf centered inner product,Out Of My Mind,blues,If I Had,hip hop,Interlude 5,r&b/soul,Say Now,hip hop
tfidf centered inner product,Hump Bounce,blues,Ear Drums Pop,hip hop,Let's All Get Drunk,hip hop,1st Booty On Duty,hip hop
tfidf centered inner product,Intro - The Sermon,blues,Man In The Mirror,pop,Interlude 5,r&b/soul,Honest Expression,hip hop
tfidf centered inner product,Call On Me,blues,Just Right,r&b/soul,I'm Gon' Change,r&b/soul,Oh Baby I,r&b/soul
tfidf centered inner product,Oceans and Streams,blues,Man In The Mirror,pop,Dreams,r&b/soul,Living For Today,punk
tfidf centered inner product,10 A.M. Automatic,blues,Hey Ya!,hip hop,Interlude 5,r&b/soul,Alright,r&b/soul
tfidf centered inner product,Aeroplane Blues,blues,Land Of The Free,metal,13 Months Of Sunshine,reggae,Otha Fish,hip hop
tfidf centered inner product,All Hands Against His Own,blues,She Got Kids,r&b/soul,Brotha,r&b/soul,Gehenna,metal
tfidf centered inner product,Black Door,blues,Jeep Ass Niguh,hip hop,Man In The Mirror,pop,Take Me To The Backseat (Album Version),rock
tfidf centered inner product,Busted,blues,Caught Up,r&b/soul,Slam,hip hop,Slam Harder,hip hop
tfidf centered inner product,Give Your Heart Away,blues,Man In The Mirror,pop,5 Miles To Empty,r&b/soul,Share My World,r&b/soul
tfidf centered inner product,Grown So Ugly,blues,Snoopafella (Edited),hip hop,Louise,blues,Interlude 5,r&b/soul
tfidf centered inner product,Hard Row,blues,Man In The Mirror,pop,Mr. Outsider,hip hop,Enjoy Yourself,r&b/soul
tfidf centered inner product,I Got Mine,blues,You Left Me,electronic,Nobody,jazz,Rock Wit U (Awww Baby),r&b/soul
tfidf centered inner product,If You See Me,blues,Man In The Mirror,pop,Treat Me Like A Lady,pop,Fool For Love,hip hop
tfidf centered inner product,Lies,blues,Hey Ya!,hip hop,Blinded By Love,blues,Kiss Of Death,metal
tfidf centered inner product,Next Girl,blues,She Ain't Afraid,hip hop,Guajira (I Love U 2 Much),latin,What's On Your Mind,hip hop
tfidf centered inner product,No Fun,blues,No Fun (Remasterd LP Version),punk,Girls Just Want To Have Fun,pop,Time Out For Fun,punk
tfidf centered inner product,Stack Shot Billy,blues,Shot Of Love,blues,I Shot The Devil,punk,Down By The River [Live At Massey Hall 1971],folk
tfidf centered inner product,Ten Cent Pistol,blues,She Ain't Afraid,hip hop,B-Boy Bouillabaisse: A.W.O.L. (2009 Digital Remaster),hip hop,Queen Of Hollywood ( LP Version ),pop
tfidf centered inner product,The Flame,blues,Kissing The Flames,country,Flames of Love,blues,All The Woman (Recorded Live In London '99),pop
tfidf centered inner product,These Days,blues,Last to Know,jazz,Interlude 5,r&b/soul,Man In The Mirror,pop
tfidf centered inner product,When The Lights Go Out,blues,I Mean (I Don't Mean It),r&b/soul,Your Eyes,r&b/soul,Alright,r&b/soul
tfidf centered inner product,Have Love Will Travel,blues,Slam Harder,hip hop,Slam,hip hop,Plumskinzz (Loose Hoe_ God & Cupid),hip hop
tfidf centered inner product,C.C. Rider,blues,All Along The Water,pop,Forever Young,reggae,Blinded By Love,blues
tfidf centered inner product,I Got a Woman,blues,Only Fool In Town (2002 Digital Remaster),blues,Ain't No Woman (Like The One I've Got),r&b/soul,Luv Me Up,reggae
tfidf centered inner product,The Sun's Gonna Shine Again,blues,Black Dog,country,I BELIEVE,electronic,Davey Jones Locker,reggae
tfidf centered inner product,Losing Hand,blues,Caught Up,r&b/soul,I Don't Wanna Lose Your Love,r&b/soul,Higher,r&b/soul
tfidf centered inner product,Nobody But Me (Album Version),blues,Nasty Grind,r&b/soul,Come On Around To My House Mama,blues,Joy,r&b/soul
tfidf centered inner product,A Sunday Kind of Love,blues,Sprung,r&b/soul,Find A Way,hip hop,I'm Ready,rock
tfidf centered inner product,I Just Want To Make Love To You,blues,Blue (I'm Still Here With You),jazz,I Just Want To Make Love To You,blues,Give Me What I Want (LP Version),r&b/soul
tfidf centered inner product,My Dearest Darling,blues,My Darling,hip hop,Hold You,reggae,Too Beautiful,folk
tfidf centered inner product,W.O.M.A.N.,blues,Take My Money,reggae,Man! I Feel Like A Woman!,country,I'm A Woman,blues
tfidf centered inner product,Alberta,blues,Try Our Love Again,r&b/soul,Ain't Had No Lovin',country,Been So Long,r&b/soul
tfidf centered inner product,Before You Accuse Me (Take A Look At Yourself),blues,Before You Accuse Me,blues,Dirty Money,hip hop,Splurge,hip hop
tfidf centered inner product,Early In The Morning,blues,Lay Lady Lay,r&b/soul,Roni,r&b/soul,Morning After,r&b/soul
tfidf centered inner product,Floating Bridge,blues,That's How I Beat Shaq,pop,If I Had My Way I'd Tear This Building Down,blues,Your Song,r&b/soul
tfidf centered inner product,Kind Hearted Woman Blues (Album Version),blues,Kindhearted Woman Blues,blues,Just Right,r&b/soul,Rock Wit U (Awww Baby),r&b/soul
tfidf centered inner product,That's All (Album Version),classical,Straight From The Heart,pop,Till The End Of The World,r&b/soul,Take Me,pop
tfidf centered inner product,America (Revised Live Version),classical,America,folk,B-Boy Bouillabaisse: A.W.O.L. (2009 Digital Remaster),hip hop,Death Of A Ladies' Man,folk
tfidf centered inner product,Broken Vow (Album Version),classical,Broken Vow,classical,Last to Know,jazz,The Hourglass,metal
tfidf centered inner product,Gira Con Me Questa Notte (Album Version),classical,Istruzioni Per L'(Ill)uso,hip hop,Sinan Capudan Pascià,folk,Quelli Che,hip hop
tfidf centered inner product,Hymne A L'Amour (Album Version),classical,Yakamonéyé,reggae,Panam All Star,hip hop,Sans Rémission,hip hop
tfidf centered inner product,It Came Upon A Midnight Clear (Album Version),classical,Angel,hip hop,Chorus Of Angels,metal,My Sweet Jane,folk
tfidf centered inner product,Let Me Fall (From Cirque du Soleil) (Album Version),classical,Dream Catch Me,folk,Catch Me,electronic,Let The Chips Fall,country
tfidf centered inner product,Mi Mancherai (Il Postino) (Revised Live Version),classical,Quelli Che,hip hop,Sinan Capudan Pascià,folk,Limiti,hip hop
tfidf centered inner product,My Confession (Album Version),classical,Blessed,country,Man In The Mirror,pop,Beautiful Day,metal
tfidf centered inner product,Oceano (Revised Live Version),classical,Quelli Che,hip hop,Limiti,hip hop,Gli Insetti Del Podere,hip hop
tfidf centered inner product,Remember When It Rained (Album Version),classical,Man In The Mirror,pop,Blues For Suckers,blues,The Red Plains,folk
tfidf centered inner product,Remember When It Rained (Revised Live Version),classical,Man In The Mirror,pop,Blues For Suckers,blues,The Red Plains,folk
tfidf centered inner product,Smile,classical,Don't Need The Sun To Shine (To Make Me Smile),r&b/soul,My Love Remains,blues,Corner Of The Earth,r&b/soul
tfidf centered inner product,Solo Por Ti (Album Version),classical,Dale tiempo al rumor,hip hop,Que Voy A hacer Sin Tí,latin,Gitana,latin
tfidf centered inner product,Un Giorno Per Noi (Album Version),classical,L'uomo vivo (inno al gioia),folk,Niente Per Scontato,electronic,In Fila Per Tre,folk
tfidf centered inner product,Vincent (Starry_ Starry Night) (Album Version),classical,Interlude 5,r&b/soul,Expansion Team Theme,hip hop,I'll Never Set You Free,pop
tfidf centered inner product,When You Say You Love Me (Album Version),classical,I'm Going On A Long Journey Never To Return,blues,Heaven Is A Place On Earth,pop,Move On,pop
tfidf centered inner product,You Raise Me Up (Album Version),classical,You Raise Me Up,classical,Nobody,jazz,Bleed By Yourself,metal
tfidf centered inner product,Believe (Album Version),classical,I Believe,country,Ants Of The Sky,metal,Believe,punk
tfidf centered inner product,Away In A Manger,classical,Away In A Manger,jazz,Little Lord Obedience,electronic,Raio No Terrasu (Jesus Wept),electronic
tfidf centered inner product,Cinema Paradiso (Se) (Album Version),classical,Istruzioni Per L'(Ill)uso,hip hop,Quelli Che,hip hop,Gli Insetti Del Podere,hip hop
tfidf centered inner product,All Around Me,classical,My Heart Belongs To You,classical,Will I Get Out Of Jail,electronic,Days Like These,reggae
tfidf centered inner product,Black Opera,classical,1st Booty On Duty,hip hop,Ho's A Housewife,hip hop,Overdose (Album Version),hip hop
tfidf centered inner product,Baal's Hymn,classical,Mortal City,folk,The Hourglass,metal,The Illest Brother,hip hop
tfidf centered inner product,Adagio,classical,Quelli Che,hip hop,Istruzioni Per L'(Ill)uso,hip hop,Gli Insetti Del Podere,hip hop
tfidf centered inner product,Adeste Fideles,classical,O Holy Night,classical,Aguas De Marco,latin,Aguas de Marco,latin
tfidf centered inner product,All By Myself (Solo Otra Vez),classical,Amor Mio No Te Vayas,latin,Mienteme Otra Véz,latin,Sin Conocerte,pop
tfidf centered inner product,Amazing Grace,classical,Amazing Grace,classical,Curse,electronic,How The Day Sounds,folk
tfidf centered inner product,Angelina,classical,Cantando,hip hop,Dale tiempo al rumor,hip hop,Todos Quieren A Raymond,reggae
tfidf centered inner product,Ave Maria,classical,Istruzioni Per L'(Ill)uso,hip hop,Quelli Che,hip hop,Sinan Capudan Pascià,folk
tfidf centered inner product,Caruso,classical,Istruzioni Per L'(Ill)uso,hip hop,Sinan Capudan Pascià,folk,Gli Insetti Del Podere,hip hop
tfidf centered inner product,Come Primavera,classical,Istruzioni Per L'(Ill)uso,hip hop,Quelli Che,hip hop,Limiti,hip hop
tfidf centered inner product,Dentro Un Altro Si,classical,Gli Insetti Del Podere,hip hop,Quelli Che,hip hop,Limiti,hip hop
tfidf centered inner product,En Aranjuez Con Tu Amor,classical,Cantando,hip hop,Dale tiempo al rumor,hip hop,La ciudad nunca duerme,hip hop
tfidf centered inner product,Enamorado,classical,Dale tiempo al rumor,hip hop,Alejate De Mi,latin,Como Y Vete,reggae
tfidf centered inner product,Esisti Dentro Me,classical,Istruzioni Per L'(Ill)uso,hip hop,Quelli Che,hip hop,Salutandotiaffogo,pop
tfidf centered inner product,Everytime I Look At You,classical,Lost In This Moment,country,My Big Mistake,pop,I'm Going On A Long Journey Never To Return,blues
tfidf centered inner product,Feelings,classical,Gli Insetti Del Podere,hip hop,L'uomo vivo (inno al gioia),folk,Limiti,hip hop
tfidf centered inner product,Hallelujah (Aleluya),classical,Cantando,hip hop,Dale tiempo al rumor,hip hop,No Paseis Por Alto A Los Genios,hip hop
tfidf centered inner product,Hasta Mi Final,classical,Dale tiempo al rumor,hip hop,Cantando,hip hop,Mañana que más da,latin
tfidf centered inner product,Crazier,country,Close My Eyes,reggae,The Way You Make Me Feel,jazz,Paprika Plains  (Remix),folk
tfidf centered inner product,Fifteen,country,Interlude 5,r&b/soul,The Illest Brother,hip hop,Man In The Mirror,pop
tfidf centered inner product,Change,country,Interlude 5,r&b/soul,Indy 500,hip hop,Days Like These,reggae
tfidf centered inner product,You Can't Read My Mind,country,B-Boy Bouillabaisse: A.W.O.L. (2009 Digital Remaster),hip hop,Help Me Find A Way To Your Heart,r&b/soul,Not Your Baby,pop
tfidf centered inner product,Man In White,country,The Hourglass,metal,Snoopafella (Edited),hip hop,Mortal City,folk
tfidf centered inner product,Holes,country,Interlude 5,r&b/soul,One Love,pop,The Truth,hip hop
tfidf centered inner product,Baby Girl,country,Never Gonna Give You Up,r&b/soul,Closer To You,electronic,Be My Girl,r&b/soul
tfidf centered inner product,Growin' Up Down There,country,Summer Time,hip hop,The Hourglass,metal,"Pacifics (Sdtrk ""N.Y. Is Red Hot"")",hip hop
tfidf centered inner product,Hangin' Around,country,Day And Night,pop,Don't Fall Apart On Me Tonight,country,Weak Become Heroes,hip hop
tfidf centered inner product,Here I Am,country,Twizala,r&b/soul,Lookin' Through The Windows,r&b/soul,Beg For Mercy,hip hop
tfidf centered inner product,She's Got A Way With Me,country,Never Gonna Give You Up,r&b/soul,Queen Of Hollywood ( LP Version ),pop,She Ain't Afraid,hip hop
tfidf centered inner product,That's How Country Boys Roll,country,Indian Dance,r&b/soul,Roll On (Eighteen Wheeler),country,Convoy,country
tfidf centered inner product,Where The Girls Are,country,Girls Just Want To Have Fun,pop,AJ Scratch,hip hop,B-Boy Bouillabaisse: A.W.O.L. (2009 Digital Remaster),hip hop
tfidf centered inner product,Daddy Sang Bass,country,Daddy's Moonshine Still,country,Daddy Frank,country,Sing Me A Song (Non Album Track),rock
tfidf centered inner product,I Don't Know Where I'm Bound,country,Dos Factotum,jazz,Club Megamix,rock,One Nation (Album Version),metal
tfidf centered inner product,I Was There When It Happened,country,Oh Jerusalem,r&b/soul,Villains (Full-Length),metal,Safe + Sound,hip hop
tfidf centered inner product,The Big Battle,country,The Illest Brother,hip hop,Killin' Spree,hip hop,Temple,hip hop
tfidf centered inner product,A Thing Called Love,country,Man In The Mirror,pop,The Hourglass,metal,Soon You'll Understand,hip hop
tfidf centered inner product,You Dreamer You,country,Asking Around For You,blues,It Came Upon A Midnight Clear (Album Version),classical,Angel,hip hop
tfidf centered inner product,I Walk The Line,country,Keep Your Shit The Hardest,hip hop,Until You're Mine,pop,Expansion Team Theme,hip hop
tfidf centered inner product,Life's Railway To Heaven,country,Angel,hip hop,Different Places,reggae,She's A Star,hip hop
tfidf centered inner product,If I Had Wings,country,fly,electronic,The Traveling Song,pop,Resolution,jazz
tfidf centered inner product,Pray About Everything,country,Crazy 'Bout You Baby,country,Don't Worry (ReMastered),r&b/soul,Fantastic,hip hop
tfidf centered inner product,Your Everything,country,Move (If You Wanna),hip hop,The Hourglass,metal,Man In The Mirror,pop
tfidf centered inner product,A Little Too Late,country,Too Late,blues,Undun,jazz,Piece Of My Heart,jazz
tfidf centered inner product,Who's Your Daddy?,country,Piece Of My Heart,jazz,Chest Pain,hip hop,(You Can't Let The Boy Overpower) The Man In You,r&b/soul
tfidf centered inner product,A Woman's Touch,country,Touch Me,blues,Interlude 5,r&b/soul,Contagious,r&b/soul
tfidf centered inner product,Big Ol' Truck,country,She Ain't Afraid,hip hop,B-Boy Bouillabaisse: A.W.O.L. (2009 Digital Remaster),hip hop,She's Gonna Break Soon (Radio Edit) (w/o Horns),reggae
tfidf centered inner product,Blue Bedroom,country,My Phone,jazz,Where Do I Go From You,pop,Blue Shoes,jazz
tfidf centered inner product,It's All Good,country,Alright,r&b/soul,It's Alright,jazz,She's A Star,hip hop
tfidf centered inner product,Sweet,country,Live Foul,hip hop,Black Opera,classical,Overdose (Album Version),hip hop
tfidf centered inner product,You Shouldn't Kiss Me Like This,country,Not Leaving Without You (Album Version),pop,Kickin' It With Your Girlfriend,r&b/soul,One Kiss From Heaven,r&b/soul
tfidf centered inner product,A Real Fine Place To Start,country,Man In The Mirror,pop,Hold Me Down (Album Version),r&b/soul,Waiting For The Day,r&b/soul
tfidf centered inner product,Endless love,country,I Still Love You,r&b/soul,My Heart Belongs To You,classical,Share My World,r&b/soul
tfidf centered inner product,Love Gets In The Way (Album Version),country,Roni,r&b/soul,Passin' Me By,hip hop,Me Or The Papes,hip hop
tfidf centered inner product,I'd Like To Have That One Back,country,Fool For Love,hip hop,Slow Motion,r&b/soul,Snoopafella (Edited),hip hop
tfidf centered inner product,Marina Del Rey,country,Joy Ride,r&b/soul,She's In Love,country,The Curious Kind,electronic
tfidf centered inner product,Milk Cow Blues,country,The Way You Treated Me (You're Gonna Be Sorry),blues,Louise,blues,Good Morning,blues
tfidf centered inner product,Another Try,country,Diamonds From Sierra Leone,hip hop,I Like It (Remix),hip hop,Dear Lover,r&b/soul
tfidf centered inner product,As Fast As I Could,country,Square One (Album Version),rock,Never Love You,r&b/soul,Woke Up Laughing,folk
tfidf centered inner product,One More Time / Aerodynamic,electronic,It's Alright,jazz,Not Leaving Without You (Album Version),pop,D.A.N.C.E [Jackson Remix],electronic
tfidf centered inner product,One More Time (Romanthony's Unplugged),electronic,Rock Wit U (Awww Baby),r&b/soul,Splurge,hip hop,The Hurt,pop
tfidf centered inner product,Touch It / Technologic,electronic,She Be The One,latin,Around The Way [Explicit Album Version],hip hop,Hoodrats,hip hop
tfidf centered inner product,Boots &  Boys,electronic,Joy Ride,r&b/soul,Joy,r&b/soul,Manhattan,jazz
tfidf centered inner product,Animal,electronic,Sleep Tight,jazz,The Monitor,rock,Back When,pop
tfidf centered inner product,Hot N Cold (Innerpartysystem Main),electronic,Interlude 5,r&b/soul,Warm Bed,r&b/soul,B-Boy Bouillabaisse: A.W.O.L. (2009 Digital Remaster),hip hop
tfidf centered inner product,Captains and Cruise Ships,electronic,Weak Become Heroes,hip hop,Dear Suzie,hip hop,Spaceman,metal
tfidf centered inner product,Designer Skyline,electronic,8 Mile,hip hop,Mortal City,folk,Expansion Team Theme,hip hop
tfidf centered inner product,Early Birdie,electronic,Interlude 5,r&b/soul,Hair,hip hop,Chorus Of Angels,metal
tfidf centered inner product,Meteor Shower,electronic,Memorial Day,hip hop,Down On My Knees,r&b/soul,Ain't No Stopping Us Now,r&b/soul
tfidf centered inner product,This Is The Future,electronic,Black Smif-n-Wessun (LP Version),hip hop,Interlude 5,r&b/soul,Turn It On,rock
tfidf centered inner product,Kings and Queens (Innerpartysystem Remix Main),electronic,Resolution,jazz,Sticky,reggae,I Love U In Me ( LP Version),r&b/soul
tfidf centered inner product,Bounce,electronic,Strictly 4 My N.I.G.G.A.Z.,hip hop,Keep Your Shit The Hardest,hip hop,Still On It,hip hop
tfidf centered inner product,Vanished,electronic,Mortal City,folk,An Open Letter To NYC,hip hop,Holding On,metal
tfidf centered inner product,Xxzxcuzx,electronic,Dirty Money,hip hop,Face Down,hip hop,Interlude 5,r&b/soul
tfidf centered inner product,Die Another Day [Live],electronic,Life of Tha Party,hip hop,Can't Tell Me Nothing,hip hop,Plumskinzz (Loose Hoe_ God & Cupid),hip hop
tfidf centered inner product,Perfect (Nellee Hooper Instrumental),electronic,The Lover In Me,pop,Survive,punk,Lovers In Captivity,rock
tfidf centered inner product,Love At First Sight (The Scumfrog's Beauty And The Beast Vocal Edit),electronic,Kickin' It With Your Girlfriend,r&b/soul,Kiss,jazz,I Believe,country
tfidf centered inner product,I Am Not A Whore,electronic,8 Mile,hip hop,Hoodrats,hip hop,Mr. Cool (Featuring Mario Winans) (Album Version),r&b/soul
tfidf centered inner product,Fever,electronic,Man In The Mirror,pop,Make Me Lose Control,pop,Better Than Making Love,r&b/soul
tfidf centered inner product,Freestate,electronic,Let Yourself Go,jazz,Get This Party Started: Ghost Remix,reggae,Enjoy Yourself,r&b/soul
tfidf centered inner product,Personal Jesus,electronic,Personal Jesus,metal,Reach Out And Touch (Live @ Fillmore West),jazz,Talk To My Heart (Recorded Live In London '99),jazz
tfidf centered inner product,Broken,electronic,Spitfall,metal,I'm a Broken Heart,rock,Forgiveness,r&b/soul
tfidf centered inner product,Kids With Guns (Quiet Village Remix),electronic,Push Me Away,r&b/soul,Keep It Real,hip hop,The Illest Brother,hip hop
tfidf centered inner product,Rhinestone Eyes,electronic,Dandelion Hill,jazz,Soul Power,hip hop,Beautiful Struggle,hip hop
tfidf centered inner product,Invaders Must Die,electronic,The Earth Dies Screaming,reggae,Nipple To The Bottle,r&b/soul,I'll Die,r&b/soul
tfidf centered inner product,Wake Up Call (Album Version),electronic,Right Here Right Now,electronic,Chorus Of Angels,metal,Therapy,electronic
tfidf centered inner product,We Gonna Rock,electronic,Stop The Rock,electronic,Baby We've Got A Date (Rock It Baby),reggae,The Answer,hip hop
tfidf centered inner product,The Great Collapse,electronic,Take My Money,reggae,That Kind Of Woman,blues,Ain't That Just Like A Woman,blues
tfidf centered inner product,Electric Barbarella (Radio Edit),electronic,Time To Make You Mine,pop,Kiss,jazz,A Real Fine Place To Start,country
tfidf centered inner product,Pluto,electronic,Tomorrow's Just Another Day,reggae,Undead,hip hop,This Is The New Shit,metal
tfidf centered inner product,Delta Bay,electronic,B-Boy Bouillabaisse: A.W.O.L. (2009 Digital Remaster),hip hop,Who Shot Sam,country,Shot In The Dark,reggae
tfidf centered inner product,We Are The People (Shazam Remix),electronic,Believe,punk,One of Us,hip hop,One Tribe,hip hop
tfidf centered inner product,You Left Me,electronic,Can't Get You Off My Mind,r&b/soul,Touch Me,blues,Kozmic Blues,blues
tfidf centered inner product,The Warning,electronic,"Pacifics (Sdtrk ""N.Y. Is Red Hot"")",hip hop,Show Me The Money,hip hop,Mainstream,hip hop
tfidf centered inner product,Keep It On Ice,electronic,She Ain't Afraid,hip hop,8 Mile,hip hop,Undead,hip hop
tfidf centered inner product,The Jester,electronic,Get Your Hands Up,hip hop,Overdose (Album Version),hip hop,Everything For Free,rock
tfidf centered inner product,Lazy Days,electronic,One Happy Day,electronic,Jordan River,reggae,Dandelion Hill,jazz
tfidf centered inner product,Someone Said Goodbye,electronic,Never Did Say Goodbye,reggae,Words Get In The Way,pop,Walking The Backstreets And Crying,blues
tfidf centered inner product,The Magic Of The Night,electronic,Angel Without A Prayer,country,Angels on Earth,blues,Angel,hip hop
tfidf centered inner product,Gave It A Name,folk,One of Us,hip hop,Travelin' Soldier,country,El Lute,pop
tfidf centered inner product,The Vanishing Race,folk,Roll On (Eighteen Wheeler),country,B-Boy Bouillabaisse: A.W.O.L. (2009 Digital Remaster),hip hop,Peace Train,folk
tfidf centered inner product,All We Ever Do Is Say Goodbye,folk,Don't Say Goodbye,r&b/soul,Never Did Say Goodbye,reggae,Goodbye,punk
tfidf centered inner product,Clarity,folk,Don't Take Away The Music,r&b/soul,Tell You Something (Nana's Reprise),r&b/soul,Rubylove,folk
tfidf centered inner product,Why Georgia,folk,Curse,electronic,8 Mile,hip hop,Hair,hip hop
tfidf centered inner product,Mudfootball (For Moe Lerner),folk,Interlude 5,r&b/soul,She's Everything,punk,Kill The President,punk
tfidf centered inner product,Sister Winter,folk,Stone Cold Heart,r&b/soul,Your Eyes,r&b/soul,Don't Worry_ Be Happy,reggae
tfidf centered inner product,In A Graveyard,folk,Weak Become Heroes,hip hop,I'm Going On A Long Journey Never To Return,blues,Cat's In The Cradle,folk
tfidf centered inner product,Baby,folk,Slow Motion,r&b/soul,Roni,r&b/soul,Fall On My Knees,folk
tfidf centered inner product,Janglin,folk,Daddy's Moonshine Still,country,Likkle Africa,reggae,Carry On,hip hop
tfidf centered inner product,Ballad In Plain D,folk,Queen Of Hollywood ( LP Version ),pop,Passin' Me By,hip hop,Day Of The Eagle,blues
tfidf centered inner product,One Of Us Must Know (Sooner Or Later),folk,Interlude 5,r&b/soul,Kickin' It With Your Girlfriend,r&b/soul,That's How I Beat Shaq,pop
tfidf centered inner product,It's Growing,folk,Interlude 5,r&b/soul,Coal Black Horses,country,Stop Playin',r&b/soul
tfidf centered inner product,Oh_ Susannah (LP Version),folk,Love Henry,country,Down On My Knees,r&b/soul,Overdose (Album Version),hip hop
tfidf centered inner product,Something In The Way She Moves,folk,Interlude 5,r&b/soul,B-Boy Bouillabaisse: A.W.O.L. (2009 Digital Remaster),hip hop,What's On Your Mind,hip hop
tfidf centered inner product,Draw The Line,folk,Strike It Up,electronic,The Irony Of It All (Album Version),electronic,We're Going To Live For A Very Long Time (2006 Digital Remaster),electronic
tfidf centered inner product,Sail Away,folk,Kozmic Blues,blues,Piece Of My Heart,jazz,Never Go Away,r&b/soul
tfidf centered inner product,Stella The Artist,folk,1st Booty On Duty,hip hop,B-Boy Bouillabaisse: A.W.O.L. (2009 Digital Remaster),hip hop,The Hourglass,metal
tfidf centered inner product,Swing Life Away (Acoustic),folk,1st Booty On Duty,hip hop,Live This Life (Album Version + Non-Music Hidden Track),country,Interlude 5,r&b/soul
tfidf centered inner product,Billy 4,folk,St. Louie,hip hop,B-Boy Bouillabaisse: A.W.O.L. (2009 Digital Remaster),hip hop,Plumskinzz (Loose Hoe_ God & Cupid),hip hop
tfidf centered inner product,Stuck Inside Of Mobile With The Memphis Blues Again,folk,B-Boy Bouillabaisse: A.W.O.L. (2009 Digital Remaster),hip hop,Interlude 5,r&b/soul,Tha Payroll (Stay Strong),r&b/soul
tfidf centered inner product,Pretty Peggy-O,folk,Travelin' Soldier,country,Elvis Presley Blues,country,If I Had My Way I'd Tear This Building Down,blues
tfidf centered inner product,She Belongs To Me,folk,She's Everything,punk,Luv Me Up,reggae,She Ain't Afraid,hip hop
tfidf centered inner product,When The Deal Goes Down,folk,Strings,r&b/soul,8 Mile,hip hop,Red Flag,punk
tfidf centered inner product,With God On Our Side,folk,Into Battle,metal,The Hourglass,metal,Jesus Is Coming Soon,blues
tfidf centered inner product,Terrapin,folk,Safe + Sound,hip hop,We Are In Love,jazz,Stuck Inside Of Mobile With The Memphis Blues Again,folk
tfidf centered inner product,On The 4th of July,folk,8 Mile,hip hop,Resurrection,metal,Standing,electronic
tfidf centered inner product,Company Man,folk,Man In The Mirror,pop,B-Boy Bouillabaisse: A.W.O.L. (2009 Digital Remaster),hip hop,The Strawberry Roan,country
tfidf centered inner product,Ace,folk,The Hourglass,metal,Old Hippie,country,B-Boy Bouillabaisse: A.W.O.L. (2009 Digital Remaster),hip hop
tfidf centered inner product,How Do You Keep Love Alive,folk,Southern Hospitality,metal,Ain't No Woman (Like The One I've Got),r&b/soul,Days Like These,reggae
tfidf centered inner product,When The Stars Go Blue,folk,Where Do I Go From You,pop,Blue Shoes,jazz,Laughing At Life,jazz
tfidf centered inner product,Forever My Friend,folk,Interlude 5,r&b/soul,Tell You Something (Nana's Reprise),r&b/soul,Call Me,jazz
tfidf centered inner product,How Come [Acoustic Mix],folk,Interlude 5,r&b/soul,Everybody Everybody,electronic,One of Us,hip hop
tfidf centered inner product,Chelsea Hotel #2,folk,Snoopafella (Edited),hip hop,Interlude 5,r&b/soul,Piece Of My Heart,jazz
tfidf centered inner product,Lethal Enforcer (Live From Union Chapel_ London),folk,Interlude 5,r&b/soul,Take Me,pop,One Word,electronic
tfidf centered inner product,Change,folk,Interlude 5,r&b/soul,Mortal City,folk,So Alone,rock
tfidf centered inner product,Under The Weather,folk,Sick,punk,Under My Skin,r&b/soul,Kill The President,punk
tfidf centered inner product,So Sister,folk,Miss Ann,blues,Miss You,latin,Disconnect,pop
tfidf centered inner product,Lost Tonight,folk,Let's All Get Drunk,hip hop,It's Alright,jazz,Out of Character,blues
tfidf centered inner product,Sunnyside Of The Street,folk,The Dance,hip hop,Work Work,reggae,Dead End Street,jazz
tfidf centered inner product,Can't Tell Me Nothing,hip hop,Interlude 5,r&b/soul,Tell You Something (Nana's Reprise),r&b/soul,Dirty Money,hip hop
tfidf centered inner product,Graduation Day,hip hop,Black Opera,classical,Fool For Love,hip hop,1st Booty On Duty,hip hop
tfidf centered inner product,Wake Up Mr. West,hip hop,Keep Your Shit The Hardest,hip hop,Honest Expression,hip hop,Real Muthaphuckkin' G's,hip hop
tfidf centered inner product,A8,hip hop,Man In The Mirror,pop,Blues For Suckers,blues,Honest Expression,hip hop
tfidf centered inner product,Boom Boom Guetta,hip hop,AJ Scratch,hip hop,Overdose (Album Version),hip hop,The Answer,hip hop
tfidf centered inner product,Communication,hip hop,I'm That Type Of Ni**a,hip hop,The Rockafeller Skank,electronic,Make the Music With Your Mouth_ Biz,hip hop
tfidf centered inner product,One Tribe,hip hop,Interlude 5,r&b/soul,The Illest Brother,hip hop,She's A Star,hip hop
tfidf centered inner product,Sexy,hip hop,Naked,r&b/soul,Overdose (Album Version),hip hop,Honest Expression,hip hop
tfidf centered inner product,Tell Your Momma Come,hip hop,Do The Bartman,hip hop,Back In The Day (Explicit LP Version),hip hop,Pass The Mic (Pt. 2_ Skills To Pay The Bills) (2009 Digital Remaster),hip hop
tfidf centered inner product,The Apl Song,hip hop,Overdose (Album Version),hip hop,Interlude 5,r&b/soul,Party For Your Right To Fight,hip hop
tfidf centered inner product,Diamonds From Sierra Leone,hip hop,Overdose (Album Version),hip hop,Honest Expression,hip hop,Knick Knack Patty Wack,hip hop
tfidf centered inner product,If I Had,hip hop,Overdose (Album Version),hip hop,She Ain't Afraid,hip hop,Honest Expression,hip hop
tfidf centered inner product,Ken Kaniff,hip hop,Soopaman Luva 3,hip hop,She Ain't Afraid,hip hop,Overdose (Album Version),hip hop
tfidf centered inner product,My Darling,hip hop,Overdose (Album Version),hip hop,Interlude 5,r&b/soul,I'm A Winner (Amended Album Version),hip hop
tfidf centered inner product,8 Mile,hip hop,She Ain't Afraid,hip hop,I'm A Winner (Amended Album Version),hip hop,Real Muthaphuckkin' G's,hip hop
tfidf centered inner product,Love Was Here,hip hop,Man In The Mirror,pop,Baby Come Back,blues,Billie Jean,r&b/soul
tfidf centered inner product,Be With You,hip hop,Interlude 5,r&b/soul,Playas Gon' Play,r&b/soul,Revenge,metal
tfidf centered inner product,Locked Up,hip hop,It Ain't About You,hip hop,Make A Move,hip hop,Blues For Suckers,blues
tfidf centered inner product,So Ghetto,hip hop,Strictly 4 My N.I.G.G.A.Z.,hip hop,Slam,hip hop,Slam Harder,hip hop
tfidf centered inner product,Heart Of The City (Ain't No Love),hip hop,Who Run It,hip hop,1st Booty On Duty,hip hop,Keep Your Shit The Hardest,hip hop
tfidf centered inner product,Rabbit Run,hip hop,She Ain't Afraid,hip hop,Overdose (Album Version),hip hop,1st Booty On Duty,hip hop
tfidf centered inner product,Splurge,hip hop,1st Booty On Duty,hip hop,Keep Your Shit The Hardest,hip hop,Around The Way [Explicit Album Version],hip hop
tfidf centered inner product,St. Louie,hip hop,Overdose (Album Version),hip hop,Still On It,hip hop,The Easy Spell,hip hop
tfidf centered inner product,Wrap Sumden,hip hop,1st Booty On Duty,hip hop,Overdose (Album Version),hip hop,Bring Your Whole Crew,hip hop
tfidf centered inner product,Soon You'll Understand,hip hop,Interlude 5,r&b/soul,Trife Life,hip hop,Overdose (Album Version),hip hop
tfidf centered inner product,Encore,hip hop,Overdose (Album Version),hip hop,1st Booty On Duty,hip hop,Slam Harder,hip hop
tfidf centered inner product,Say Now,hip hop,Man In The Mirror,pop,Blues For Suckers,blues,Universal Prayer,pop
tfidf centered inner product,Been There Done That,hip hop,If I Had,hip hop,Who Run It,hip hop,Just Another Day,hip hop
tfidf centered inner product,Magical,hip hop,Interlude 5,r&b/soul,I Love You Babe,r&b/soul,I Still Love You,r&b/soul
tfidf centered inner product,Over,hip hop,I'm Gon' Change,r&b/soul,My Phone,jazz,Switch,hip hop
tfidf centered inner product,Wrap U Around Me,hip hop,I Love U In Me ( LP Version),r&b/soul,Chocolate Factory,r&b/soul,Jack U Off (LP Version),r&b/soul
tfidf centered inner product,Paper Planes,hip hop,Plumskinzz (Loose Hoe_ God & Cupid),hip hop,Dirty Money,hip hop,Who Run It,hip hop
tfidf centered inner product,Set It Off,hip hop,B-Boy Bouillabaisse: A.W.O.L. (2009 Digital Remaster),hip hop,Expansion Team Theme,hip hop,Overdose (Album Version),hip hop
tfidf centered inner product,Ho,hip hop,Mambo Swing,jazz,Up On The House Top,country,Keep Your Shit The Hardest,hip hop
tfidf centered inner product,The What,hip hop,1st Booty On Duty,hip hop,Who Run It,hip hop,Overdose (Album Version),hip hop
tfidf centered inner product,Rowdy Rowdy,hip hop,Keep Your Shit The Hardest,hip hop,Safe + Sound,hip hop,Real Muthaphuckkin' G's,hip hop
tfidf centered inner product,Bang Out,hip hop,1st Booty On Duty,hip hop,Overdose (Album Version),hip hop,No Remorse (Album Version),hip hop
tfidf centered inner product,Snoopafella (Edited),hip hop,B-Boy Bouillabaisse: A.W.O.L. (2009 Digital Remaster),hip hop,Soopaman Luva 3,hip hop,Mortal City,folk
tfidf centered inner product,Hair,hip hop,Interlude 5,r&b/soul,8 Mile,hip hop,Slow Motion,r&b/soul
tfidf centered inner product,Happymess,hip hop,Interlude 5,r&b/soul,Dirty Money,hip hop,The Right to Write Me Off,punk
tfidf centered inner product,Put Your Head On My Shoulder (Album Version),jazz,I Can Make It Better,r&b/soul,Indy 500,hip hop,Lollipop,hip hop
tfidf centered inner product,Stuck In The Middle With You (Non-Album Track),jazz,Stuck In The Middle,blues,Feva Las Vegas,reggae,When I Die,reggae
tfidf centered inner product,You'll Never Find Another Love Like Mine (Album Version),jazz,Love Is Strange,folk,Kozmic Blues,blues,Some Of Your Lovin',pop
tfidf centered inner product,Kiss me baby,jazz,Sit Right Here,blues,How Long Can A Man Be Strong,blues,I'll Make Love To You,r&b/soul
tfidf centered inner product,Let's Go,jazz,Beat Again,pop,Ain't No Stopping Us Now,r&b/soul,Run The Show,r&b/soul
tfidf centered inner product,Moon Over Miami,jazz,How High The Moon,jazz,Weak Become Heroes,hip hop,Russian Lullaby,jazz
tfidf centered inner product,Hit That Jive Jack,jazz,Shake 'Em On Down,blues,Indian Dance,r&b/soul,Do The Bartman,hip hop
tfidf centered inner product,The Christmas Song,jazz,The Christmas Song,country,Interlude 5,r&b/soul,Close My Eyes,reggae
tfidf centered inner product,Too Young,jazz,It's You,pop,Nothing Lasts Forever,pop,Beg For Mercy,hip hop
tfidf centered inner product,Unforgettable,jazz,The Traveling Song,pop,It's Not Easy,pop,You Give Good Love,r&b/soul
tfidf centered inner product,Autumn Leaves,jazz,Last Transmission,punk,Back Then,hip hop,Ballad In Plain D,folk
tfidf centered inner product,Love Is A Many Splendored Thing,jazz,Luv Me Up,reggae,One Last Kiss,electronic,Time To Make You Mine,pop
tfidf centered inner product,Smoke Gets in Your Eyes,jazz,Smoke Gets In Your Eyes,folk,Blowin' Smoke,country,This Island,electronic
tfidf centered inner product,If You Can't Smile And Say Yes,jazz,Cry Baby,electronic,Love Was Here,hip hop,Hair,hip hop
tfidf centered inner product,She's Funny That Way,jazz,Your Eyes,r&b/soul,What You Do To Me,r&b/soul,One Kiss From Heaven,r&b/soul
tfidf centered inner product,The Ruby And The Pearl (2003 Digital Remaster),jazz,Love Me Warm And Tender,punk,Warm Bed,r&b/soul,Summertime,country
tfidf centered inner product,The Very Thought Of You,jazz,We're Going To Live For A Very Long Time (2006 Digital Remaster),electronic,A Moment Isn't Very Long,country,Caruso,classical
tfidf centered inner product,Rudolph The Red-Nosed Reindeer,jazz,Rudolph The Red Nosed Reindeer,classical,B-Boy Bouillabaisse: A.W.O.L. (2009 Digital Remaster),hip hop,Red Red Wine (Edit),reggae
tfidf centered inner product,December,jazz,Take Me Home,pop,Wintertime,r&b/soul,Don't Need The Sun To Shine (To Make Me Smile),r&b/soul
tfidf centered inner product,Don't Know Why (Live),jazz,Otha Fish,hip hop,Tell You Something (Nana's Reprise),r&b/soul,Cars,punk
tfidf centered inner product,Humble Me,jazz,Kickin' It With Your Girlfriend,r&b/soul,Louise,blues,The Joke,folk
tfidf centered inner product,I've Got To See You Again,jazz,Help Me Find A Way To Your Heart,r&b/soul,Fire and Heights,reggae,Curse,electronic
tfidf centered inner product,Sinkin' Soon (iTunes Live Session),jazz,She's Gonna Break Soon (Radio Edit) (w/o Horns),reggae,Trilogy,r&b/soul,Soon You'll Understand,hip hop
tfidf centered inner product,The Long Way Home,jazz,You Sure Love To Ball,r&b/soul,Love Don't Love You (LP Version),r&b/soul,Put Your Hands Together,r&b/soul
tfidf centered inner product,Those Sweet Words,jazz,The Magnificent Seven,punk,I Know You Got Soul,hip hop,Sleigh Ride,jazz
tfidf centered inner product,Wish I Could (Live),jazz,Passin' Me By,hip hop,Mr Rock & Roll,pop,Mortal City,folk
tfidf centered inner product,My Dear Country,jazz,Interlude 5,r&b/soul,Silence,reggae,Curse,electronic
tfidf centered inner product,I Love The Way You Say Goodnight,jazz,Man In The Mirror,pop,Hair,hip hop,Interlude 5,r&b/soul
tfidf centered inner product,White Christmas,jazz,Yakamonéyé,reggae,Sans Rémission,hip hop,L'Amour Du Risque,hip hop
tfidf centered inner product,Memories Are Made Of This,jazz,Back Then,hip hop,Manhattan,jazz,One Man Drinking Games,punk
tfidf centered inner product,Little Room,jazz,Interlude 5,r&b/soul,Disgusted,blues,Mortal City,folk
tfidf centered inner product,Bei Mir Bist Du Schön,jazz,Du hast geguckt,punk,Es geht mir gut,punk,Trösten,pop
tfidf centered inner product,Don't Sit Under The Apple Tree,jazz,(You Were Made) Especially For Me,r&b/soul,Where Does The Time Go?,pop,Anyone Who Knows What Love Is (Will Understand),r&b/soul
tfidf centered inner product,Falling In Love Again,jazz,Falling In Love Again,pop,If I Had,hip hop,Never Gonna Fall,r&b/soul
tfidf centered inner product,Heebie Jeebies,jazz,I Wanna Dance With You,country,Do The Bartman,hip hop,Your Song,r&b/soul
tfidf centered inner product,I Will Survive,jazz,Interlude 5,r&b/soul,The Illest Brother,hip hop,Overcome,r&b/soul
tfidf centered inner product,In The Mood,jazz,That's What You Told Me,pop,Shock Dat Monkey,r&b/soul,Don't Mess With My Man (Extended),electronic
tfidf centered inner product,Kiss,jazz,Kickin' It With Your Girlfriend,r&b/soul,Interlude 5,r&b/soul,Jim,blues
tfidf centered inner product,Let Me Go Lover,jazz,The Lover In Me,pop,Cupid/I've Loved You For A Long Time (Remastered Single Version),r&b/soul,Clone Your Lover,classical
tfidf centered inner product,On An Evening In Roma (Sott'er Celo De Roma),jazz,Sinan Capudan Pascià,folk,Istruzioni Per L'(Ill)uso,hip hop,L'uomo vivo (inno al gioia),folk
tfidf centered inner product,No Puedo Mas Sin Ti (I'm Your Man),latin,Dale tiempo al rumor,hip hop,Cantando,hip hop,Entra,reggae
tfidf centered inner product,En Tus Pupilas,latin,Dale tiempo al rumor,hip hop,Cantando,hip hop,Pretendo Hablarte,pop
tfidf centered inner product,Que Me Quedes Tu,latin,Dale tiempo al rumor,hip hop,Cantando,hip hop,La ciudad nunca duerme,hip hop
tfidf centered inner product,Sombra De Ti,latin,Dale tiempo al rumor,hip hop,Todos Quieren A Raymond,reggae,Cantando,hip hop
tfidf centered inner product,Te Dejo Madrid,latin,Cantando,hip hop,Pretendo Hablarte,pop,Amor Mio No Te Vayas,latin
tfidf centered inner product,Tú,latin,Dale tiempo al rumor,hip hop,Cantando,hip hop,La ciudad nunca duerme,hip hop
tfidf centered inner product,La Chica De Ayer,latin,Dale tiempo al rumor,hip hop,Cantando,hip hop,Quien Me Iba A Decir,latin
tfidf centered inner product,Adicto,latin,Cantando,hip hop,Dale tiempo al rumor,hip hop,Todos Quieren A Raymond,reggae
tfidf centered inner product,Al Despertar,latin,Dale tiempo al rumor,hip hop,Cantando,hip hop,Todos Quieren A Raymond,reggae
tfidf centered inner product,Alguien Como Tú,latin,Gitana,latin,Dale tiempo al rumor,hip hop,Cantando,hip hop
tfidf centered inner product,Inalcanzable,latin,Dale tiempo al rumor,hip hop,Cantando,hip hop,Todos Quieren A Raymond,reggae
tfidf centered inner product,Lloro Por Ti,latin,Dale tiempo al rumor,hip hop,Todos Quieren A Raymond,reggae,Gitana,latin
tfidf centered inner product,Mamacita,latin,Cantando,hip hop,Dale tiempo al rumor,hip hop,El Semáforo,latin
tfidf centered inner product,Miss You,latin,Miss Ann,blues,You'll Never Find Another Love Like Mine (Album Version),jazz,I Miss You,r&b/soul
tfidf centered inner product,Para De Jugar,latin,Por Mi Reggae Muero,reggae,Cantando,hip hop,Dale tiempo al rumor,hip hop
tfidf centered inner product,She Be The One,latin,Touch It / Technologic,electronic,She Ain't Afraid,hip hop,1st Booty On Duty,hip hop
tfidf centered inner product,Trapecista,latin,Dale tiempo al rumor,hip hop,Cantando,hip hop,Amores Como El Tuyo,latin
tfidf centered inner product,Tu Vacio,latin,Dale tiempo al rumor,hip hop,La ciudad nunca duerme,hip hop,Cantando,hip hop
tfidf centered inner product,Volveré,latin,Dale tiempo al rumor,hip hop,Cantando,hip hop,Gitana,latin
tfidf centered inner product,Estoy Aquí,latin,Rosas,pop,Eu Quero Ver Gol,reggae,O Show Não Vai Parar,hip hop
tfidf centered inner product,Life Is Anew,latin,Interlude 5,r&b/soul,Because Of Love,r&b/soul,B-Boy Bouillabaisse: A.W.O.L. (2009 Digital Remaster),hip hop
tfidf centered inner product,Donde Estas Corazon,latin,La ciudad nunca duerme,hip hop,Todos Quieren A Raymond,reggae,Dale tiempo al rumor,hip hop
tfidf centered inner product,Octavo Día,latin,Cantando,hip hop,Dale tiempo al rumor,hip hop,Enséñame A Olvidar,latin
tfidf centered inner product,Te Necesito,latin,Dale tiempo al rumor,hip hop,Todos Quieren A Raymond,reggae,Cantando,hip hop
tfidf centered inner product,Evil Ways,latin,Shake 'Em On Down,blues,Man In The Mirror,pop,Contagious,r&b/soul
tfidf centered inner product,Anna (el negro zumbon),latin,La ciudad nunca duerme,hip hop,Tu Y Yo,latin,Grito Mundial,reggae
tfidf centered inner product,Piensa en mi,latin,Dale tiempo al rumor,hip hop,Que Voy A hacer Sin Tí,latin,Como Duele,latin
tfidf centered inner product,Esperando,latin,Al Natural (Amended Version),latin,El Semáforo,latin,Gulere Gulere,latin
tfidf centered inner product,Beautiful Liar (Bello Embustero),latin,Cantando,hip hop,Dale tiempo al rumor,hip hop,Todos Quieren A Raymond,reggae
tfidf centered inner product,Rosario Tijeras,latin,Un Montón de Estrellas,latin,La ciudad nunca duerme,hip hop,Como Duele,latin
tfidf centered inner product,Animal Nocturno,latin,Dale tiempo al rumor,hip hop,Cantando,hip hop,La ciudad nunca duerme,hip hop
tfidf centered inner product,Alejate De Mi,latin,Dale tiempo al rumor,hip hop,Como Y Vete,reggae,Cantando,hip hop
tfidf centered inner product,Entre Tus Alas,latin,Dale tiempo al rumor,hip hop,Cantando,hip hop,La Dosis Perfecta,reggae
tfidf centered inner product,Me Basto,latin,Dale tiempo al rumor,hip hop,Cantando,hip hop,Te Ando Buscando,reggae
tfidf centered inner product,Va Para Ti,latin,Cantando,hip hop,Gitana,latin,Dale tiempo al rumor,hip hop
tfidf centered inner product,Fui,latin,La ciudad nunca duerme,hip hop,No Paseis Por Alto A Los Genios,hip hop,Cantando,hip hop
tfidf centered inner product,Ilusionado,latin,Todos Quieren A Raymond,reggae,Dale tiempo al rumor,hip hop,Cantando,hip hop
tfidf centered inner product,Piel De Ciudad,latin,Cantando,hip hop,Tu Y Yo,latin,Todos Quieren A Raymond,reggae
tfidf centered inner product,Quedate,latin,Dale tiempo al rumor,hip hop,Cantando,hip hop,Entra,reggae
tfidf centered inner product,Brother Sport,latin,The Illest Brother,hip hop,Just Another Brother,jazz,She Ain't Afraid,hip hop
tfidf centered inner product,The Prince,metal,Marry the Devil,punk,Corner Of The Earth,r&b/soul,Piggy Pie,hip hop
tfidf centered inner product,Second Heartbeat,metal,The Hourglass,metal,8 Mile,hip hop,Towards Loss,metal
tfidf centered inner product,To End The Rapture,metal,It Came Upon A Midnight Clear (Album Version),classical,City Of Angels,pop,The Hourglass,metal
tfidf centered inner product,Witness,metal,One of Us,hip hop,Breathe Again,r&b/soul,Till I See Ya,r&b/soul
tfidf centered inner product,Heartache Every Moment,metal,Lost In This Moment,country,I'm Going On A Long Journey Never To Return,blues,Heaven,r&b/soul
tfidf centered inner product,Sigillum Diaboli,metal,My Darling,hip hop,You're The Reason,electronic,Child Of Mine,folk
tfidf centered inner product,Refined By Your Embrace,metal,Lay Back In The Arms Of Someone,country,A Man Without Love,pop,Breathe Again,r&b/soul
tfidf centered inner product,The Innocence Spilled,metal,Pain,hip hop,This Ain't A Love Song,rock,Grace Unhearing,metal
tfidf centered inner product,An American Dream,metal,Weak Become Heroes,hip hop,One of Us,hip hop,Kingdom of Loss,metal
tfidf centered inner product,The Changing Of Times,metal,Wherever You're Goin' (It's Alright),pop,Don't Say Goodbye,r&b/soul,Good Thing,r&b/soul
tfidf centered inner product,Autumn,metal,Von Disco Zu Disco,hip hop,Gott schenk ihr Flügel,hip hop,Toastbrot,hip hop
tfidf centered inner product,Chorus Of Angels,metal,It Came Upon A Midnight Clear (Album Version),classical,Lullaby,r&b/soul,Right Here Right Now,electronic
tfidf centered inner product,Follow The Wolves,metal,17,country,Abandoned,metal,The Power Of Lard,punk
tfidf centered inner product,I Am You,metal,Rise,hip hop,Rise Up,r&b/soul,Sentenced to Burn,metal
tfidf centered inner product,The Science Of Lies,metal,One of Us,hip hop,Buckets of Blood,hip hop,Incarnadine,metal
tfidf centered inner product,Slow Down,metal,Joy Ride,r&b/soul,She Luv It,hip hop,Stop This Car,r&b/soul
tfidf centered inner product,Steal Away (The Night),metal,Last to Know,jazz,Chain Of Fools,blues,I'm a Broken Heart,rock
tfidf centered inner product,Black Curtains (2004 Digital Remaster),metal,Black Is The Color,folk,Last Transmission,punk,Bloodletting Upon The Cloven Hoof,metal
tfidf centered inner product,Die Dead Enough,metal,Face Down,hip hop,Awake Enough,electronic,Curse,electronic
tfidf centered inner product,Bodies,metal,Switch,hip hop,AJ Scratch,hip hop,Naked,r&b/soul
tfidf centered inner product,Rotting Head,metal,Blues For Suckers,blues,Just Another Brother,jazz,Piggy Pie,hip hop
tfidf centered inner product,Gehenna,metal,Brotha,r&b/soul,She Got Kids,r&b/soul,Sprung,r&b/soul
tfidf centered inner product,[sic] [Explicit],metal,She Ain't Afraid,hip hop,Overdose (Album Version),hip hop,1st Booty On Duty,hip hop
tfidf centered inner product,Gunshots by Computer,metal,Twizala,r&b/soul,Let's All Get Drunk,hip hop,Tranny Chaser,pop
tfidf centered inner product,Hope Is... (Album Version),metal,Rise Up,r&b/soul,(Don't) Give Hate A Chance,r&b/soul,Lost In This Moment,country
tfidf centered inner product,The Moor,metal,Standing,electronic,fly,electronic,I'm Going On A Long Journey Never To Return,blues
tfidf centered inner product,This Flesh A Tomb (Instrumental Version),metal,Make Me Lose Control,pop,8 Mile,hip hop,Curse,electronic
tfidf centered inner product,A Higher Standard,metal,One of Us,hip hop,Man In The Mirror,pop,Resolution,jazz
tfidf centered inner product,Redemption,metal,Let It Be,folk,Wayfarin' Stranger,hip hop,Sticky,reggae
tfidf centered inner product,We Die Alone (Bonus Track),metal,Rise Against,metal,Die Another Day [Live],electronic,The Hourglass,metal
tfidf centered inner product,Elements,metal,Tuleen Ajettu Maa,metal,Heal The Waters,metal,Joy,r&b/soul
tfidf centered inner product,Know The Difference,metal,One Word,electronic,Don't Get Around Much Anymore,jazz,Interlude 5,r&b/soul
tfidf centered inner product,Peephole,metal,Stuck In The Middle,blues,Bleed For Me,rock,Burning Bridges,rock
tfidf centered inner product,Hellhounds on My Trail,metal,Interlude 5,r&b/soul,Undead,hip hop,Para-noir,metal
tfidf centered inner product,No Commands,metal,One Word,electronic,It Doesn't Matter Anymore,pop,Interlude 5,r&b/soul
tfidf centered inner product,Mother (2006 Remastered Alternate Mix),metal,Not Leaving Without You (Album Version),pop,The Light & The Glass,rock,It's Alright,jazz
tfidf centered inner product,Lord Of The Flies (Live In Dortmund),metal,Oh Jerusalem,r&b/soul,Curse,electronic,She's A Star,hip hop
tfidf centered inner product,Phantom Of The Opera (Live) (1998 Digital Remaster),metal,Slam,hip hop,Slam Harder,hip hop,Do It Again,jazz
tfidf centered inner product,Re-Birth,metal,Interlude 5,r&b/soul,Shoulda Put Something On,hip hop,Mr. Outsider,hip hop
tfidf centered inner product,This Pain,metal,Blessed 2 Have,r&b/soul,She Ain't Afraid,hip hop,Overdose (Album Version),hip hop
tfidf centered inner product,You Are Not Alone,pop,So Far,r&b/soul,Apart,punk,Stay Another Day,pop
tfidf centered inner product,Baby Be Mine,pop,Just Right,r&b/soul,Waiting For The Day,r&b/soul,Hey Child,pop
tfidf centered inner product,Man In The Mirror,pop,Say Now,hip hop,Blues For Suckers,blues,Universal Prayer,pop
tfidf centered inner product,Why You Wanna Trip On Me,pop,Interlude 5,r&b/soul,Your Song,r&b/soul,Ain't No Stopping Us Now,r&b/soul
tfidf centered inner product,TiK ToK,pop,Let's All Get Drunk,hip hop,I'm A Winner (Amended Album Version),hip hop,It's A Party,hip hop
tfidf centered inner product,Nothing Lasts Forever,pop,I Love You Babe,r&b/soul,The Hurt,pop,I'd Hate To Be You When People Find Out What This Song Is About (Album),rock
tfidf centered inner product,Roamer,pop,8 Mile,hip hop,B-Boy Bouillabaisse: A.W.O.L. (2009 Digital Remaster),hip hop,Touch It / Technologic,electronic
tfidf centered inner product,Live High (Album Version),pop,Someday,blues,Queen Of Hollywood ( LP Version ),pop,B-Boy Bouillabaisse: A.W.O.L. (2009 Digital Remaster),hip hop
tfidf centered inner product,Did I Do That?,pop,Interlude 5,r&b/soul,So Not Over You,pop,What's On Your Mind,hip hop
tfidf centered inner product,I'll Be There,pop,I'll Be There,classical,All Over The World,rock,With You,metal
tfidf centered inner product,I Think They're Thinking - Interlude,pop,Hate,electronic,Undead,hip hop,Interlude 5,r&b/soul
tfidf centered inner product,Silent Movie,pop,Interlude 5,r&b/soul,B-Boy Bouillabaisse: A.W.O.L. (2009 Digital Remaster),hip hop,Spitfall,metal
tfidf centered inner product,Stumble,pop,Interlude 5,r&b/soul,What's Not Being Said,r&b/soul,Club Megamix,rock
tfidf centered inner product,Heroe,pop,One Kiss From Heaven,r&b/soul,Let's All Get Drunk,hip hop,Billie Jean,r&b/soul
tfidf centered inner product,Little Girl,pop,One Kiss From Heaven,r&b/soul,Billie Jean,r&b/soul,Let's All Get Drunk,hip hop
tfidf centered inner product,Ruleta Rusa,pop,Cantando,hip hop,Dale tiempo al rumor,hip hop,Todos Quieren A Raymond,reggae
tfidf centered inner product,Contigo,pop,Dale tiempo al rumor,hip hop,Cantando,hip hop,El Semáforo,latin
tfidf centered inner product,Años Luz,pop,Cantando,hip hop,Dale tiempo al rumor,hip hop,Todos Quieren A Raymond,reggae
tfidf centered inner product,Love Song,pop,Your Song,r&b/soul,Man In The Mirror,pop,I'm A Winner (Amended Album Version),hip hop
tfidf centered inner product,Candyman,pop,Have You Seen Her,r&b/soul,Plumskinzz (Loose Hoe_ God & Cupid),hip hop,Jump To It,r&b/soul
tfidf centered inner product,Tell Me Something I Don't Know,pop,Interlude 5,r&b/soul,Tell You Something (Nana's Reprise),r&b/soul,Alguien Real (Baby_ I'm In Love),latin
tfidf centered inner product,Cry,pop,My Darling,hip hop,Interlude 5,r&b/soul,Lentil (Live),punk
tfidf centered inner product,Zora sourit,pop,Panam All Star,hip hop,L'Amour Du Risque,hip hop,Sans Rémission,hip hop
tfidf centered inner product,Dance,pop,Hold You,reggae,Goodnight,jazz,I Know You Got Soul,hip hop
tfidf centered inner product,Partout Je Vois,pop,Sans Rémission,hip hop,Yakamonéyé,reggae,Panam All Star,hip hop
tfidf centered inner product,Anytime,pop,Hold Me Down (Album Version),r&b/soul,Alguien Real (Baby_ I'm In Love),latin,Never Gonna Give You Up,r&b/soul
tfidf centered inner product,Simplest Love,pop,Green Light Girl,blues,Green Light,r&b/soul,Your Song,r&b/soul
tfidf centered inner product,Midnight Bottle,pop,Let's All Get Drunk,hip hop,Don't You Say No,r&b/soul,Emergency House Party,punk
tfidf centered inner product,Let Me Be,pop,8 Mile,hip hop,Thinking About You,pop,All I Ever Think About,r&b/soul
tfidf centered inner product,Big Sky,pop,Don't Stop Believin',pop,Shoulda Put Something On,hip hop,Interlude 5,r&b/soul
tfidf centered inner product,Thinking About You,pop,The Easy Spell,hip hop,Shock Dat Monkey,r&b/soul,Love Is Wicked,r&b/soul
tfidf centered inner product,A Groovy Kind Of Love (Live),pop,Man In The Mirror,pop,Some Kind Of Friend,jazz,Red Red Wine (Edit),reggae
tfidf centered inner product,That's Why You're Beautiful,pop,Make Ya Feel Beautiful,r&b/soul,The Pugilist,folk,Chorus Of Angels,metal
tfidf centered inner product,Step By Step,pop,Little Bit [CSS Remix],electronic,It's Your Thing,jazz,Stone County,blues
tfidf centered inner product,Piece Of Me (Main Version),pop,Missing Piece,electronic,Bring Your Whole Crew,hip hop,Miss You,latin
tfidf centered inner product,Can't Make You Love Me,pop,Hurts The Most,r&b/soul,Don't Get Nine,reggae,Happy Boys & Girls,pop
tfidf centered inner product,Girl In The Mirror,pop,253,electronic,Damage,r&b/soul,She Ain't Afraid,hip hop
tfidf centered inner product,Radar,pop,B-Boy Bouillabaisse: A.W.O.L. (2009 Digital Remaster),hip hop,So What'Cha Want (Butt Naked Version) (Explicit) (2009 Digital Remaster),hip hop,I Don't Wanna Lose Your Love,r&b/soul
tfidf centered inner product,When Your Eyes Say It,pop,Love Don't Love You (LP Version),r&b/soul,My Heart Belongs To You,classical,Make Me Lose Control,pop
tfidf centered inner product,Precious (Live In Milan),pop,Interlude 5,r&b/soul,One of Us,hip hop,NoOne,r&b/soul
tfidf centered inner product,Insectica,punk,The Lightning Strike,rock,Soul Power,hip hop,Birthmark,r&b/soul
tfidf centered inner product,Cambridge (Album Version),punk,In My Head,r&b/soul,Relating To A Psychopath,r&b/soul,Masters Of The Universe,hip hop
tfidf centered inner product,Disappear,punk,My Heart Belongs To You,classical,The Joke,folk,Swallows Me Whole,folk
tfidf centered inner product,Fell in Love Without You (Cd),punk,Back Then,hip hop,We Are the End,metal,One Man Drinking Games,punk
tfidf centered inner product,Point Of Extinction (Cd),punk,If I Had,hip hop,We Propose,reggae,Work Work,reggae
tfidf centered inner product,Stand Too Close,punk,Indy 500,hip hop,Overjoyed,r&b/soul,Rabbit Run,hip hop
tfidf centered inner product,Worker Bee,punk,B-Boy Bouillabaisse: A.W.O.L. (2009 Digital Remaster),hip hop,Winter,folk,Indy 500,hip hop
tfidf centered inner product,Mind Over Time,punk,All Over The World,rock,Plastic,r&b/soul,Over My Head (Cable Car),rock
tfidf centered inner product,I Fought The Law,punk,All Ghetto Girl,r&b/soul,Bad Girls,pop,I Held My Baby Last Night,blues
tfidf centered inner product,The Magnificent Seven,punk,Man In The Mirror,pop,Interlude 5,r&b/soul,Mr. Outsider,hip hop
tfidf centered inner product,Believe,punk,Alright,r&b/soul,Interlude 5,r&b/soul,Welcome To My Love,r&b/soul
tfidf centered inner product,Empty Apartment,punk,Your Eyes,r&b/soul,Don't You (Forget About Me),punk,Forgiveness,r&b/soul
tfidf centered inner product,But Tonight We Dance,punk,Let's All Get Drunk,hip hop,Going Down Town Tonight,blues,When We Dance,r&b/soul
tfidf centered inner product,Faint Resemblance,punk,Interlude 5,r&b/soul,Wait A Minute,r&b/soul,our ethos: a legacy to pass on,metal
tfidf centered inner product,Survive,punk,8 Mile,hip hop,Earthquake,rock,Kickin' It With Your Girlfriend,r&b/soul
tfidf centered inner product,The Dirt Whispered,punk,We Break The Dawn,r&b/soul,One of Us,hip hop,Mortal City,folk
tfidf centered inner product,Get It Right (Album Version),punk,B-Boy Bouillabaisse: A.W.O.L. (2009 Digital Remaster),hip hop,Man In The Mirror,pop,Interlude 5,r&b/soul
tfidf centered inner product,Want You Bad,punk,Bad Girls,pop,Bad Mutha,hip hop,Bad Girl,pop
tfidf centered inner product,Staring At The Sun,punk,Punk Rock Points,electronic,Close My Eyes,reggae,Travellers Tune,pop
tfidf centered inner product,Operation Rescue,punk,Interlude 5,r&b/soul,Feva Las Vegas,reggae,Curse,electronic
tfidf centered inner product,When Broken Is Easily Fixed (Album Version),punk,Pretty Lush (Album Version),metal,Bloodless,punk,Sentenced to Burn,metal
tfidf centered inner product,Want,punk,The Dog ( LP Version),r&b/soul,Ho,hip hop,Do The Dog,reggae
tfidf centered inner product,Josey,punk,Queen Of Hollywood ( LP Version ),pop,DHC,reggae,Officer,reggae
tfidf centered inner product,1-2 Crush On You,punk,Man In The Mirror,pop,Knowledge Of Self,jazz,Eat To Live (Album Version),hip hop
tfidf centered inner product,Brand New Cadillac,punk,C'Mon,electronic,Me Or The Papes,hip hop,Jesus Is Coming Soon,blues
tfidf centered inner product,Cool Confusion,punk,Brotha,r&b/soul,She Got Kids,r&b/soul,Find A Way,hip hop
tfidf centered inner product,First Night Back In London,punk,B-Boy Bouillabaisse: A.W.O.L. (2009 Digital Remaster),hip hop,Overdose (Album Version),hip hop,Summertime,jazz
tfidf centered inner product,Inoculated City,punk,Spitfall,metal,With God On Our Side,folk,Undead,hip hop
tfidf centered inner product,Lost In The Supermarket,punk,253,electronic,Snoopafella (Edited),hip hop,The Music Or The Misery,punk
tfidf centered inner product,Overpowered By Funk,punk,The Rockafeller Skank,electronic,Funk Funk,r&b/soul,One Nation Under A Groove,r&b/soul
tfidf centered inner product,Automatic Man (Album Version),punk,B-Boy Bouillabaisse: A.W.O.L. (2009 Digital Remaster),hip hop,Just Another Brother,jazz,The Illest Brother,hip hop
tfidf centered inner product,Chimaera (Album Version),punk,Hurts The Most,r&b/soul,Interlude 5,r&b/soul,Ken Kaniff,hip hop
tfidf centered inner product,Damned to Be Free (Album Version),punk,Curse,electronic,Ridiculous,hip hop,Man In The Mirror,pop
tfidf centered inner product,Get Off,punk,Who Ride Wit Us,hip hop,Mainstream,hip hop,All For One (Explicit) (2006 Remastered LP Version),hip hop
tfidf centered inner product,Juneau,punk,Stone Cold Heart,r&b/soul,Love At First Sight (The Scumfrog's Beauty And The Beast Vocal Edit),electronic,Oxygen's Gone,rock
tfidf centered inner product,Another The letter,punk,Where's The Truth,metal,Heaven Is A Place On Earth,pop,Man In The Mirror,pop
tfidf centered inner product,Strange,punk,Bodies,metal,Queen Of Hollywood ( LP Version ),pop,DHC,reggae
tfidf centered inner product,Dude_ What Is a Land Pirate?,punk,She Ain't Afraid,hip hop,Interlude 5,r&b/soul,Ken Kaniff,hip hop
tfidf centered inner product,Again I Go Unnoticed,punk,Tell You Something (Nana's Reprise),r&b/soul,Breathe Again,r&b/soul,I'm Still Waiting,r&b/soul
tfidf centered inner product,Carry This Picture,punk,Diamonds From Sierra Leone,hip hop,Accidents,folk,Stingy,r&b/soul
tfidf centered inner product,U R The One,r&b/soul,I Love U In Me ( LP Version),r&b/soul,Jack U Off (LP Version),r&b/soul,Valium Summer,electronic
tfidf centered inner product,Ain't No Way (You Won't Love Me),r&b/soul,Honest Expression,hip hop,Interlude 5,r&b/soul,Naked,r&b/soul
tfidf centered inner product,Nice & Slow,r&b/soul,All I Ever Think About,r&b/soul,Naked,r&b/soul,Sex Packets (LP Version),hip hop
tfidf centered inner product,Roni,r&b/soul,She's A Dream,pop,Inna From Mexico,country,I'm Catching Hell (Living Here Alone) (Digitally Remastered 02),jazz
tfidf centered inner product,Damage,r&b/soul,Man In The Mirror,pop,Caught Up,r&b/soul,Fool For Love,hip hop
tfidf centered inner product,Gotta Be Ur Man,r&b/soul,Sunshine,hip hop,Man In The Mirror,pop,Hoodrats,hip hop
tfidf centered inner product,Birthmark,r&b/soul,Interlude 5,r&b/soul,Otha Fish,hip hop,Forgiveness,r&b/soul
tfidf centered inner product,Don't You Say No,r&b/soul,Let's All Get Drunk,hip hop,1st Booty On Duty,hip hop,Baby We've Got A Date (Rock It Baby),reggae
tfidf centered inner product,Kickin' It With Your Girlfriend,r&b/soul,Interlude 5,r&b/soul,Kiss,jazz,Passin' Me By,hip hop
tfidf centered inner product,Rise Up,r&b/soul,Rise,hip hop,You Left Me,electronic,Do The Bartman,hip hop
tfidf centered inner product,Joy Ride,r&b/soul,Strings,r&b/soul,Joy,r&b/soul,Rock Wit U (Awww Baby),r&b/soul
tfidf centered inner product,Sprung,r&b/soul,Find A Way,hip hop,I'm Ready,rock,Brotha,r&b/soul
tfidf centered inner product,Never Too Much,r&b/soul,Oh Baby I,r&b/soul,Stop This Car,r&b/soul,Touch Too Much,country
tfidf centered inner product,Chocolate Factory,r&b/soul,I Love U In Me ( LP Version),r&b/soul,Jack U Off (LP Version),r&b/soul,Feva Las Vegas,reggae
tfidf centered inner product,I Mean (I Don't Mean It),r&b/soul,Interlude 5,r&b/soul,Touch Me,blues,Kozmic Blues,blues
tfidf centered inner product,In The Kitchen,r&b/soul,Overdose (Album Version),hip hop,Sexy,hip hop,Keep Your Shit The Hardest,hip hop
tfidf centered inner product,Distance And Time,r&b/soul,Oh Baby I,r&b/soul,Coming Up Roses,rock,Miss You,latin
tfidf centered inner product,Lover Man,r&b/soul,Man In The Mirror,pop,Getting Over You,r&b/soul,Eat To Live (Album Version),hip hop
tfidf centered inner product,Nobody Not Really (Interlude),r&b/soul,Come On Around To My House Mama,blues,Everybody Knows,r&b/soul,So Alone,rock
tfidf centered inner product,Piano & I,r&b/soul,Slam,hip hop,Slam Harder,hip hop,Plumskinzz (Loose Hoe_ God & Cupid),hip hop
tfidf centered inner product,Tell You Something (Nana's Reprise),r&b/soul,Club Megamix,rock,Can't Tell Me Nothing,hip hop,I Wanna Know,r&b/soul
tfidf centered inner product,Try Sleeping With A Broken Heart,r&b/soul,Fast As I Can,folk,Forgiveness,r&b/soul,Going Down Town Tonight,blues
tfidf centered inner product,Why Do I Feel So Sad,r&b/soul,Interlude 5,r&b/soul,Hate,electronic,I'm Catching Hell (Living Here Alone) (Digitally Remastered 02),jazz
tfidf centered inner product,Lovin U,r&b/soul,Easy,r&b/soul,A Deeper Love,r&b/soul,Easy,r&b/soul
tfidf centered inner product,My Ride,r&b/soul,Who Ride Wit Us,hip hop,B-Boy Bouillabaisse: A.W.O.L. (2009 Digital Remaster),hip hop,So Ghetto,hip hop
tfidf centered inner product,Starting All Over,r&b/soul,Plumskinzz (Loose Hoe_ God & Cupid),hip hop,Slam,hip hop,Slam Harder,hip hop
tfidf centered inner product,Oh Boy,r&b/soul,Jake,folk,Cat's In The Cradle,folk,Mama's Boy,rock
tfidf centered inner product,Maybe,r&b/soul,FlyPaper,hip hop,Caught Up,r&b/soul,Feelin Is Right,r&b/soul
tfidf centered inner product,Stuck In the Middle,r&b/soul,Interlude 5,r&b/soul,B-Boy Bouillabaisse: A.W.O.L. (2009 Digital Remaster),hip hop,I'm Gon' Change,r&b/soul
tfidf centered inner product,Bump What Your Friends Say,r&b/soul,My Darling,hip hop,Ho's A Housewife,hip hop,Friends/Oh My My (LIve),folk
tfidf centered inner product,Smack Dab In The Middle,r&b/soul,Throw Ya Handz Up,hip hop,Get Your Hands Up,hip hop,Is This Love,reggae
tfidf centered inner product,Don't You Know,r&b/soul,Baby Girl,country,Love Was Here,hip hop,Breathing,hip hop
tfidf centered inner product,All I Ever Think About,r&b/soul,Splurge,hip hop,Nice & Slow,r&b/soul,Club Megamix,rock
tfidf centered inner product,(You Were Made) Especially For Me,r&b/soul,Don't Sit Under The Apple Tree,jazz,Dream Catch Me,folk,Hold Me Down (Album Version),r&b/soul
tfidf centered inner product,I Was Made To Love Her,r&b/soul,Black Dog,country,Interlude 5,r&b/soul,It's Growing,folk
tfidf centered inner product,Bridge Over Troubled Water,r&b/soul,Lay Down Your Sorrows,blues,When I Lay My Burden Down,blues,Some Kind Of Trouble,country
tfidf centered inner product,Goin' Back To Indiana,r&b/soul,Do The Bartman,hip hop,Heaven,r&b/soul,I Got It Goin' On,jazz
tfidf centered inner product,Lookin' Through The Windows,r&b/soul,Twizala,r&b/soul,Slow Motion,r&b/soul,Remember Me,country
tfidf centered inner product,You've Changed,r&b/soul,Man In The Mirror,pop,Yeah,electronic,Jump To It,r&b/soul
tfidf centered inner product,Switch!,r&b/soul,Interlude 5,r&b/soul,Do The Bartman,hip hop,Bring Your Whole Crew,hip hop
tfidf centered inner product,One World (Not Three),reggae,8 Mile,hip hop,Mandlebrot Set,rock,If I Had,hip hop
tfidf centered inner product,Close My Eyes,reggae,B-Boy Bouillabaisse: A.W.O.L. (2009 Digital Remaster),hip hop,Days Like These,reggae,Walk Into The Sun,hip hop
tfidf centered inner product,Exaltation,reggae,All Over The World,rock,The Hourglass,metal,O Holy Night,classical
tfidf centered inner product,Fire and Heights,reggae,Man In The Mirror,pop,One of Us,hip hop,Book Of Life,hip hop
tfidf centered inner product,Jerusalem,reggae,One Tribe,hip hop,Interlude 5,r&b/soul,Touch My Fire,pop
tfidf centered inner product,Warrior,reggae,B-Boy Bouillabaisse: A.W.O.L. (2009 Digital Remaster),hip hop,Man In The Mirror,pop,Adam Lives In Theory,r&b/soul
tfidf centered inner product,Don't Push,reggae,B-Boy Bouillabaisse: A.W.O.L. (2009 Digital Remaster),hip hop,Make the Music With Your Mouth_ Biz,hip hop,Da Mystery Of Chessboxin',hip hop
tfidf centered inner product,Pawn Shop,reggae,Beg For Mercy,hip hop,Do You Remember,r&b/soul,The House That We Built,electronic
tfidf centered inner product,See you in the Light,reggae,At The Spot,r&b/soul,All About U,hip hop,Morning After,r&b/soul
tfidf centered inner product,Sweet Little Lies,reggae,Where's The Truth,metal,Man In The Mirror,pop,Red Red Wine (Edit),reggae
tfidf centered inner product,The Way You Make Me Feel,reggae,By The Way,hip hop,Plumskinzz (Loose Hoe_ God & Cupid),hip hop,Interlude 5,r&b/soul
tfidf centered inner product,Grito Mundial,reggae,Dale tiempo al rumor,hip hop,La ciudad nunca duerme,hip hop,La Ranfla Del Cartel,hip hop
tfidf centered inner product,Get This Party Started: Ghost Remix,reggae,Everybody Everybody,electronic,Flashlight,r&b/soul,Where's The Party,punk
tfidf centered inner product,Africa Unite,reggae,Sticky,reggae,Man In The Mirror,pop,Colony,folk
tfidf centered inner product,Could You Be Loved,reggae,Interlude 5,r&b/soul,Man In The Mirror,pop,Tell You Something (Nana's Reprise),r&b/soul
tfidf centered inner product,No Water,reggae,I Mean (I Don't Mean It),r&b/soul,All Along The Water,pop,Heaven Is A Place On Earth,pop
tfidf centered inner product,One Love / People Get Ready,reggae,Believe,punk,Hey Ya!,hip hop,Alright,rock
tfidf centered inner product,Try Me,reggae,Interlude 5,r&b/soul,Without You,r&b/soul,Everything You Need,reggae
tfidf centered inner product,Baby We've Got A Date (Rock It Baby),reggae,Rock Wit U (Awww Baby),r&b/soul,Just Right,r&b/soul,We Gonna Rock,electronic
tfidf centered inner product,Johnny Was,reggae,Take My Money,reggae,She's Single Again,country,Luv Me Up,reggae
tfidf centered inner product,Riding High,reggae,Quills,hip hop,Get Fresh,hip hop,My Ride,r&b/soul
tfidf centered inner product,Soul Shakedown,reggae,It's A Party,hip hop,(Why Did I Tell You I Was Going To) Shanghai,jazz,Long Live The Party,rock
tfidf centered inner product,Trenchtown Rock,reggae,Sound Check,reggae,Slam Harder,hip hop,Slam,hip hop
tfidf centered inner product,Eternal Feedback (Sly),reggae,Interlude 5,r&b/soul,Heaven Sent,r&b/soul,L-I-F-E,hip hop
tfidf centered inner product,Black Progress,reggae,Fight The Power,hip hop,Find A Way,hip hop,I'm Ready,rock
tfidf centered inner product,Reggae On Broadway,reggae,Touch Me,blues,Naked,r&b/soul,Do The Bartman,hip hop
tfidf centered inner product,Rebels Hop,reggae,I Mean (I Don't Mean It),r&b/soul,All Along The Water,pop,Heaven Is A Place On Earth,pop
tfidf centered inner product,Stop The Train,reggae,Northern Bound Train,folk,Peace Train,folk,Tradewinds (LP Version),reggae
tfidf centered inner product,This Train,reggae,City To City,folk,Peace Train,folk,Black Train Blues,blues
tfidf centered inner product,Defeat You,reggae,Still On It,hip hop,Sinan Capudan Pascià,folk,By Your Side,hip hop
tfidf centered inner product,Don't Get Nine,reggae,Interlude 5,r&b/soul,The Illest Brother,hip hop,Getting Over You,r&b/soul
tfidf centered inner product,Feva Las Vegas,reggae,Still On It,hip hop,Sinan Capudan Pascià,folk,I Love U In Me ( LP Version),r&b/soul
tfidf centered inner product,Secrets,reggae,Interlude 5,r&b/soul,Find A Way,hip hop,Disconnect,pop
tfidf centered inner product,Work Work,reggae,Ice Is Workin' It,hip hop,Interlude 5,r&b/soul,Passin' Me By,hip hop
tfidf centered inner product,Good Rats (Live),reggae,Snoopafella (Edited),hip hop,Old Hippie,country,The Strawberry Roan,country
tfidf centered inner product,Sol_ Playa Y Arena,reggae,Dale tiempo al rumor,hip hop,Cantando,hip hop,La ciudad nunca duerme,hip hop
tfidf centered inner product,I Don't Want To See You Cry,reggae,One Good Time,hip hop,Words Get In The Way,pop,Just For You,r&b/soul
tfidf centered inner product,Come Back Darling,reggae,My Darling,hip hop,This Empty Place,r&b/soul,Piece Of My Heart,jazz
tfidf centered inner product,Here I Am (Come And Take Me),reggae,Hold Me Down (Album Version),r&b/soul,Fantastic,hip hop,Checkin' On Me,pop
tfidf centered inner product,Light My Fire,reggae,Set It Off,hip hop,Ariana,pop,Buk-In-Hamm Palace (2002 Digital Remaster),reggae
tfidf centered inner product,Til Kingdom Come,rock,Tell You Something (Nana's Reprise),r&b/soul,Which Way To Free?,rock,Wanna Play,latin
tfidf centered inner product,Brothers Under The Bridges ('83),rock,Snoopafella (Edited),hip hop,Just Another Brother,jazz,Mortal City,folk
tfidf centered inner product,The Big Payback,rock,Luv Me Up,reggae,B-Boy Bouillabaisse: A.W.O.L. (2009 Digital Remaster),hip hop,Ice Is Workin' It,hip hop
tfidf centered inner product,The Ties That Bind,rock,Getting Late,r&b/soul,5 Miles To Empty,r&b/soul,Crazy Cool,pop
tfidf centered inner product,Sam's Town,rock,B-Boy Bouillabaisse: A.W.O.L. (2009 Digital Remaster),hip hop,Remember Me,country,Man In The Mirror,pop
tfidf centered inner product,Pink Ego Box,rock,That's How I Beat Shaq,pop,Have You Seen Her,r&b/soul,Inside,r&b/soul
tfidf centered inner product,Secrets,rock,Shoulda Put Something On,hip hop,Club Megamix,rock,like you to me,punk
tfidf centered inner product,Come Back,rock,I'm Still Waiting,r&b/soul,Whatever You Want (LP Version),r&b/soul,Club Megamix,rock
tfidf centered inner product,Time Is On My Side,rock,A Song For Mama,r&b/soul,Baby Come Back,blues,Day Of The Eagle,blues
tfidf centered inner product,Fight (1994 Digital Remaster),rock,Fight The Power,hip hop,TiK ToK,pop,Shadow of Doubt,r&b/soul
tfidf centered inner product,This Ain't A Love Song,rock,I Want You,hip hop,Work Work,reggae,One Good Time,hip hop
tfidf centered inner product,Superman Tonight,rock,Let's All Get Drunk,hip hop,Don't Fall Apart On Me Tonight,country,Night Light,hip hop
tfidf centered inner product,Bad Obsession,rock,Killing Time,r&b/soul,Plumskinzz (Loose Hoe_ God & Cupid),hip hop,Overdose (Album Version),hip hop
tfidf centered inner product,Anything That's Part Of You,rock,For Your Love,pop,Smile,punk,Highlights,r&b/soul
tfidf centered inner product,So I Thought,rock,The Truth,hip hop,Nothing Lasts Forever,pop,Interlude 5,r&b/soul
tfidf centered inner product,You're All I've Got Tonight,rock,I Didn't Know That You Cared,electronic,Someone i care about,punk,Alright,r&b/soul
tfidf centered inner product,Signal Fire,rock,I Still Love You,r&b/soul,Diamonds From Sierra Leone,hip hop,Elements,metal
tfidf centered inner product,The Lightning Strike,rock,The Hourglass,metal,One of Us,hip hop,8 Mile,hip hop
tfidf centered inner product,Dumb,rock,Happy Boys & Girls,pop,H.A.P.P.Y. Radio,r&b/soul,That's When The Music Takes Me,pop
tfidf centered inner product,Something In The Way,rock,Thinking About You,pop,The Easy Spell,hip hop,Slow Motion,r&b/soul
tfidf centered inner product,Oh! Gravity.,rock,Carry On,hip hop,Next Door Neighbour,hip hop,La Di Da Da Da,hip hop
tfidf centered inner product,Hotel Yorba,rock,Interlude 5,r&b/soul,Dirty Money,hip hop,Do The Bartman,hip hop
tfidf centered inner product,Prickly Thorn_ But Sweetly Worn (Live),rock,Burbujas De Amor,latin,Empress,reggae,I Can See An Angel,country
tfidf centered inner product,St. Andrew (This Battle Is In The Air),rock,When I Needed an Angel,blues,Wandering Child,classical,Sound Check,reggae
tfidf centered inner product,I Was Meant For the Stage,rock,You Left Me,electronic,Cry,pop,Can't Get You Off My Mind,r&b/soul
tfidf centered inner product,Alpha Beta Parking Lot,rock,Breathing,hip hop,I Gotcha (Amended Album Version),hip hop,Baby Day,folk
tfidf centered inner product,An Ode To No One,rock,My Darling,hip hop,A8,hip hop,Real Love,pop
tfidf centered inner product,Over My Head (Cable Car),rock,Sex,hip hop,Seconds Away,folk,Kill The President,punk
tfidf centered inner product,No I In Threesome,rock,Baby We've Got A Date (Rock It Baby),reggae,Just Right,r&b/soul,Day And Night,pop
tfidf centered inner product,Pace Is The Trick,rock,Mamacita,reggae,She Luv It,hip hop,I'll Make Love To You,r&b/soul
tfidf centered inner product,Embryo,rock,Cancel (Album Version),r&b/soul,Releasing Hypnotical Gases,hip hop,Bak Bone,reggae
tfidf centered inner product,Borderline,rock,The Easy Spell,hip hop,Thinking About You,pop,Shock Dat Monkey,r&b/soul
tfidf centered inner product,March Of The Pigs,rock,She Ain't Afraid,hip hop,like you to me,punk,Let's Do This Now,metal
tfidf centered inner product,Burn,rock,Re-Birth,metal,Crazy World,electronic,Burning Bridges,rock
tfidf centered inner product,Something I Can Never Have,rock,Interlude 5,r&b/soul,The Right to Write Me Off,punk,Overcome,r&b/soul
tfidf centered inner product,It's Your World Now,rock,Lentil (Live),punk,Club Megamix,rock,Passin' Me By,hip hop
tfidf centered inner product,Something There Is About You,rock,My Story,jazz,B-Boy Bouillabaisse: A.W.O.L. (2009 Digital Remaster),hip hop,The Truth,hip hop
tfidf centered inner product,From Underneath,rock,Interlude 5,r&b/soul,Can't Let Go,r&b/soul,Freezin In The Cold,hip hop
tfidf centered inner product,Turn It On,rock,Tell You Something (Nana's Reprise),r&b/soul,Wanna Play,latin,Oh Jerusalem,r&b/soul
tfidf centered inner product,Something On My Mind,rock,B-Boy Bouillabaisse: A.W.O.L. (2009 Digital Remaster),hip hop,Man In The Mirror,pop,Diamonds From Sierra Leone,hip hop
tfidf correlation,All The Things You Are,blues,These Arms Of Mine,blues,Please Baby,jazz,Winter Rose,folk
tfidf correlation,Vultures,blues,Never Gonna Give You Up,r&b/soul,Fire and Heights,reggae,Jerusalem,reggae
tfidf correlation,Out Of My Mind,blues,Half Right,rock,Hades Lady,rock,Sad Lover's Waltz,rock
tfidf correlation,Hump Bounce,blues,Here We Go,punk,Don't Stop,country,Disco,punk
tfidf correlation,Intro - The Sermon,blues,The Way It Is,pop,Pass The Mic (Pt. 2_ Skills To Pay The Bills) (2009 Digital Remaster),hip hop,Oh Well,folk
tfidf correlation,Call On Me,blues,Just Right,r&b/soul,Oh Baby I,r&b/soul,5:19,folk
tfidf correlation,Oceans and Streams,blues,What Can I Say,metal,Dreams,r&b/soul,Time To Grow,r&b/soul
tfidf correlation,10 A.M. Automatic,blues,Bonin' In The Boneyard,r&b/soul,Rockin' Pneumonia,blues,Baby Help Me,r&b/soul
tfidf correlation,Aeroplane Blues,blues,13 Months Of Sunshine,reggae,Sufferin' In The Land,reggae,Masters Of Revenge,rock
tfidf correlation,All Hands Against His Own,blues,Outside The Trains Don't Run On Time,punk,Brotha,r&b/soul,GO,punk
tfidf correlation,Black Door,blues,Take Me To The Backseat (Album Version),rock,Oh Baby I,r&b/soul,Don't Bother Me (Bad Brains),punk
tfidf correlation,Busted,blues,If Trust Is Broken...,punk,Caught Up,r&b/soul,Walk The Proud Land,reggae
tfidf correlation,Give Your Heart Away,blues,Share My World,r&b/soul,One Night,pop,Take Me Away,electronic
tfidf correlation,Grown So Ugly,blues,Whose Muddy Shoes,blues,Louise,blues,Snoopafella (Edited),hip hop
tfidf correlation,Hard Row,blues,Enjoy Yourself,r&b/soul,Let Yourself Go,jazz,Whatever Gets You Through The Day,jazz
tfidf correlation,I Got Mine,blues,Winter Rose,folk,Please Baby,jazz,Rollin' Mama Blues,blues
tfidf correlation,If You See Me,blues,Treat Me Like A Lady,pop,Door To My Heart,country,Candy Man,blues
tfidf correlation,Lies,blues,Where Are You?,punk,Crossover Interlude,pop,Kiss Of Death,metal
tfidf correlation,Next Girl,blues,The Girl That I Marry,jazz,Cavatina,classical,The Girl Next Door,jazz
tfidf correlation,No Fun,blues,No Fun (Remasterd LP Version),punk,Kicking And Screaming,electronic,Time Out For Fun,punk
tfidf correlation,Stack Shot Billy,blues,I Shot The Devil,punk,Down By The River [Live At Massey Hall 1971],folk,American Tale,folk
tfidf correlation,Ten Cent Pistol,blues,Cyclops,metal,Right About Now,country,You Do The Same For Me,jazz
tfidf correlation,The Flame,blues,Flames of Love,blues,Kissing The Flames,country,Wheel Of Fortune,jazz
tfidf correlation,These Days,blues,Last to Know,jazz,The Howling,folk,Death To The Dodgers Of Soap,metal
tfidf correlation,When The Lights Go Out,blues,Just Don't Want To Be Lonely,r&b/soul,Alpha Beta Parking Lot,rock,Enemmän,pop
tfidf correlation,Have Love Will Travel,blues,I Miss You,r&b/soul,I'm Not In The Mood (To Say No)!,country,Reggae On Broadway,reggae
tfidf correlation,C.C. Rider,blues,All Along The Water,pop,Careless Love,blues,Coming Home (Live At Sheffield City Hall),pop
tfidf correlation,I Got a Woman,blues,Only Fool In Town (2002 Digital Remaster),blues,Full-Time Lover,blues,It's All Over,jazz
tfidf correlation,The Sun's Gonna Shine Again,blues,Black Dog,country,I BELIEVE,electronic,When The Saints Go Marching In,country
tfidf correlation,Losing Hand,blues,Caught Up,r&b/soul,I Don't Wanna Lose Your Love,r&b/soul,Higher,r&b/soul
tfidf correlation,Nobody But Me (Album Version),blues,Nasty Grind,r&b/soul,Nobody's Man,pop,It's All Over,jazz
tfidf correlation,A Sunday Kind of Love,blues,Sprung,r&b/soul,London Boys,rock,I'm Cool,reggae
tfidf correlation,I Just Want To Make Love To You,blues,I Just Want To Make Love To You,blues,You Got Me,folk,Give Me What I Want (LP Version),r&b/soul
tfidf correlation,My Dearest Darling,blues,Come Back Darling,reggae,Stir It Up,reggae,My Special Prayer,r&b/soul
tfidf correlation,W.O.M.A.N.,blues,The Great Collapse,electronic,I'm A Woman,blues,Kind Hearted Woman Blues (Album Version),blues
tfidf correlation,Alberta,blues,Ain't Had No Lovin',country,Been So Long,r&b/soul,Try Our Love Again,r&b/soul
tfidf correlation,Before You Accuse Me (Take A Look At Yourself),blues,Before You Accuse Me,blues,Up To No Good,reggae,four hearts,folk
tfidf correlation,Early In The Morning,blues,Allow Me One More Show,blues,If I Needed You,folk,Shining Moon,blues
tfidf correlation,Floating Bridge,blues,Stormy Monday,blues,Down At The Landing,blues,Since Yesterday,punk
tfidf correlation,Kind Hearted Woman Blues (Album Version),blues,Kindhearted Woman Blues,blues,Woman Trouble,blues,W.O.M.A.N.,blues
tfidf correlation,That's All (Album Version),classical,Straight From The Heart,pop,Love Me Warm And Tender,punk,Even Tho',country
tfidf correlation,America (Revised Live Version),classical,America,folk,Death Of A Ladies' Man,folk,I Forgot,rock
tfidf correlation,Broken Vow (Album Version),classical,Broken Vow,classical,More Than Words,pop,Broken Buildings,rock
tfidf correlation,Gira Con Me Questa Notte (Album Version),classical,Piano (Memory),classical,Caruso,classical,La Canzone Dell' Impossibile,jazz
tfidf correlation,Hymne A L'Amour (Album Version),classical,L'Homme De La Situation,pop,A Tes Côtés,folk,Mon Ange,pop
tfidf correlation,It Came Upon A Midnight Clear (Album Version),classical,The Crash Of Angel Wings,rock,You're My Angel,country,Angel,hip hop
tfidf correlation,Let Me Fall (From Cirque du Soleil) (Album Version),classical,Catch Me,electronic,Let The Chips Fall,country,If Only For One Night,r&b/soul
tfidf correlation,Mi Mancherai (Il Postino) (Revised Live Version),classical,Come Primavera,classical,Il Pugile Sentimentale ( Live ),folk,Semplicemente (Canto Per Te),classical
tfidf correlation,My Confession (Album Version),classical,Blessed,country,Beautiful Day,metal,Careful,electronic
tfidf correlation,Oceano (Revised Live Version),classical,Niente Per Scontato,electronic,Mamma,classical,La Scala (The Ladder),pop
tfidf correlation,Remember When It Rained (Album Version),classical,Oh Na Na Na,latin,Dla Niego,pop,An Mhaighdean Mhara,classical
tfidf correlation,Remember When It Rained (Revised Live Version),classical,Oh Na Na Na,latin,Dla Niego,pop,An Mhaighdean Mhara,classical
tfidf correlation,Smile,classical,My Love Remains,blues,By The Time It Gets Dark,folk,I Wish You Could Smile,classical
tfidf correlation,Solo Por Ti (Album Version),classical,Solo Con Un Beso,latin,En nuestro aniversario,latin,Que Voy A hacer Sin Tí,latin
tfidf correlation,Un Giorno Per Noi (Album Version),classical,Niente Per Scontato,electronic,Dentro Me,classical,Che Gelida Manina,classical
tfidf correlation,Vincent (Starry_ Starry Night) (Album Version),classical,Never Ending Nights,rock,Set It Free,pop,Broken Buildings,rock
tfidf correlation,When You Say You Love Me (Album Version),classical,It's Time,electronic,Bizarre Love Triangle,electronic,Say Hello (Angello & Ingrosso Remix),electronic
tfidf correlation,You Raise Me Up (Album Version),classical,You Raise Me Up,classical,Raise Your God,electronic,This Punishment,metal
tfidf correlation,Believe (Album Version),classical,I Believe,classical,Stupid Girl,rock,Where Is Your Heart At?,jazz
tfidf correlation,Away In A Manger,classical,Away In A Manger,jazz,Raio No Terrasu (Jesus Wept),electronic,Little Lord Obedience,electronic
tfidf correlation,Cinema Paradiso (Se) (Album Version),classical,Oggi,jazz,La Promesa,classical,L'Attesa,classical
tfidf correlation,All Around Me,classical,Rather Be Dead,metal,Asleep,folk,Will I Get Out Of Jail,electronic
tfidf correlation,Black Opera,classical,Ho's A Housewife,hip hop,The Dayz Of Wayback,hip hop,Crossing the Boundary,hip hop
tfidf correlation,Baal's Hymn,classical,Captain Anarchy,punk,A Thing Called Love,country,Joy To The World,classical
tfidf correlation,Adagio,classical,Adagio,classical,Il meglio di te,jazz,Le Beatitudini,folk
tfidf correlation,Adeste Fideles,classical,O Holy Night,classical,Flow,pop,Ave Maria No Morro,latin
tfidf correlation,All By Myself (Solo Otra Vez),classical,Amor Mio No Te Vayas,latin,Otra Vez,latin,Sin Conocerte,pop
tfidf correlation,Amazing Grace,classical,Amazing Grace,classical,Peace,r&b/soul,Playstation Blues,electronic
tfidf correlation,Angelina,classical,Cantando,hip hop,Sonrisa especial,latin,Abre tu puerta (y cruza el universo),hip hop
tfidf correlation,Ave Maria,classical,Fili,rock,Roma Sogna,classical,Dolce Veneno,classical
tfidf correlation,Caruso,classical,Caruso,classical,La Canzone Dell' Impossibile,jazz,Nessun dorma!,classical
tfidf correlation,Come Primavera,classical,Passeggeri Distratti,latin,Tristesse,classical,Spente Le Stelle,classical
tfidf correlation,Dentro Un Altro Si,classical,Oceano (Revised Live Version),classical,Per combattere l'acne,folk,L'Età Dei Figuranti,hip hop
tfidf correlation,En Aranjuez Con Tu Amor,classical,Aranjuez Ma Pensee,classical,Hermanos de sangre (Rulot 05),rock,No te creas,folk
tfidf correlation,Enamorado,classical,Alejate De Mi,latin,Virgen De Riña,hip hop,Volcan,latin
tfidf correlation,Esisti Dentro Me,classical,Ognuno Soffre,classical,Se Tu Non Sei Lei,classical,Tristesse,classical
tfidf correlation,Everytime I Look At You,classical,Playstation Blues,electronic,Blinded,metal,My Big Mistake,pop
tfidf correlation,Feelings,classical,Niente Per Scontato,electronic,Semplicemente (Canto Per Te),classical,L'Età Dei Figuranti,hip hop
tfidf correlation,Hallelujah (Aleluya),classical,Buenaventura Y Caney,latin,El ectoplasta,pop,Amores Como El Nuestro,latin
tfidf correlation,Hasta Mi Final,classical,Llorar duele mas,latin,Tal Para Cual,latin,Vete De Mi,latin
tfidf correlation,Crazier,country,Love Goes Down,r&b/soul,You Made Me Feel,country,Manhattan,rock
tfidf correlation,Fifteen,country,Bump What Your Friends Say,r&b/soul,Someday,jazz,Rainbow Connection,punk
tfidf correlation,Change,country,Prologue,metal,Handsworth Revolution,reggae,Days Like These,reggae
tfidf correlation,You Can't Read My Mind,country,Not Your Baby,pop,All Over Again,blues,Midnight Bottle,pop
tfidf correlation,Man In White,country,Flowers,rock,I Saw the Light,country,Born And Raised In Black And White,country
tfidf correlation,Holes,country,Safe Word,electronic,The Truth,electronic,Indian Queens,country
tfidf correlation,Baby Girl,country,Never Gonna Give You Up,r&b/soul,Send It To Me,r&b/soul,Please Come Home For Christmas,rock
tfidf correlation,Growin' Up Down There,country,Summer In Dixie (Remastered Album Version),country,Aerobicide,punk,Dumb,r&b/soul
tfidf correlation,Hangin' Around,country,Wish,metal,I Forgot My Name,jazz,Chase The Clouds Away,jazz
tfidf correlation,Here I Am,country,Looking Back On Vanity,r&b/soul,Lookin' Through The Windows,r&b/soul,Twizala,r&b/soul
tfidf correlation,She's Got A Way With Me,country,Half The Man,country,Never Gonna Give You Up,r&b/soul,She's Not the One,punk
tfidf correlation,That's How Country Boys Roll,country,North Dakota,country,Roll On (Eighteen Wheeler),country,Indian Dance,r&b/soul
tfidf correlation,Where The Girls Are,country,Girls Just Want To Have Fun,pop,Girls Just Want To Have Fun (Demo),folk,Music Is Through,jazz
tfidf correlation,Daddy Sang Bass,country,Lawrence,country,Daddy Frank,country,Mom And Dad's Waltz,country
tfidf correlation,I Don't Know Where I'm Bound,country,One Nation (Album Version),metal,Swept Away,country,Dos Factotum,jazz
tfidf correlation,I Was There When It Happened,country,Villains (Full-Length),metal,Lord Of The Flies (Live In Dortmund),metal,Ginuwine 4 ur Mind,hip hop
tfidf correlation,The Big Battle,country,Killin' Spree,hip hop,Livin In The West,country,Mexico City,folk
tfidf correlation,A Thing Called Love,country,She's Got A Way With Me,country,Baal's Hymn,classical,Intro: Guess I'm Into Feeling,pop
tfidf correlation,You Dreamer You,country,Asking Around For You,blues,You're My Angel,country,It Came Upon A Midnight Clear (Album Version),classical
tfidf correlation,I Walk The Line,country,Close Your Eyes,jazz,Until You're Mine,pop,Still In Love With You,jazz
tfidf correlation,Life's Railway To Heaven,country,Parallels Of Infinite Torture,metal,Angel,hip hop,Monster,punk
tfidf correlation,If I Had Wings,country,fly,electronic,My Special Prayer,r&b/soul,Why,electronic
tfidf correlation,Pray About Everything,country,Don't Worry (ReMastered),r&b/soul,One Day Closer to You,country,Work It Out,electronic
tfidf correlation,Your Everything,country,La Prima Volta (First Time Ever I Saw Your Face),classical,Snow,classical,Trapped,punk
tfidf correlation,A Little Too Late,country,Too Late,blues,Misled,rock,Here I Am,reggae
tfidf correlation,Who's Your Daddy?,country,(You Can't Let The Boy Overpower) The Man In You,r&b/soul,Evening,blues,Piece Of My Heart,jazz
tfidf correlation,A Woman's Touch,country,Empress,reggae,The Great Collapse,electronic,W.O.M.A.N.,blues
tfidf correlation,Big Ol' Truck,country,One of these Days,blues,Figure It Out,punk,Diddy Wah Diddy,blues
tfidf correlation,Blue Bedroom,country,After You've Gone (live),jazz,California Blue,rock,My Phone,jazz
tfidf correlation,It's All Good,country,Alright,r&b/soul,Believe,punk,Revolution,blues
tfidf correlation,Sweet,country,Live Foul,hip hop,Futterman's Rule (2009 Digital Remaster),r&b/soul,9mm,hip hop
tfidf correlation,You Shouldn't Kiss Me Like This,country,Not Leaving Without You (Album Version),pop,Kiss Me,punk,One Kiss From Heaven,r&b/soul
tfidf correlation,A Real Fine Place To Start,country,Electric Barbarella (Radio Edit),electronic,You're So Fine,blues,Waiting For The Day,r&b/soul
tfidf correlation,Endless love,country,My Heart Belongs To You,classical,Forever Yours,country,Share My World,r&b/soul
tfidf correlation,Love Gets In The Way (Album Version),country,Diddy Wah Diddy,blues,TV,punk,I'm Still Dancin' With You,country
tfidf correlation,I'd Like To Have That One Back,country,I Want My Girl,r&b/soul,I Feel Sorry For Him,country,She Thinks,hip hop
tfidf correlation,Marina Del Rey,country,The Royal Mile,folk,She's In Love,country,El Mauro,latin
tfidf correlation,Milk Cow Blues,country,Good Morning,blues,The Way You Treated Me (You're Gonna Be Sorry),blues,Worried Life Blues,blues
tfidf correlation,Another Try,country,Amazed,r&b/soul,Christmas Island,jazz,Killing Smile,rock
tfidf correlation,As Fast As I Could,country,Square One (Album Version),rock,Keepin' Up,country,Never Love You,r&b/soul
tfidf correlation,One More Time / Aerodynamic,electronic,Sweet Music,reggae,So Much More,electronic,Dance Me,electronic
tfidf correlation,One More Time (Romanthony's Unplugged),electronic,Baby Come Back,blues,The Hurt,pop,Givin' It Up,jazz
tfidf correlation,Touch It / Technologic,electronic,She Be The One,latin,Tune Me Out,reggae,The Street And Babe Shadow,rock
tfidf correlation,Boots &  Boys,electronic,Jonesy Boy,folk,Joy,r&b/soul,Infant Joy,classical
tfidf correlation,Animal,electronic,A Viable Commercial,punk,Sleep Tight,jazz,The 59th Street Bridge Song (Feelin' Groovy),folk
tfidf correlation,Hot N Cold (Innerpartysystem Main),electronic,It's Only Your Life,folk,Time Is Money (Bastard),electronic,Dudley,rock
tfidf correlation,Captains and Cruise Ships,electronic,faraway voice,jazz,Spaceman,metal,Mary,country
tfidf correlation,Designer Skyline,electronic,Sunny Road,folk,Marrakech,jazz,Red Gold And Green,reggae
tfidf correlation,Early Birdie,electronic,Sleeping With The Lights On,pop,How Deep Is The Ocean (How High Is The Sky),jazz,From Underneath,rock
tfidf correlation,Meteor Shower,electronic,Don't Let It Get To You (Album Version),pop,Banstead,rock,Summer On The West Hill,folk
tfidf correlation,This Is The Future,electronic,Crime,reggae,Wake Up Call (Album Version),electronic,Curse,reggae
tfidf correlation,Kings and Queens (Innerpartysystem Remix Main),electronic,Starbound,blues,Heaven's In Here (1999 Digital Remaster),blues,Africa Unite,reggae
tfidf correlation,Bounce,electronic,Strictly 4 My N.I.G.G.A.Z.,hip hop,Rowdy Rowdy,hip hop,24's,hip hop
tfidf correlation,Vanished,electronic,On Bedford and Grand,punk,Dead Cities,punk,Riot City,punk
tfidf correlation,Xxzxcuzx,electronic,Left For Dead,reggae,Love Is (What I Say),rock,You're The Voice,classical
tfidf correlation,Die Another Day [Live],electronic,Just Another Day (Album Version),electronic,My Dearest Friend,folk,Woke up Dreaming,blues
tfidf correlation,Perfect (Nellee Hooper Instrumental),electronic,Pass The Dutchie,reggae,The Lover In Me,pop,Lovers In Captivity,rock
tfidf correlation,Love At First Sight (The Scumfrog's Beauty And The Beast Vocal Edit),electronic,You Are The Only One I Love,folk,I Believe,country,Kiss,jazz
tfidf correlation,I Am Not A Whore,electronic,Love Me Tender,country,Mr. Cool (Featuring Mario Winans) (Album Version),r&b/soul,Rush,electronic
tfidf correlation,Fever,electronic,Better Than Making Love,r&b/soul,Call Me Up,r&b/soul,Kiss me now,rock
tfidf correlation,Freestate,electronic,Let Yourself Go,jazz,Phoenix From The Fire,folk,Enjoy Yourself,r&b/soul
tfidf correlation,Personal Jesus,electronic,Personal Jesus,metal,-9-,rock,Reach Out And Touch (Live @ Fillmore West),jazz
tfidf correlation,Broken,electronic,I'm a Broken Heart,rock,Broken Hearted,r&b/soul,The Weak Shall Prevail,metal
tfidf correlation,Kids With Guns (Quiet Village Remix),electronic,To Satellite,metal,Push Me Away,r&b/soul,Lively Up Your Monday,electronic
tfidf correlation,Rhinestone Eyes,electronic,Dandelion Hill,jazz,99 Red Balloons,punk,California Blue,rock
tfidf correlation,Invaders Must Die,electronic,Stavesail,punk,Nipple To The Bottle,r&b/soul,The Earth Dies Screaming,reggae
tfidf correlation,Wake Up Call (Album Version),electronic,Right Here Right Now,electronic,From This Dream,country,Therapy,electronic
tfidf correlation,We Gonna Rock,electronic,Stop The Rock,electronic,Rock Lobster (Live),electronic,Baby We've Got A Date (Rock It Baby),reggae
tfidf correlation,The Great Collapse,electronic,W.O.M.A.N.,blues,Ain't That Just Like A Woman,blues,I'm A Woman,blues
tfidf correlation,Electric Barbarella (Radio Edit),electronic,Time To Make You Mine,pop,You're So Fine,blues,A Real Fine Place To Start,country
tfidf correlation,Pluto,electronic,i like the sunrise,jazz,All The Bodies,punk,Wait,jazz
tfidf correlation,Delta Bay,electronic,Who Shot Sam,country,The Messiah Will Come Again,blues,Shot In The Dark,reggae
tfidf correlation,We Are The People (Shazam Remix),electronic,Even So,folk,Believe,punk,The End Of The World,metal
tfidf correlation,You Left Me,electronic,Can't Get You Off My Mind,r&b/soul,Outside World,electronic,Love Is Strange,folk
tfidf correlation,The Warning,electronic,"Pacifics (Sdtrk ""N.Y. Is Red Hot"")",hip hop,Show Me The Money,hip hop,Lullaby of the Moths,rock
tfidf correlation,Keep It On Ice,electronic,My Funny Valentine,rock,His Name Is Mutty Ranks,hip hop,My Funny Valentine,jazz
tfidf correlation,The Jester,electronic,10_000 Feet,rock,Black And Blue Again,electronic,Intro,r&b/soul
tfidf correlation,Lazy Days,electronic,One Happy Day,electronic,Take It Back,blues,Ocean Floor,electronic
tfidf correlation,Someone Said Goodbye,electronic,Never Did Say Goodbye,reggae,Treason,rock,All We Ever Do Is Say Goodbye,folk
tfidf correlation,The Magic Of The Night,electronic,Flying high,metal,Angels on Earth,blues,When I Needed an Angel,blues
tfidf correlation,Gave It A Name,folk,I Feel Sorry For Him,country,Bungee,folk,Captain Anarchy,punk
tfidf correlation,The Vanishing Race,folk,Willie,blues,Wabash Cannonball,country,Black Train Blues,blues
tfidf correlation,All We Ever Do Is Say Goodbye,folk,This Lull-a-bye (Album Version),jazz,Don't Say No More,r&b/soul,Goodbye,punk
tfidf correlation,Clarity,folk,Rubylove,folk,Ooh La La,blues,Throb,r&b/soul
tfidf correlation,Why Georgia,folk,Grey (from Revelling Reckoning),folk,I Wonder If I Care As Much,country,Life It What It Is (Remastered LP Version),pop
tfidf correlation,Mudfootball (For Moe Lerner),folk,Neptune,blues,lucky to be me,jazz,She's Everything,punk
tfidf correlation,Sister Winter,folk,I Wish You Love,jazz,Put Your Dreams Away,jazz,Stone Cold Heart,r&b/soul
tfidf correlation,In A Graveyard,folk,Static Age,punk,I'm Going On A Long Journey Never To Return,blues,Weak Become Heroes,hip hop
tfidf correlation,Baby,folk,Fall On My Knees,folk,My Little Girl,blues,Blister In The Sun,jazz
tfidf correlation,Janglin,folk,Dead Weight Falls (Album Version),punk,Daddy's Moonshine Still,country,Sigillum Diaboli,metal
tfidf correlation,Ballad In Plain D,folk,Nothing Left to Mutilate,metal,Mommy For A Day,country,Albino,folk
tfidf correlation,One Of Us Must Know (Sooner Or Later),folk,The Skeleton Song,reggae,I Didn't Mean To Turn You On,rock,I Didn't Know That You Cared,electronic
tfidf correlation,It's Growing,folk,Hey Now,pop,Tin Pan Alley (aka Roughest Place In Town),blues,Stop Playin',r&b/soul
tfidf correlation,Oh_ Susannah (LP Version),folk,Love Henry,country,Down On My Knees,r&b/soul,Needles And Pins (Remastered Album Version ),punk
tfidf correlation,Something In The Way She Moves,folk,Cherry Ball Blues,blues,You're So Fine,blues,By The Bed,rock
tfidf correlation,Draw The Line,folk,Strike It Up,electronic,Move Me On Down The Line [Remastered Album Version],blues,Farewell Ride,rock
tfidf correlation,Sail Away,folk,Give Me Back My Wig,blues,Shining Star,r&b/soul,Never Go Away,r&b/soul
tfidf correlation,Stella The Artist,folk,Winter Rose,folk,Keep Your Hands Off Her,blues,ROSE IN THE SAND,country
tfidf correlation,Swing Life Away (Acoustic),folk,Bourbon Borderline,country,Summer On The West Hill,folk,Moonlight,reggae
tfidf correlation,Billy 4,folk,Something to remember you by,jazz,Down By The River [Live At Massey Hall 1971],folk,Whisper,country
tfidf correlation,Stuck Inside Of Mobile With The Memphis Blues Again,folk,Li'l Jack Horny,rock,Beale Street Mama,blues,The Winkle Man,reggae
tfidf correlation,Pretty Peggy-O,folk,My Pretty Girl,blues,Truly Dead,reggae,Dead Love,rock
tfidf correlation,She Belongs To Me,folk,Beef Bologna,punk,When A Woman Loves A Man,country,She's Everything,punk
tfidf correlation,When The Deal Goes Down,folk,Strings,r&b/soul,Strayz (Album Version),rock,Eventide,pop
tfidf correlation,With God On Our Side,folk,Into Battle,metal,Realities Of War,punk,Kafir !,metal
tfidf correlation,Terrapin,folk,We Are In Love,jazz,Embraceable you,jazz,Black Is The Color,folk
tfidf correlation,On The 4th of July,folk,Stavesail,punk,Closer To The Heart,metal,Proud To Fall,punk
tfidf correlation,Company Man,folk,Chinese Arithmetic,rock,It's Not OK [Live From London],rock,The Strawberry Roan,country
tfidf correlation,Ace,folk,Old Hippie,country,El Lute,pop,Possessed To Skate,metal
tfidf correlation,How Do You Keep Love Alive,folk,Goodbye Young Tutor_ You've Now Outgrown Me,folk,Southern Hospitality,metal,Black Mountain Blues,blues
tfidf correlation,When The Stars Go Blue,folk,Laughing At Life,jazz,In The Blue Of The Evening,jazz,Static Age,punk
tfidf correlation,Forever My Friend,folk,Call Me,jazz,Straight From The Heart,pop,Make You Sweat (LP Version),jazz
tfidf correlation,How Come [Acoustic Mix],folk,Everybody Everybody,electronic,Begin Again,electronic,The Christmas Song,country
tfidf correlation,Chelsea Hotel #2,folk,One Time We Lived,electronic,'Til There Was You,jazz,Weekenders,folk
tfidf correlation,Lethal Enforcer (Live From Union Chapel_ London),folk,Take Me,pop,Don't Get Around Much Anymore,jazz,Love Don't Live Here,electronic
tfidf correlation,Change,folk,Angst In My Pants,electronic,Hindsight,metal,Cat And Mouse,punk
tfidf correlation,Under The Weather,folk,Where I Stand,country,Can't Find My Way Home,punk,Boom Boom (Out Go The Lights),blues
tfidf correlation,So Sister,folk,Miss Ann,blues,When She's Gone,folk,Miss Otis Regrets,jazz
tfidf correlation,Lost Tonight,folk,Out of Character,blues,Disco,punk,Even Cowgirls Get The Blues,rock
tfidf correlation,Sunnyside Of The Street,folk,On The Sunny Side Of The Street,jazz,Fannin Street,pop,Marrakech,jazz
tfidf correlation,Can't Tell Me Nothing,hip hop,I La La La Love You,blues,Alamo,hip hop,I'm Not In The Mood (To Say No)!,country
tfidf correlation,Graduation Day,hip hop,Crossing the Boundary,hip hop,I'm,hip hop,Black Opera,classical
tfidf correlation,Wake Up Mr. West,hip hop,Like Nothing Else,country,Keep Your Shit The Hardest,hip hop,Love Don't Have To Be So Hard,country
tfidf correlation,A8,hip hop,Dla Niego,pop,An Mhaighdean Mhara,classical,Oh Na Na Na,latin
tfidf correlation,Boom Boom Guetta,hip hop,Steady Beat Convention,reggae,We Gonna Rock,electronic,Feel The Beat,electronic
tfidf correlation,Communication,hip hop,I Got It Goin' On,jazz,Guitar Playin',hip hop,I'm That Type Of Ni**a,hip hop
tfidf correlation,One Tribe,hip hop,Yours (Live),jazz,Jerusalem,reggae,The Illest Brother,hip hop
tfidf correlation,Sexy,hip hop,Naked,r&b/soul,In The Kitchen,r&b/soul,Let It Flow,rock
tfidf correlation,Tell Your Momma Come,hip hop,Pass The Mic (Pt. 2_ Skills To Pay The Bills) (2009 Digital Remaster),hip hop,Back In The Day (Explicit LP Version),hip hop,Show Me The Money,hip hop
tfidf correlation,The Apl Song,hip hop,Futterman's Rule (2009 Digital Remaster),r&b/soul,Party For Your Right To Fight,hip hop,Pass The Mic (Pt. 2_ Skills To Pay The Bills) (2009 Digital Remaster),hip hop
tfidf correlation,Diamonds From Sierra Leone,hip hop,Flow On (Move Me No Mountain),hip hop,Honest Expression,hip hop,It's Like That,jazz
tfidf correlation,If I Had,hip hop,I'm So Glad,blues,This World,country,Be Like Me,electronic
tfidf correlation,Ken Kaniff,hip hop,Soopaman Luva 3,hip hop,Givin' Up (Clean Version),rock,Faulty,hip hop
tfidf correlation,My Darling,hip hop,Stir It Up,reggae,My Dearest Darling,blues,Go Now,pop
tfidf correlation,8 Mile,hip hop,Book Of Life,hip hop,Momma Knows,hip hop,She Ain't Afraid,hip hop
tfidf correlation,Love Was Here,hip hop,All Of Me,country,Baby Come Back,blues,Billie Jean,r&b/soul
tfidf correlation,Be With You,hip hop,Random I Am (Album Version),punk,The Way It Is,pop,Revenge,metal
tfidf correlation,Locked Up,hip hop,Room In My Head,folk,Shanghaid,blues,Blues For Suckers,blues
tfidf correlation,So Ghetto,hip hop,Right Now,hip hop,Strictly 4 My N.I.G.G.A.Z.,hip hop,Fuck Off,metal
tfidf correlation,Heart Of The City (Ain't No Love),hip hop,Superstar (Double Murder = Double Platinum),r&b/soul,Who Run It,hip hop,Strictly 4 My N.I.G.G.A.Z.,hip hop
tfidf correlation,Rabbit Run,hip hop,She Ain't Afraid,hip hop,My Life,reggae,Fuck Off,metal
tfidf correlation,Splurge,hip hop,Around The Way [Explicit Album Version],hip hop,Feelin' Good,country,Keep Your Shit The Hardest,hip hop
tfidf correlation,St. Louie,hip hop,Love You Till Friday,punk,Just Another Day,hip hop,How We Do,r&b/soul
tfidf correlation,Wrap Sumden,hip hop,Contact Blitt,hip hop,The Dayz Of Wayback,hip hop,Shift Shape,hip hop
tfidf correlation,Soon You'll Understand,hip hop,What's It Gonna Be,r&b/soul,Momma Knows,hip hop,Pack The Pipe,hip hop
tfidf correlation,Encore,hip hop,Pass The Mic (Pt. 2_ Skills To Pay The Bills) (2009 Digital Remaster),hip hop,Peace_ Prosperity & Paper,hip hop,9mm,hip hop
tfidf correlation,Say Now,hip hop,Oh Na Na Na,latin,Dla Niego,pop,An Mhaighdean Mhara,classical
tfidf correlation,Been There Done That,hip hop,Marie Laveau,country,Just Another Day,hip hop,If I Had,hip hop
tfidf correlation,Magical,hip hop,I Love You Babe,r&b/soul,Can't We Be Sweethearts,pop,I Still Love You,r&b/soul
tfidf correlation,Over,hip hop,Ave Maria No Morro,latin,Do It Again,pop,I'm Gon' Change,r&b/soul
tfidf correlation,Wrap U Around Me,hip hop,Jack U Off (LP Version),r&b/soul,House Rent Boogie,blues,Never Letchu Go,r&b/soul
tfidf correlation,Paper Planes,hip hop,Monkey Suit,punk,Just Like Greta,folk,Electric High,classical
tfidf correlation,Set It Off,hip hop,Physical Stamina,hip hop,Right Now,hip hop,Expansion Team Theme,hip hop
tfidf correlation,Ho,hip hop,Mambo Swing,jazz,Up On The House Top,country,Live On Mars,punk
tfidf correlation,The What,hip hop,Rowdy Rowdy,hip hop,1st Booty On Duty,hip hop,We Got What You Want,hip hop
tfidf correlation,Rowdy Rowdy,hip hop,I Don't Want To Talk About It,hip hop,Real Muthaphuckkin' G's,hip hop,From What I Was Told,hip hop
tfidf correlation,Bang Out,hip hop,1st Booty On Duty,hip hop,Arrested (Insert) (Explicit),hip hop,Ho's A Housewife,hip hop
tfidf correlation,Snoopafella (Edited),hip hop,Bungee,folk,Mortal City,folk,Soopaman Luva 3,hip hop
tfidf correlation,Hair,hip hop,She's Famous Now,reggae,Caroline (Album Version),pop,I Can Change,r&b/soul
tfidf correlation,Happymess,hip hop,The Right to Write Me Off,punk,I Want That,electronic,Cry,pop
tfidf correlation,Put Your Head On My Shoulder (Album Version),jazz,I Can't Stand It,blues,Love Struck,r&b/soul,Can't Get Enough Of You,reggae
tfidf correlation,Stuck In The Middle With You (Non-Album Track),jazz,When I Die,reggae,G Up,rock,Stuck In The Middle,blues
tfidf correlation,You'll Never Find Another Love Like Mine (Album Version),jazz,Love Is Strange,folk,Some Of Your Lovin',pop,Lotta Lovin',rock
tfidf correlation,Kiss me baby,jazz,Sit Right Here,blues,I'm Looking For A Woman,blues,On a Saturday Night,r&b/soul
tfidf correlation,Let's Go,jazz,Don't Let Me In,jazz,If You Really Love Me,r&b/soul,Police The Nation,reggae
tfidf correlation,Moon Over Miami,jazz,How High The Moon,jazz,Russian Lullaby,jazz,The Gift,electronic
tfidf correlation,Hit That Jive Jack,jazz,Shake,r&b/soul,Big Fat Mama Blues,blues,Shake 'Em On Down,blues
tfidf correlation,The Christmas Song,jazz,The Christmas Song,country,The Colliers,folk,Tell Me Something I Don't Know,pop
tfidf correlation,Too Young,jazz,It's You,pop,To Be Young_ Gifted And Black (LP Version),r&b/soul,My Finest Hour,pop
tfidf correlation,Unforgettable,jazz,Just Because,blues,You Give Good Love,r&b/soul,Fee Fie Foe Fum,blues
tfidf correlation,Autumn Leaves,jazz,Stay Gold,r&b/soul,Evening's Fall,metal,Seasons,pop
tfidf correlation,Love Is A Many Splendored Thing,jazz,Lover,electronic,Humdinger,blues,For You,country
tfidf correlation,Smoke Gets in Your Eyes,jazz,Smoke Gets In Your Eyes,folk,Find My Way Back To My Heart,country,It's A Laugh,punk
tfidf correlation,If You Can't Smile And Say Yes,jazz,Cry Baby,electronic,Golden Day,pop,G Up,rock
tfidf correlation,She's Funny That Way,jazz,What You Do To Me,r&b/soul,Miss It So Much,electronic,Your Eyes,r&b/soul
tfidf correlation,The Ruby And The Pearl (2003 Digital Remaster),jazz,Love Me Warm And Tender,punk,Nighttime Birds,metal,Summertime,country
tfidf correlation,The Very Thought Of You,jazz,A Moment Isn't Very Long,country,Meditation,jazz,Slowmotion,electronic
tfidf correlation,Rudolph The Red-Nosed Reindeer,jazz,Rudolph The Red Nosed Reindeer,classical,Reeperbahn,blues,He's Frank,punk
tfidf correlation,December,jazz,May It Be,electronic,Words of Tranquility,electronic,I Wish You Love,jazz
tfidf correlation,Don't Know Why (Live),jazz,Buzz Me,blues,Phantom,hip hop,Cars,punk
tfidf correlation,Humble Me,jazz,Last Fair Deal Gone Down,blues,Saturday Evening Blues,blues,Don't You Know,r&b/soul
tfidf correlation,I've Got To See You Again,jazz,Killing,punk,Better Days,r&b/soul,Let's Get Ugly (Album),rock
tfidf correlation,Sinkin' Soon (iTunes Live Session),jazz,You're A Zombie,punk,She's Gonna Break Soon (Radio Edit) (w/o Horns),reggae,The Lounge,blues
tfidf correlation,The Long Way Home,jazz,Love Don't Love You (LP Version),r&b/soul,You Sure Love To Ball,r&b/soul,One More Day,blues
tfidf correlation,Those Sweet Words,jazz,Sweet Inspiration,blues,Singing Softly To Me,folk,The Chosen Ones,blues
tfidf correlation,Wish I Could (Live),jazz,Swimmer,jazz,Mr Rock & Roll,pop,Passin' Me By,hip hop
tfidf correlation,My Dear Country,jazz,Guilty,jazz,Silence,reggae,Dragonfly (Album),punk
tfidf correlation,I Love The Way You Say Goodnight,jazz,It's a Pity to Say Goodnight,jazz,Cousin Dupree,jazz,It's Never Too Late,country
tfidf correlation,White Christmas,jazz,Sur Le Fil,pop,Le Rêve Des Filles,pop,Thérapie De Groupe,pop
tfidf correlation,Memories Are Made Of This,jazz,Back Then,hip hop,Fell in Love Without You (Cd),punk,I Can't Stand the Rain,jazz
tfidf correlation,Little Room,jazz,Disgusted,blues,The Hunter,punk,New York Mining Disaster 1941,rock
tfidf correlation,Bei Mir Bist Du Schön,jazz,Elefanter,rock,Lieber einen paffen,reggae,Es geht mir gut,punk
tfidf correlation,Don't Sit Under The Apple Tree,jazz,(You Were Made) Especially For Me,r&b/soul,Anyone Who Knows What Love Is (Will Understand),r&b/soul,In Love In Vain,jazz
tfidf correlation,Falling In Love Again,jazz,Falling In Love Again,pop,I'm So Glad,blues,Never Gonna Fall,r&b/soul
tfidf correlation,Heebie Jeebies,jazz,Shall We Dance,jazz,I Wanna Dance With You,country,Dance Me,electronic
tfidf correlation,I Will Survive,jazz,She Thinks,hip hop,Forever Ain't That Long Anymore,country,I Won't Love You Anymore (Sorry),r&b/soul
tfidf correlation,In The Mood,jazz,The Cobbler,electronic,Who Is He? (And What Is He To You?),r&b/soul,I Call Him Love,pop
tfidf correlation,Kiss,jazz,La Prima Volta (First Time Ever I Saw Your Face),classical,Kickin' It With Your Girlfriend,r&b/soul,Electric Lady,r&b/soul
tfidf correlation,Let Me Go Lover,jazz,Clone Your Lover,classical,The Climbing Rose,rock,My Only Lover,reggae
tfidf correlation,On An Evening In Roma (Sott'er Celo De Roma),jazz,Canto La Vita,classical,Libero liberi libera,reggae,Una Canzone Arresa,rock
tfidf correlation,No Puedo Mas Sin Ti (I'm Your Man),latin,Y Aqui Estoy,latin,Amame,pop,Te Extrano,latin
tfidf correlation,En Tus Pupilas,latin,Quisiera,latin,Desire,classical,Te Propongo,latin
tfidf correlation,Que Me Quedes Tu,latin,No Paseis Por Alto A Los Genios,hip hop,Pregon Para Iluminarse,folk,Después De Ti,latin
tfidf correlation,Sombra De Ti,latin,No Te Vayas,blues,Quien No Ha Dicho Una Mentira,latin,Tu Pa Mi,reggae
tfidf correlation,Te Dejo Madrid,latin,Suavemente,latin,Amor Mio No Te Vayas,latin,Quiero,latin
tfidf correlation,Tú,latin,19 De Noviembre,latin,Sin Conocerte,pop,Ni Te Llamo Ni Te Busco,latin
tfidf correlation,La Chica De Ayer,latin,Eres,latin,Magia De Amor,classical,Lágrimas De Miel,latin
tfidf correlation,Adicto,latin,Giros,pop,Como La Primera Vez,latin,Obsesion (English Remix_ Album Version),latin
tfidf correlation,Al Despertar,latin,Es Por Ti,latin,La Coqueta,latin,Te Necesito,latin
tfidf correlation,Alguien Como Tú,latin,Como Yo,latin,Desde mi cielo,metal,Virgen De Riña,hip hop
tfidf correlation,Inalcanzable,latin,Cosas Imposibles,latin,Una Flor En El Desierto,latin,Tu Amor Eterno,latin
tfidf correlation,Lloro Por Ti,latin,Amor de Tele,latin,De Oro,electronic,Mujer Calavera,latin
tfidf correlation,Mamacita,latin,El ectoplasta,pop,Vuelve Conmigo,latin,Buena Vista Social Club,latin
tfidf correlation,Miss You,latin,I Miss You,r&b/soul,Miss Ann,blues,Freedom Feels Like Lonely,country
tfidf correlation,Para De Jugar,latin,Te Quiero Porque Te Quiero,latin,La Media Vuelta,latin,Libre,reggae
tfidf correlation,She Be The One,latin,She's A Runner (24-Bit Digitally Remastered 02),rock,Beef Bologna,punk,Touch It / Technologic,electronic
tfidf correlation,Trapecista,latin,Guacamaya,latin,Amarte Es Todo,latin,Desire,classical
tfidf correlation,Tu Vacio,latin,Llega La Noche,latin,Desde Que No Estas,latin,Solo Con Un Beso,latin
tfidf correlation,Volveré,latin,Obsesion (English Remix_ Album Version),latin,Lloré Lloré,latin,Tu Pa Mi,reggae
tfidf correlation,Estoy Aquí,latin,Rosas,pop,Sampa,latin,splash shine,rock
tfidf correlation,Life Is Anew,latin,Because Of You,jazz,Because Of Love,r&b/soul,New Favorite,country
tfidf correlation,Donde Estas Corazon,latin,El 28,pop,Mediterraneo,folk,19 De Noviembre,latin
tfidf correlation,Octavo Día,latin,Agua De Mayo,latin,Como Un Haz De Luna,latin,Cantando,hip hop
tfidf correlation,Te Necesito,latin,Es Por Ti,latin,El 28,pop,Volver,latin
tfidf correlation,Evil Ways,latin,Can't Find My Way Home,punk,If You Really Love Me,r&b/soul,If You Change Your Mind,blues
tfidf correlation,Anna (el negro zumbon),latin,La Estación,latin,Exilio,latin,Ven,pop
tfidf correlation,Piensa en mi,latin,Después De Ti,latin,No Voy A Cambiar,latin,Que Voy A hacer Sin Tí,latin
tfidf correlation,Esperando,latin,Gulere Gulere,latin,He Chocado Con La Vida,latin,El Diablo,latin
tfidf correlation,Beautiful Liar (Bello Embustero),latin,Cantando,hip hop,Buenaventura Y Caney,latin,Cruz De Navajas,pop
tfidf correlation,Rosario Tijeras,latin,En Algún Rincón,latin,Se Duerme,reggae,Me Voy,latin
tfidf correlation,Animal Nocturno,latin,Rio De La Plata,latin,Santiago de Chile,latin,Cuando,latin
tfidf correlation,Alejate De Mi,latin,Enamorado,classical,Enséñame A Olvidar,latin,Virgen De Riña,hip hop
tfidf correlation,Entre Tus Alas,latin,Lloro Por Ti,latin,Llanto Lloro,latin,Pensar En Ti,latin
tfidf correlation,Me Basto,latin,Despedida,latin,Pierdo El Tiempo,pop,No Me Acostumbro,latin
tfidf correlation,Va Para Ti,latin,Manto Estelar,electronic,Te Quiero Porque Te Quiero,latin,La Novia Del Sol (La Canción de Evaluna),latin
tfidf correlation,Fui,latin,Enamorado,latin,Por Ti Seré (You Raise Me Up),classical,Que Me Quedes Tu,latin
tfidf correlation,Ilusionado,latin,Llévatelo Todo (Album Version),hip hop,Enzo,latin,Todos Quieren A Raymond,reggae
tfidf correlation,Piel De Ciudad,latin,Tu Y Yo,latin,El ectoplasta,pop,Hazme Sentir,latin
tfidf correlation,Quedate,latin,No Voy A Cambiar,latin,Se Te Olvido,latin,Vuelve Conmigo,latin
tfidf correlation,Brother Sport,latin,Far Beyond The Sun,electronic,Freestate,electronic,Door To My Heart,country
tfidf correlation,The Prince,metal,I Wish You Could Smile,classical,Autumn,classical,Marry the Devil,punk
tfidf correlation,Second Heartbeat,metal,It Serves Me Right To Suffer,blues,Towards Loss,metal,Can't Take This (Album Version),punk
tfidf correlation,To End The Rapture,metal,Ev'ry Time We Say Goodbye,jazz,It Came Upon A Midnight Clear (Album Version),classical,Apocalyptic Destroyer of Angels,metal
tfidf correlation,Witness,metal,without emotions,electronic,Breathe Without You,electronic,Breathe Again,r&b/soul
tfidf correlation,Heartache Every Moment,metal,Lost In This Moment,country,When You Say You Love Me (Album Version),classical,Hirudineans,metal
tfidf correlation,Sigillum Diaboli,metal,Explode,pop,We Are In Love,jazz,Black Magic Woman,blues
tfidf correlation,Refined By Your Embrace,metal,Lay Back In The Arms Of Someone,country,A Man Without Love,pop,Hunter killer,metal
tfidf correlation,The Innocence Spilled,metal,Pain,hip hop,Grace Unhearing,metal,Tears On My Pillow,country
tfidf correlation,An American Dream,metal,Simple Favor,punk,Torches and Tragedies,punk,Moths,punk
tfidf correlation,The Changing Of Times,metal,Someone Said Goodbye,electronic,All We Ever Do Is Say Goodbye,folk,Wherever You're Goin' (It's Alright),pop
tfidf correlation,Autumn,metal,Auf das Leben,folk,Dschungelpartei,reggae,ROSENROT,metal
tfidf correlation,Chorus Of Angels,metal,It Came Upon A Midnight Clear (Album Version),classical,Wake Up Call (Album Version),electronic,From This Dream,country
tfidf correlation,Follow The Wolves,metal,17,country,Abandoned,metal,Stayin' Power (Remastered Album Version),blues
tfidf correlation,I Am You,metal,No Sympathy (for The Devil),metal,Rise,hip hop,Sentenced to Burn,metal
tfidf correlation,The Science Of Lies,metal,Freestate,electronic,Phoenix From The Fire,folk,Forecasting,metal
tfidf correlation,Slow Down,metal,Saturday Come Slow,electronic,Towards Loss,metal,Swimmer,jazz
tfidf correlation,Steal Away (The Night),metal,That Ain't A Crime,country,Snowflakes Of Love,jazz,Chain Of Fools,blues
tfidf correlation,Black Curtains (2004 Digital Remaster),metal,Black Is The Color,folk,Bags,punk,C.b.f.,metal
tfidf correlation,Die Dead Enough,metal,Never Enough,metal,Lightspan,electronic,Hymn,folk
tfidf correlation,Bodies,metal,Wrong Body,punk,Have To Explode,rock,Naked,r&b/soul
tfidf correlation,Rotting Head,metal,The Sanity Assassin,punk,Gutter Boy,punk,Room In My Head,folk
tfidf correlation,Gehenna,metal,Brotha,r&b/soul,GO,punk,Me And My Desire,punk
tfidf correlation,[sic] [Explicit],metal,I'm Sick,punk,Nevertrust [Explicit],metal,She Ain't Afraid,hip hop
tfidf correlation,Gunshots by Computer,metal,Tranny Chaser,pop,Twizala,r&b/soul,Disco,punk
tfidf correlation,Hope Is... (Album Version),metal,No More Runnin,electronic,Lost In This Moment,country,Rise Up,r&b/soul
tfidf correlation,The Moor,metal,Cambridge (Album Version),punk,Standing,electronic,Turn Away,country
tfidf correlation,This Flesh A Tomb (Instrumental Version),metal,Little Girl,pop,Heroe,pop,Baby Be Mine,pop
tfidf correlation,A Higher Standard,metal,Migration,folk,By Our Brotherhood With Seth,metal,Automatic Man (Album Version),punk
tfidf correlation,Redemption,metal,God Is My Friend,r&b/soul,Domination,metal,Call the Ships to Port,electronic
tfidf correlation,We Die Alone (Bonus Track),metal,-9-,rock,5 Years Of Silence,metal,Rise Against,metal
tfidf correlation,Elements,metal,Infant Joy,classical,Heal The Waters,metal,Utterance,reggae
tfidf correlation,Know The Difference,metal,Don't Get Around Much Anymore,jazz,You're Not Supposed To,r&b/soul,He Loves Me (Lyzel In E Flat),r&b/soul
tfidf correlation,Peephole,metal,Bleed For Me,rock,Stuck In The Middle,blues,Web In Front,rock
tfidf correlation,Hellhounds on My Trail,metal,Para-noir,metal,Gotta Go,r&b/soul,Vague Love Song,reggae
tfidf correlation,No Commands,metal,It Doesn't Matter Anymore,pop,Take Me,pop,One Word,electronic
tfidf correlation,Mother (2006 Remastered Alternate Mix),metal,Dance Me,electronic,Plaza,electronic,All That Jazz,jazz
tfidf correlation,Lord Of The Flies (Live In Dortmund),metal,Soul Possessed,metal,May It Be,electronic,Red Flag,rock
tfidf correlation,Phantom Of The Opera (Live) (1998 Digital Remaster),metal,Walk The Proud Land,reggae,Don't Look Back,r&b/soul,Runnin' With The Devil,country
tfidf correlation,Re-Birth,metal,Into The Sun,jazz,Undefeated,punk,Burn,rock
tfidf correlation,This Pain,metal,Witness To A Murder (Part 2),classical,Pain in My Heart,blues,Blessed 2 Have,r&b/soul
tfidf correlation,You Are Not Alone,pop,Stay Another Day,pop,So Far,r&b/soul,From Here To Eternity,jazz
tfidf correlation,Baby Be Mine,pop,Be My Girl,electronic,Anytime,pop,Give Me Time,r&b/soul
tfidf correlation,Man In The Mirror,pop,Oh Na Na Na,latin,Dla Niego,pop,Universal Prayer,pop
tfidf correlation,Why You Wanna Trip On Me,pop,Everytime We Live Together We Die A Bit More,electronic,Give Me What I Want (LP Version),r&b/soul,What's On Your Radio?,punk
tfidf correlation,TiK ToK,pop,Ringa Ding Ding,electronic,Party Crashers,rock,It's A Party,hip hop
tfidf correlation,Nothing Lasts Forever,pop,I Love You Babe,r&b/soul,The Hurt,pop,I'd Hate To Be You When People Find Out What This Song Is About (Album),rock
tfidf correlation,Roamer,pop,I Still Feel,electronic,Let Me Out,rock,I Am Not A Whore,electronic
tfidf correlation,Live High (Album Version),pop,Easy,r&b/soul,Penelope Tree,pop,Easy Living,jazz
tfidf correlation,Did I Do That?,pop,So Not Over You,pop,Killing Time,r&b/soul,Use Me,pop
tfidf correlation,I'll Be There,pop,I'll Be There,classical,Worlds Keep Spinning,jazz,You'll Be In My Heart,pop
tfidf correlation,I Think They're Thinking - Interlude,pop,Your Guts (I Hate 'em) (Live),reggae,Hate,electronic,Better Life,punk
tfidf correlation,Silent Movie,pop,Phoenix From The Fire,folk,Enjoy Yourself,r&b/soul,Freestate,electronic
tfidf correlation,Stumble,pop,More Than This,folk,What's Not Being Said,r&b/soul,More Than Words,pop
tfidf correlation,Heroe,pop,Tuesday,punk,Billie Jean,r&b/soul,Forever Yours,country
tfidf correlation,Little Girl,pop,Tuesday,punk,Forever Yours,country,Billie Jean,r&b/soul
tfidf correlation,Ruleta Rusa,pop,Obsesion (English Remix_ Album Version),latin,Mi Corazoncito,latin,Me Lo Estas Poniendo Dificil,latin
tfidf correlation,Contigo,pop,Mediterraneo,folk,19 De Noviembre,latin,Sueños,latin
tfidf correlation,Años Luz,pop,La Coqueta,latin,Mirta_ De Regreso,latin,Hazme Sentir,latin
tfidf correlation,Love Song,pop,Calls The Tune,punk,I Will Write My Book,rock,Rolling Hills,blues
tfidf correlation,Candyman,pop,Computer Love,r&b/soul,Such A Night,r&b/soul,Plumskinzz (Loose Hoe_ God & Cupid),hip hop
tfidf correlation,Tell Me Something I Don't Know,pop,You Do Something To Me,latin,Kiss And Tell,r&b/soul,Stutter,pop
tfidf correlation,Cry,pop,Lentil (Live),punk,Don't Cry Baby,jazz,I Was Meant For the Stage,rock
tfidf correlation,Zora sourit,pop,3ème Sexe,electronic,Laquelle Des Deux Est La Plus Snob,pop,Au Printemps,pop
tfidf correlation,Dance,pop,-9-,rock,Hold You,reggae,Police The Nation,reggae
tfidf correlation,Partout Je Vois,pop,L'Homme De La Situation,pop,Assassine,classical,Titanic,electronic
tfidf correlation,Anytime,pop,Baby Help Me,r&b/soul,Dreamworld,r&b/soul,What You Do To Me,r&b/soul
tfidf correlation,Simplest Love,pop,Green Light Girl,blues,Leaving Green Sleeves,folk,Sing A Song,country
tfidf correlation,Midnight Bottle,pop,Drive Me To Drink,country,Emergency House Party,punk,Tonight The Bottle Let Me Down,country
tfidf correlation,Let Me Be,pop,Ain't No Way,r&b/soul,Bump In The Road,blues,Ain't No Way (You Won't Love Me),r&b/soul
tfidf correlation,Big Sky,pop,Alice,electronic,La Prima Volta (First Time Ever I Saw Your Face),classical,Peephole,metal
tfidf correlation,Thinking About You,pop,Out On The Western Plain,blues,London Boys,rock,Something In The Way,rock
tfidf correlation,A Groovy Kind Of Love (Live),pop,What Kind Of Love,country,Some Kind Of Friend,jazz,Love Affair,r&b/soul
tfidf correlation,That's Why You're Beautiful,pop,The Pugilist,folk,Cavatina,classical,Big Swing Face,jazz
tfidf correlation,Step By Step,pop,Stone County,blues,Little Bit [CSS Remix],electronic,It's Your Thing,jazz
tfidf correlation,Piece Of Me (Main Version),pop,Missing Piece,electronic,The Angry Cry Of The Angry Pie,punk,Miss Ann,blues
tfidf correlation,Can't Make You Love Me,pop,System,pop,It's All Up To You,r&b/soul,Politically Correct,punk
tfidf correlation,Girl In The Mirror,pop,Someone i care about,punk,Baroque Bordello,classical,Wish,metal
tfidf correlation,Radar,pop,So What'Cha Want (Butt Naked Version) (Explicit) (2009 Digital Remaster),hip hop,I Don't Wanna Lose Your Love,r&b/soul,Possessed To Skate,metal
tfidf correlation,When Your Eyes Say It,pop,Whispers,electronic,Tell Me,r&b/soul,Is It Me? Is It True?,rock
tfidf correlation,Precious (Live In Milan),pop,NoOne,r&b/soul,Broken Buildings,rock,If Trust Is Broken...,punk
tfidf correlation,Insectica,punk,Displaced,jazz,Disrepair,metal,Feel The Beat,electronic
tfidf correlation,Cambridge (Album Version),punk,The Moor,metal,Daybreaker (Roots Manuva Remix),folk,Relating To A Psychopath,r&b/soul
tfidf correlation,Disappear,punk,Swallows Me Whole,folk,Destination Unknown,pop,Love Me Tender,country
tfidf correlation,Fell in Love Without You (Cd),punk,Memories Are Made Of This,jazz,Dont Cry,punk,Back Then,hip hop
tfidf correlation,Point Of Extinction (Cd),punk,Lightspan,electronic,We Propose,reggae,I'm So Glad,blues
tfidf correlation,Stand Too Close,punk,Overjoyed,r&b/soul,Too Much Love,rock,You Win Again,reggae
tfidf correlation,Worker Bee,punk,Winter,folk,Good Day Here,country,Gold,pop
tfidf correlation,Mind Over Time,punk,I'm Not Silent,metal,Viva ! blunt force trauma,metal,All Over The World,rock
tfidf correlation,I Fought The Law,punk,I Held My Baby Last Night,blues,All Ghetto Girl,r&b/soul,My Girl,jazz
tfidf correlation,The Magnificent Seven,punk,Christmas Card From A Hooker In Minneapolis,blues,Those Sweet Words,jazz,I Can't Get My Hands On You,blues
tfidf correlation,Believe,punk,Alright,r&b/soul,Welcome To My Love,r&b/soul,One Love / People Get Ready,reggae
tfidf correlation,Empty Apartment,punk,Don't You (Forget About Me),punk,Broken Heart,country,Call Me,jazz
tfidf correlation,But Tonight We Dance,punk,Private Lives,electronic,Dance me love,jazz,Emergency House Party,punk
tfidf correlation,Faint Resemblance,punk,Fiesta Loca,electronic,Wait A Minute,r&b/soul,Fields,electronic
tfidf correlation,Survive,punk,Highlight Of My Life,country,2x2x2,rock,Earthquake,rock
tfidf correlation,The Dirt Whispered,punk,Digital Sea,electronic,Breathe Without You,electronic,Josey,punk
tfidf correlation,Get It Right (Album Version),punk,All Terrain Vehicle                      	,rock,Something I Can Never Have,rock,When I Get Old,punk
tfidf correlation,Want You Bad,punk,Ballchef,punk,Bad Girls,pop,You Need A Hug,punk
tfidf correlation,Staring At The Sun,punk,Punk Rock Points,electronic,Close My Eyes,reggae,Don't Cry For Me Argentina,rock
tfidf correlation,Operation Rescue,punk,World Of Uncertainty,reggae,16,pop,There Stands The Glass,country
tfidf correlation,When Broken Is Easily Fixed (Album Version),punk,Pretty Lush (Album Version),metal,C.b.f.,metal,Bottomless Seas,punk
tfidf correlation,Want,punk,The Dog ( LP Version),r&b/soul,Do The Dog,reggae,TruDog: The Return,hip hop
tfidf correlation,Josey,punk,DHC,reggae,Beef Bologna,punk,She Sings The Mourning,rock
tfidf correlation,1-2 Crush On You,punk,Auntie (Ma-Ma-Ma Belle),rock,Knowledge Of Self,jazz,Hellhound On My Trail,blues
tfidf correlation,Brand New Cadillac,punk,He Ain't Comin' Home No More,classical,C'Mon,electronic,Jesus Is Coming Soon,blues
tfidf correlation,Cool Confusion,punk,Me And My Desire,punk,GO,punk,Brotha,r&b/soul
tfidf correlation,First Night Back In London,punk,Minutes to Miles,punk,vin ordinaire,rock,One More Day,blues
tfidf correlation,Inoculated City,punk,Invaders Must Die,electronic,21 Guns (Good Riddance),punk,I'm So Glad,blues
tfidf correlation,Lost In The Supermarket,punk,Here's To All The People I Have Lost,rock,Just In Time,jazz,So Much More,electronic
tfidf correlation,Overpowered By Funk,punk,Funk Funk,r&b/soul,Shake Your Rump To The Funk,r&b/soul,The Rockafeller Skank,electronic
tfidf correlation,Automatic Man (Album Version),punk,Reefer Man,jazz,I Call Him Love,pop,Possessed To Skate,metal
tfidf correlation,Chimaera (Album Version),punk,Hurts The Most,r&b/soul,Ballchef,punk,Some Men Are Like Chocolate,classical
tfidf correlation,Damned to Be Free (Album Version),punk,Wicked World,metal,Re-Birth,metal,Plastic World,punk
tfidf correlation,Get Off,punk,Is This Love,reggae,Share My World,r&b/soul,(It's Not Easy) Bein' Green,jazz
tfidf correlation,Juneau,punk,Guess How Much I Love You,hip hop,Stone Cold Heart,r&b/soul,More Than You Know,jazz
tfidf correlation,Another The letter,punk,Where's The Truth,metal,Heart In The Right Place,pop,Flying high,metal
tfidf correlation,Strange,punk,Something Written,jazz,Have To Explode,rock,Smith,folk
tfidf correlation,Dude_ What Is a Land Pirate?,punk,I'd Hate To Be You When People Find Out What This Song Is About (Album),rock,Already Gone,pop,Destination: Death or Better Days,metal
tfidf correlation,Again I Go Unnoticed,punk,Another Wound,rock,Lonely Starts & Broken Hearts (Album Version),reggae,Breathe Again,r&b/soul
tfidf correlation,Carry This Picture,punk,Accidents,folk,The Cobbler,electronic,Stingy,r&b/soul
tfidf correlation,U R The One,r&b/soul,Jack U Off (LP Version),r&b/soul,Leave The Lights On (Album Version),pop,New York USA,folk
tfidf correlation,Ain't No Way (You Won't Love Me),r&b/soul,Magical,hip hop,Love Affair,r&b/soul,Be With You,hip hop
tfidf correlation,Nice & Slow,r&b/soul,Sex Packets (LP Version),hip hop,Waiting For The Day,r&b/soul,Star,hip hop
tfidf correlation,Roni,r&b/soul,Keep Your Hands Off Her,blues,My Little Girl,blues,Lucille,rock
tfidf correlation,Damage,r&b/soul,Girl In The Mirror,pop,New Rose,punk,I Apologize,pop
tfidf correlation,Gotta Be Ur Man,r&b/soul,Be Your Husband,blues,Sunshine,hip hop,Diskobox,rock
tfidf correlation,Birthmark,r&b/soul,Get It Together (Album Version),blues,When The Lovelight Starts Shining Through His Eyes,r&b/soul,Forgiveness,r&b/soul
tfidf correlation,Don't You Say No,r&b/soul,Disco,punk,Not Your Baby,pop,Baby We've Got A Date (Rock It Baby),reggae
tfidf correlation,Kickin' It With Your Girlfriend,r&b/soul,I Didn't Mean To Turn You On,rock,Kiss,jazz,Gone Away,r&b/soul
tfidf correlation,Rise Up,r&b/soul,Rise,hip hop,You Hold Me Together,country,Sometimes,pop
tfidf correlation,Joy Ride,r&b/soul,Joy,r&b/soul,Strings,r&b/soul,Round & Round,electronic
tfidf correlation,Sprung,r&b/soul,I'm Ready,rock,GO,punk,Why You Doing Like That,rock
tfidf correlation,Never Too Much,r&b/soul,Too Much Pressure,reggae,Oh Baby I,r&b/soul,She's Funny That Way,jazz
tfidf correlation,Chocolate Factory,r&b/soul,Jack U Off (LP Version),r&b/soul,It Ain't Easy,reggae,Leave The Lights On (Album Version),pop
tfidf correlation,I Mean (I Don't Mean It),r&b/soul,I Didn't Mean To Turn You On,rock,Are You Ready For Me,reggae,Tell Me,r&b/soul
tfidf correlation,In The Kitchen,r&b/soul,Sexy,hip hop,It's All Over,jazz,Rock And Roll Girls,rock
tfidf correlation,Distance And Time,r&b/soul,20th Century,pop,Oh Baby I,r&b/soul,Coming Up Roses,rock
tfidf correlation,Lover Man,r&b/soul,You Can't Judge A Book By It's Cover,blues,Moonlight Serenade,jazz,I Got a Woman,blues
tfidf correlation,Nobody Not Really (Interlude),r&b/soul,Jeannie's Diary,rock,Anyone Who Knows What Love Is (Will Understand),r&b/soul,A Really Good Time (1999 Digital Remaster),punk
tfidf correlation,Piano & I,r&b/soul,Lowrider,metal,Alamo,hip hop,Fake French,electronic
tfidf correlation,Tell You Something (Nana's Reprise),r&b/soul,Destination: Overdrive,electronic,Everyday,folk,Adam's Song,punk
tfidf correlation,Try Sleeping With A Broken Heart,r&b/soul,Fast As I Can,folk,Soul Shakedown,reggae,(Why Did I Tell You I Was Going To) Shanghai,jazz
tfidf correlation,Why Do I Feel So Sad,r&b/soul,Hate,electronic,Tell Me (Acoustic),folk,You Need A Hug,punk
tfidf correlation,Lovin U,r&b/soul,Easy,r&b/soul,Work It Out,electronic,Easy To Love,jazz
tfidf correlation,My Ride,r&b/soul,Who Ride Wit Us,hip hop,To Da Crib,r&b/soul,Is It Love You're After,r&b/soul
tfidf correlation,Starting All Over,r&b/soul,I'm Not In The Mood (To Say No)!,country,Alamo,hip hop,I La La La Love You,blues
tfidf correlation,Oh Boy,r&b/soul,Home,rock,Jake,folk,Li'l Jack Horny,rock
tfidf correlation,Maybe,r&b/soul,Safe and Sound,reggae,Left to chance,rock,Guilty,jazz
tfidf correlation,Stuck In the Middle,r&b/soul,Stop & Think It Over,pop,Loser Friendly,country,I Like It (Remix),hip hop
tfidf correlation,Bump What Your Friends Say,r&b/soul,Never Meant To Be,r&b/soul,Don't Want You Back,pop,One Of The Boys,country
tfidf correlation,Smack Dab In The Middle,r&b/soul,Is This Love,reggae,Rock Me Baby,r&b/soul,20th Century Boy,rock
tfidf correlation,Don't You Know,r&b/soul,Soon Forward,reggae,Rock Me Baby,r&b/soul,Ain't Too Proud To Beg,r&b/soul
tfidf correlation,All I Ever Think About,r&b/soul,Nice & Slow,r&b/soul,If You Really Love Me,r&b/soul,Talking,punk
tfidf correlation,(You Were Made) Especially For Me,r&b/soul,Anyone Who Knows What Love Is (Will Understand),r&b/soul,Don't Sit Under The Apple Tree,jazz,Dream Catch Me,folk
tfidf correlation,I Was Made To Love Her,r&b/soul,Build Me Up Buttercup,pop,Black Dog,country,I BELIEVE,electronic
tfidf correlation,Bridge Over Troubled Water,r&b/soul,When I Lay My Burden Down,blues,Lay Down Your Sorrows,blues,Sweet Troubled Soul,rock
tfidf correlation,Goin' Back To Indiana,r&b/soul,Heaven,r&b/soul,Going To New York,blues,I Got It Goin' On,jazz
tfidf correlation,Lookin' Through The Windows,r&b/soul,Twizala,r&b/soul,Morning Light,reggae,Looking for Somebody,blues
tfidf correlation,You've Changed,r&b/soul,Here And Now,r&b/soul,Yeah,electronic,Rubylove,folk
tfidf correlation,Switch!,r&b/soul,I Don't Care,metal,Best Of Luck,country,Best Thing That Never Happened,rock
tfidf correlation,One World (Not Three),reggae,Lightspan,electronic,Throw That World Away,punk,Imagine,r&b/soul
tfidf correlation,Close My Eyes,reggae,Flying high,metal,After The Love,electronic,Days Like These,reggae
tfidf correlation,Exaltation,reggae,Holy Is The Lord,folk,Prism Of Life,electronic,O Holy Night,classical
tfidf correlation,Fire and Heights,reggae,So Help Me God,electronic,All Fired Up_ No Place To Go,country,Poem (Precision Version),metal
tfidf correlation,Jerusalem,reggae,Autopilot,folk,One Tribe,hip hop,Yours (Live),jazz
tfidf correlation,Warrior,reggae,Memories Are Made Of This,jazz,Sweet Shop Syndicate,metal,Good Morning Night,reggae
tfidf correlation,Don't Push,reggae,Make the Music With Your Mouth_ Biz,hip hop,Oh Word?,hip hop,Boot Scootin' Boogie,country
tfidf correlation,Pawn Shop,reggae,Do You Remember,r&b/soul,Stone Cold,r&b/soul,Viva ! blunt force trauma,metal
tfidf correlation,See you in the Light,reggae,At The Spot,r&b/soul,You Know How to Love Me,r&b/soul,Hyper-Ballad,electronic
tfidf correlation,Sweet Little Lies,reggae,Where's The Truth,metal,Blind Rage,electronic,Masquerade,pop
tfidf correlation,The Way You Make Me Feel,reggae,There'll Come A Time,pop,What You Do To Me,r&b/soul,Piano & I,r&b/soul
tfidf correlation,Grito Mundial,reggae,Exilio,latin,Ven,pop,La Ranfla Del Cartel,hip hop
tfidf correlation,Get This Party Started: Ghost Remix,reggae,Everybody Everybody,electronic,Life Of The Party,reggae,Everytime We Live Together We Die A Bit More,electronic
tfidf correlation,Africa Unite,reggae,Sticky,reggae,Progress,rock,To All New Arrivals,electronic
tfidf correlation,Could You Be Loved,reggae,You Do Something To Me,latin,I Am Nothing,metal,Destination Unknown,pop
tfidf correlation,No Water,reggae,Rubylove,folk,All Along The Water,pop,Stayin' Power (Remastered Album Version),blues
tfidf correlation,One Love / People Get Ready,reggae,Believe,punk,Alright,rock,Holy Is The Lord,folk
tfidf correlation,Try Me,reggae,Take Me Away,electronic,Try Me Again,country,Go To Sleep,electronic
tfidf correlation,Baby We've Got A Date (Rock It Baby),reggae,We Gonna Rock,electronic,Rock Wit U (Awww Baby),r&b/soul,The Street And Babe Shadow,rock
tfidf correlation,Johnny Was,reggae,She's Single Again,country,W.O.M.A.N.,blues,A Woman In Love,country
tfidf correlation,Riding High,reggae,Get Fresh,hip hop,Cherry Ball Blues,blues,Sunshine Highway (Album Version),rock
tfidf correlation,Soul Shakedown,reggae,Ringa Ding Ding,electronic,(Why Did I Tell You I Was Going To) Shanghai,jazz,Long Live The Party,rock
tfidf correlation,Trenchtown Rock,reggae,Sound Check,reggae,We Gonna Rock,electronic,Turn Up The Music,rock
tfidf correlation,Eternal Feedback (Sly),reggae,Your Emotions,punk,Down To Your Last One More,country,From December,rock
tfidf correlation,Black Progress,reggae,Handsworth Revolution,reggae,Fight The Power,hip hop,I'm Ready,rock
tfidf correlation,Reggae On Broadway,reggae,Give Me What I Want (LP Version),r&b/soul,Alamo,hip hop,Baby I Need Your Love,electronic
tfidf correlation,Rebels Hop,reggae,Rubylove,folk,All Along The Water,pop,Stayin' Power (Remastered Album Version),blues
tfidf correlation,Stop The Train,reggae,Northern Bound Train,folk,Ridin Home,blues,First Train Home,blues
tfidf correlation,This Train,reggae,Ridin Home,blues,City To City,folk,Black Train Blues,blues
tfidf correlation,Defeat You,reggae,Mury,reggae,Saturday Morning,reggae,Still On It,hip hop
tfidf correlation,Don't Get Nine,reggae,Getting Over You,r&b/soul,I Like It (Remix),hip hop,You Are The Only One I Love,folk
tfidf correlation,Feva Las Vegas,reggae,N Digga Dee,hip hop,Leave The Lights On (Album Version),pop,Still On It,hip hop
tfidf correlation,Secrets,reggae,Blackout,pop,Why Doesn't Anybody Like Me?,punk,The Man In You,electronic
tfidf correlation,Work Work,reggae,Don't We All Have the Right,country,Ice Is Workin' It,hip hop,I Want You To Know,rock
tfidf correlation,Good Rats (Live),reggae,Tennessee Flat Top Box,country,Roosevelt And Ira Lee,blues,Old Hippie,country
tfidf correlation,Sol_ Playa Y Arena,reggae,La Carencia,reggae,Ayudame Freud,latin,El Arado,latin
tfidf correlation,I Don't Want To See You Cry,reggae,Just For You,r&b/soul,Words Get In The Way,pop,After You've Gone (live),jazz
tfidf correlation,Come Back Darling,reggae,My Special Prayer,r&b/soul,My Dearest Darling,blues,Stir It Up,reggae
tfidf correlation,Here I Am (Come And Take Me),reggae,Hump Bounce,blues,You Shouldn't Call The Doctor (If You Can't Afford The Bills),rock,Where Did Our Love Go,rock
tfidf correlation,Light My Fire,reggae,Say After Me,pop,Buk-In-Hamm Palace (2002 Digital Remaster),reggae,Ariana,pop
tfidf correlation,Til Kingdom Come,rock,Which Way To Free?,rock,Look What You've Done For Me,r&b/soul,Until My Dreams Come True,country
tfidf correlation,Brothers Under The Bridges ('83),rock,Ashgrove,rock,Savoy Brown Boogie,blues,Snoopafella (Edited),hip hop
tfidf correlation,The Big Payback,rock,Nosey Joe,jazz,God Damn Job,punk,Stop The Train,reggae
tfidf correlation,The Ties That Bind,rock,That's My Baby,blues,Cry For Me,latin,Walk In My Shadow,blues
tfidf correlation,Sam's Town,rock,You Had Me (Live),r&b/soul,B-Boy Bouillabaisse: A.W.O.L. (2009 Digital Remaster),hip hop,This World,country
tfidf correlation,Pink Ego Box,rock,Albedo 0.39,electronic,Un Giorno Per Noi (Album Version),classical,Feel The Beat,electronic
tfidf correlation,Secrets,rock,I'm Gonna Be The First One,jazz,Secret Life,electronic,In My Secret Life,jazz
tfidf correlation,Come Back,rock,One More Day,blues,It All Comes Down To Love (Interlude),r&b/soul,Only When ur Lonely,r&b/soul
tfidf correlation,Time Is On My Side,rock,Anytime,pop,Baby Come Back,blues,A Song For Mama,r&b/soul
tfidf correlation,Fight (1994 Digital Remaster),rock,Fight The Power,hip hop,Protest Beat,reggae,Something's Gotta Give,jazz
tfidf correlation,This Ain't A Love Song,rock,The Innocence Spilled,metal,I Want You,hip hop,Fee Fie Foe Fum,blues
tfidf correlation,Superman Tonight,rock,Beauty Lies Within,electronic,Other Side of Day,rock,Praise Me,electronic
tfidf correlation,Bad Obsession,rock,Last Man In The Bar,rock,Killing Time,r&b/soul,Foolish,pop
tfidf correlation,Anything That's Part Of You,rock,Love Don't Live Here,electronic,Love Don't Live Here Anymore,folk,Smile,punk
tfidf correlation,So I Thought,rock,Don't Call Me Peanut,folk,With Love (Remember),blues,Song For The Rich,folk
tfidf correlation,You're All I've Got Tonight,rock,I Didn't Know That You Cared,electronic,Someone i care about,punk,Who Cares (So Long As You Care For Me),jazz
tfidf correlation,Signal Fire,rock,There You Are,country,Forever,rock,Remember Me_ Oh God_ For Good,electronic
tfidf correlation,The Lightning Strike,rock,This Respirator,reggae,Towards The Northern Star,metal,Mastering The World's Smallest Violin,punk
tfidf correlation,Dumb,rock,That's When The Music Takes Me,pop,Snowflakes Of Love,jazz,Happy Boys & Girls,pop
tfidf correlation,Something In The Way,rock,Out On The Western Plain,blues,I'm Cool,reggae,London Boys,rock
tfidf correlation,Oh! Gravity.,rock,Can We All Come Together,rock,Brand New Key,country,Next Door Neighbour,hip hop
tfidf correlation,Hotel Yorba,rock,Merrymaking At My Place,electronic,I've Got This Feeling,country,Dirty Man,r&b/soul
tfidf correlation,Prickly Thorn_ But Sweetly Worn (Live),rock,Aureus,classical,Gammal sång,pop,You're My Angel,country
tfidf correlation,St. Andrew (This Battle Is In The Air),rock,When I Needed an Angel,blues,Wandering Child,classical,You're My Angel,country
tfidf correlation,I Was Meant For the Stage,rock,Stavesail,punk,20th Century,pop,Lentil (Live),punk
tfidf correlation,Alpha Beta Parking Lot,rock,Enemmän,pop,Sitä jotakin,pop,When The Lights Go Out,blues
tfidf correlation,An Ode To No One,rock,Sixteen,punk,Come Back,rock,Anytime,pop
tfidf correlation,Over My Head (Cable Car),rock,Beyond The Visible Spectrum,punk,Seconds Away,folk,Detox,metal
tfidf correlation,No I In Threesome,rock,The Street And Babe Shadow,rock,Baby We've Got A Date (Rock It Baby),reggae,Day And Night,pop
tfidf correlation,Pace Is The Trick,rock,Today,electronic,Mamacita,reggae,Saturday Come Slow,electronic
tfidf correlation,Embryo,rock,Re-Evolute,hip hop,Viva ! blunt force trauma,metal,Cancel (Album Version),r&b/soul
tfidf correlation,Borderline,rock,Out On The Western Plain,blues,London Boys,rock,My Bucket's Got a Hole In It (2006 Remastered Live Version),country
tfidf correlation,March Of The Pigs,rock,Do What You Do,pop,Let's Do This Now,metal,Back For A Taste Of Your Love,blues
tfidf correlation,Burn,rock,A Fire In Babylon,metal,Crazy World,electronic,Part Of The Process,electronic
tfidf correlation,Something I Can Never Have,rock,You're Not Supposed To,r&b/soul,Get It Right (Album Version),punk,Overcome,r&b/soul
tfidf correlation,It's Your World Now,rock,Lentil (Live),punk,Ribbon Of Darkness,country,Beauty And The Beast,metal
tfidf correlation,Something There Is About You,rock,All Over Again,blues,How Great Thou Art,country,Paint or Pollen,folk
tfidf correlation,From Underneath,rock,New Generation,reggae,Dave's Friend,reggae,Me And The Devil,blues
tfidf correlation,Turn It On,rock,Turn,pop,Tell You Something (Nana's Reprise),r&b/soul,Soon Forward,reggae
tfidf correlation,Something On My Mind,rock,On My Mind,electronic,Valentine,rock,I Like It (Remix),hip hop
tfidf cosine,All The Things You Are,blues,These Arms Of Mine,blues,Please Baby,jazz,Wanting Things,blues
tfidf cosine,Vultures,blues,Fire and Heights,reggae,Never Gonna Give You Up,r&b/soul,Jerusalem,reggae
tfidf cosine,Out Of My Mind,blues,Half Right,rock,If I Had,hip hop,Half Of My Mistakes,country
tfidf cosine,Hump Bounce,blues,Here We Go,punk,Don't Stop,country,Here I Am (Come And Take Me),reggae
tfidf cosine,Intro - The Sermon,blues,Pass The Mic (Pt. 2_ Skills To Pay The Bills) (2009 Digital Remaster),hip hop,Interlude 5,r&b/soul,The Way It Is,pop
tfidf cosine,Call On Me,blues,Just Right,r&b/soul,Oh Baby I,r&b/soul,5:19,folk
tfidf cosine,Oceans and Streams,blues,What Can I Say,metal,Time To Grow,r&b/soul,Dreams,r&b/soul
tfidf cosine,10 A.M. Automatic,blues,Bonin' In The Boneyard,r&b/soul,Rockin' Pneumonia,blues,Baby Help Me,r&b/soul
tfidf cosine,Aeroplane Blues,blues,13 Months Of Sunshine,reggae,Sufferin' In The Land,reggae,Elephant Clouds,folk
tfidf cosine,All Hands Against His Own,blues,Outside The Trains Don't Run On Time,punk,Brotha,r&b/soul,GO,punk
tfidf cosine,Black Door,blues,Take Me To The Backseat (Album Version),rock,Jeep Ass Niguh,hip hop,Oh Baby I,r&b/soul
tfidf cosine,Busted,blues,Caught Up,r&b/soul,If Trust Is Broken...,punk,These Boots Are Made For Walkin',pop
tfidf cosine,Give Your Heart Away,blues,Share My World,r&b/soul,Anytime,pop,One Night,pop
tfidf cosine,Grown So Ugly,blues,Whose Muddy Shoes,blues,Louise,blues,Snoopafella (Edited),hip hop
tfidf cosine,Hard Row,blues,Enjoy Yourself,r&b/soul,Let Yourself Go,jazz,Whatever Gets You Through The Day,jazz
tfidf cosine,I Got Mine,blues,Winter Rose,folk,Please Baby,jazz,Rollin' Mama Blues,blues
tfidf cosine,If You See Me,blues,Treat Me Like A Lady,pop,Door To My Heart,country,Treat The Youths Right,reggae
tfidf cosine,Lies,blues,Kiss Of Death,metal,Close Your Eyes,punk,I've Always Been A Coward Baby,electronic
tfidf cosine,Next Girl,blues,The Girl That I Marry,jazz,Cavatina,classical,The Girl Next Door,jazz
tfidf cosine,No Fun,blues,No Fun (Remasterd LP Version),punk,Kicking And Screaming,electronic,Time Out For Fun,punk
tfidf cosine,Stack Shot Billy,blues,I Shot The Devil,punk,Down By The River [Live At Massey Hall 1971],folk,Shot Of Love,blues
tfidf cosine,Ten Cent Pistol,blues,Right About Now,country,Lady Down On Love,country,Cyclops,metal
tfidf cosine,The Flame,blues,Flames of Love,blues,Kissing The Flames,country,Wheel Of Fortune,jazz
tfidf cosine,These Days,blues,Last to Know,jazz,The Howling,folk,Vincent (Starry_ Starry Night) (Album Version),classical
tfidf cosine,When The Lights Go Out,blues,Just Don't Want To Be Lonely,r&b/soul,Force Quit,rock,Playgrounds And City Parks,punk
tfidf cosine,Have Love Will Travel,blues,I Miss You,r&b/soul,I'm Not In The Mood (To Say No)!,country,Reggae On Broadway,reggae
tfidf cosine,C.C. Rider,blues,All Along The Water,pop,Careless Love,blues,The Price You Pay,rock
tfidf cosine,I Got a Woman,blues,Only Fool In Town (2002 Digital Remaster),blues,Full-Time Lover,blues,It's All Over,jazz
tfidf cosine,The Sun's Gonna Shine Again,blues,Black Dog,country,I BELIEVE,electronic,When The Saints Go Marching In,country
tfidf cosine,Losing Hand,blues,Caught Up,r&b/soul,I Don't Wanna Lose Your Love,r&b/soul,Higher,r&b/soul
tfidf cosine,Nobody But Me (Album Version),blues,Nasty Grind,r&b/soul,Nobody's Man,pop,It's All Over,jazz
tfidf cosine,A Sunday Kind of Love,blues,Sprung,r&b/soul,London Boys,rock,I'm Cool,reggae
tfidf cosine,I Just Want To Make Love To You,blues,I Just Want To Make Love To You,blues,You Got Me,folk,Give Me What I Want (LP Version),r&b/soul
tfidf cosine,My Dearest Darling,blues,Come Back Darling,reggae,Stir It Up,reggae,My Special Prayer,r&b/soul
tfidf cosine,W.O.M.A.N.,blues,I'm A Woman,blues,The Great Collapse,electronic,Kind Hearted Woman Blues (Album Version),blues
tfidf cosine,Alberta,blues,Ain't Had No Lovin',country,Been So Long,r&b/soul,Try Our Love Again,r&b/soul
tfidf cosine,Before You Accuse Me (Take A Look At Yourself),blues,Before You Accuse Me,blues,Up To No Good,reggae,If You Want A Mother,country
tfidf cosine,Early In The Morning,blues,Allow Me One More Show,blues,If I Needed You,folk,Shining Moon,blues
tfidf cosine,Floating Bridge,blues,Stormy Monday,blues,Since Yesterday,punk,Down At The Landing,blues
tfidf cosine,Kind Hearted Woman Blues (Album Version),blues,Kindhearted Woman Blues,blues,Woman Trouble,blues,W.O.M.A.N.,blues
tfidf cosine,That's All (Album Version),classical,Straight From The Heart,pop,Even Tho',country,Love Me Warm And Tender,punk
tfidf cosine,America (Revised Live Version),classical,America,folk,Death Of A Ladies' Man,folk,I Forgot,rock
tfidf cosine,Broken Vow (Album Version),classical,Broken Vow,classical,More Than Words,pop,Invisible Shield,folk
tfidf cosine,Gira Con Me Questa Notte (Album Version),classical,Piano (Memory),classical,Caruso,classical,La Canzone Dell' Impossibile,jazz
tfidf cosine,Hymne A L'Amour (Album Version),classical,L'Homme De La Situation,pop,A Tes Côtés,folk,Mon Ange,pop
tfidf cosine,It Came Upon A Midnight Clear (Album Version),classical,The Crash Of Angel Wings,rock,You're My Angel,country,Angel,hip hop
tfidf cosine,Let Me Fall (From Cirque du Soleil) (Album Version),classical,Catch Me,electronic,Let The Chips Fall,country,If Only For One Night,r&b/soul
tfidf cosine,Mi Mancherai (Il Postino) (Revised Live Version),classical,Come Primavera,classical,Il Pugile Sentimentale ( Live ),folk,Semplicemente (Canto Per Te),classical
tfidf cosine,My Confession (Album Version),classical,Blessed,country,Beautiful Day,metal,Careful,electronic
tfidf cosine,Oceano (Revised Live Version),classical,Niente Per Scontato,electronic,Mamma,classical,La Scala (The Ladder),pop
tfidf cosine,Remember When It Rained (Album Version),classical,Oh Na Na Na,latin,Dla Niego,pop,An Mhaighdean Mhara,classical
tfidf cosine,Remember When It Rained (Revised Live Version),classical,Oh Na Na Na,latin,Dla Niego,pop,An Mhaighdean Mhara,classical
tfidf cosine,Smile,classical,My Love Remains,blues,Don't Need The Sun To Shine (To Make Me Smile),r&b/soul,By The Time It Gets Dark,folk
tfidf cosine,Solo Por Ti (Album Version),classical,Solo Con Un Beso,latin,En nuestro aniversario,latin,Que Voy A hacer Sin Tí,latin
tfidf cosine,Un Giorno Per Noi (Album Version),classical,Niente Per Scontato,electronic,Dentro Me,classical,Che Gelida Manina,classical
tfidf cosine,Vincent (Starry_ Starry Night) (Album Version),classical,Never Ending Nights,rock,Set It Free,pop,Broken Buildings,rock
tfidf cosine,When You Say You Love Me (Album Version),classical,Bizarre Love Triangle,electronic,It's Time,electronic,When Your Eyes Say It,pop
tfidf cosine,You Raise Me Up (Album Version),classical,You Raise Me Up,classical,This Punishment,metal,Raise Your God,electronic
tfidf cosine,Believe (Album Version),classical,I Believe,classical,Where Is Your Heart At?,jazz,Do You Believe Me Now,country
tfidf cosine,Away In A Manger,classical,Away In A Manger,jazz,Raio No Terrasu (Jesus Wept),electronic,Little Lord Obedience,electronic
tfidf cosine,Cinema Paradiso (Se) (Album Version),classical,Oggi,jazz,La Promesa,classical,L'Attesa,classical
tfidf cosine,All Around Me,classical,Will I Get Out Of Jail,electronic,Asleep,folk,My Heart Belongs To You,classical
tfidf cosine,Black Opera,classical,Ho's A Housewife,hip hop,Crossing the Boundary,hip hop,The Dayz Of Wayback,hip hop
tfidf cosine,Baal's Hymn,classical,A Thing Called Love,country,The Illest Brother,hip hop,Mortal City,folk
tfidf cosine,Adagio,classical,Adagio,classical,Il meglio di te,jazz,Le Beatitudini,folk
tfidf cosine,Adeste Fideles,classical,O Holy Night,classical,Flow,pop,Ave Maria No Morro,latin
tfidf cosine,All By Myself (Solo Otra Vez),classical,Amor Mio No Te Vayas,latin,Otra Vez,latin,Sin Conocerte,pop
tfidf cosine,Amazing Grace,classical,Amazing Grace,classical,Peace,r&b/soul,Playstation Blues,electronic
tfidf cosine,Angelina,classical,Cantando,hip hop,Sonrisa especial,latin,Abre tu puerta (y cruza el universo),hip hop
tfidf cosine,Ave Maria,classical,Fili,rock,Roma Sogna,classical,Dolce Veneno,classical
tfidf cosine,Caruso,classical,Caruso,classical,La Canzone Dell' Impossibile,jazz,Nessun dorma!,classical
tfidf cosine,Come Primavera,classical,Passeggeri Distratti,latin,Tristesse,classical,Spente Le Stelle,classical
tfidf cosine,Dentro Un Altro Si,classical,Oceano (Revised Live Version),classical,Per combattere l'acne,folk,L'Età Dei Figuranti,hip hop
tfidf cosine,En Aranjuez Con Tu Amor,classical,Aranjuez Ma Pensee,classical,Hermanos de sangre (Rulot 05),rock,No te creas,folk
tfidf cosine,Enamorado,classical,Alejate De Mi,latin,Virgen De Riña,hip hop,Volcan,latin
tfidf cosine,Esisti Dentro Me,classical,Ognuno Soffre,classical,Se Tu Non Sei Lei,classical,Tristesse,classical
tfidf cosine,Everytime I Look At You,classical,Playstation Blues,electronic,My Big Mistake,pop,Lost In This Moment,country
tfidf cosine,Feelings,classical,Niente Per Scontato,electronic,Semplicemente (Canto Per Te),classical,L'Età Dei Figuranti,hip hop
tfidf cosine,Hallelujah (Aleluya),classical,Buenaventura Y Caney,latin,El ectoplasta,pop,Amores Como El Nuestro,latin
tfidf cosine,Hasta Mi Final,classical,Llorar duele mas,latin,Tal Para Cual,latin,Todavía Me Amas,latin
tfidf cosine,Crazier,country,Love Goes Down,r&b/soul,You Made Me Feel,country,Watch The Sky For Me,jazz
tfidf cosine,Fifteen,country,Interlude 5,r&b/soul,The Illest Brother,hip hop,Act A Fool,hip hop
tfidf cosine,Change,country,Days Like These,reggae,Interlude 5,r&b/soul,Handsworth Revolution,reggae
tfidf cosine,You Can't Read My Mind,country,Not Your Baby,pop,DHC,reggae,Help Me Find A Way To Your Heart,r&b/soul
tfidf cosine,Man In White,country,Snoopafella (Edited),hip hop,The Hourglass,metal,Oklahoma,country
tfidf cosine,Holes,country,Safe Word,electronic,Indian Queens,country,The Truth,electronic
tfidf cosine,Baby Girl,country,Never Gonna Give You Up,r&b/soul,Send It To Me,r&b/soul,Please Come Home For Christmas,rock
tfidf cosine,Growin' Up Down There,country,Dumb,r&b/soul,Summer In Dixie (Remastered Album Version),country,Summer,pop
tfidf cosine,Hangin' Around,country,Wish,metal,I Forgot My Name,jazz,Chase The Clouds Away,jazz
tfidf cosine,Here I Am,country,Looking Back On Vanity,r&b/soul,Twizala,r&b/soul,Lookin' Through The Windows,r&b/soul
tfidf cosine,She's Got A Way With Me,country,Half The Man,country,Never Gonna Give You Up,r&b/soul,A Thing Called Love,country
tfidf cosine,That's How Country Boys Roll,country,North Dakota,country,Roll On (Eighteen Wheeler),country,Indian Dance,r&b/soul
tfidf cosine,Where The Girls Are,country,Girls Just Want To Have Fun,pop,Girls Just Want To Have Fun (Demo),folk,Screen Kiss,punk
tfidf cosine,Daddy Sang Bass,country,Lawrence,country,Daddy Frank,country,Daddy's Moonshine Still,country
tfidf cosine,I Don't Know Where I'm Bound,country,Dos Factotum,jazz,One Nation (Album Version),metal,Back water blues,blues
tfidf cosine,I Was There When It Happened,country,Villains (Full-Length),metal,Lord Of The Flies (Live In Dortmund),metal,Ginuwine 4 ur Mind,hip hop
tfidf cosine,The Big Battle,country,Killin' Spree,hip hop,The Illest Brother,hip hop,El Paso,rock
tfidf cosine,A Thing Called Love,country,She's Got A Way With Me,country,Baal's Hymn,classical,Travelin' Soldier,country
tfidf cosine,You Dreamer You,country,Asking Around For You,blues,Just Like Heaven,rock,You're My Angel,country
tfidf cosine,I Walk The Line,country,Until You're Mine,pop,Close Your Eyes,jazz,Still In Love With You,jazz
tfidf cosine,Life's Railway To Heaven,country,Parallels Of Infinite Torture,metal,Angel,hip hop,Monster,punk
tfidf cosine,If I Had Wings,country,fly,electronic,My Special Prayer,r&b/soul,Why,electronic
tfidf cosine,Pray About Everything,country,Don't Worry (ReMastered),r&b/soul,One Day Closer to You,country,Crazy 'Bout You Baby,country
tfidf cosine,Your Everything,country,La Prima Volta (First Time Ever I Saw Your Face),classical,Snow,classical,Trapped,punk
tfidf cosine,A Little Too Late,country,Too Late,blues,Misled,rock,Here I Am,reggae
tfidf cosine,Who's Your Daddy?,country,(You Can't Let The Boy Overpower) The Man In You,r&b/soul,Piece Of My Heart,jazz,Chest Pain,hip hop
tfidf cosine,A Woman's Touch,country,Empress,reggae,I Heard Love Is Blind,jazz,Stupid Marriage,reggae
tfidf cosine,Big Ol' Truck,country,One of these Days,blues,Big Bill Blues,blues,Shimmy_ Shimmy_ Ko-Ko-Bop (Single Version),latin
tfidf cosine,Blue Bedroom,country,After You've Gone (live),jazz,My Phone,jazz,California Blue,rock
tfidf cosine,It's All Good,country,Alright,r&b/soul,Believe,punk,She's A Star,hip hop
tfidf cosine,Sweet,country,Live Foul,hip hop,9mm,hip hop,LBC And The ING (Explicit),hip hop
tfidf cosine,You Shouldn't Kiss Me Like This,country,One Kiss From Heaven,r&b/soul,Not Leaving Without You (Album Version),pop,The Way You Move,hip hop
tfidf cosine,A Real Fine Place To Start,country,Waiting For The Day,r&b/soul,Electric Barbarella (Radio Edit),electronic,You're So Fine,blues
tfidf cosine,Endless love,country,My Heart Belongs To You,classical,Share My World,r&b/soul,I Still Love You,r&b/soul
tfidf cosine,Love Gets In The Way (Album Version),country,Diddy Wah Diddy,blues,Passin' Me By,hip hop,TV,punk
tfidf cosine,I'd Like To Have That One Back,country,I Want My Girl,r&b/soul,She Thinks,hip hop,I Feel Sorry For Him,country
tfidf cosine,Marina Del Rey,country,She's In Love,country,The Royal Mile,folk,The Curious Kind,electronic
tfidf cosine,Milk Cow Blues,country,Good Morning,blues,The Way You Treated Me (You're Gonna Be Sorry),blues,Johnson City,country
tfidf cosine,Another Try,country,Amazed,r&b/soul,Killing Smile,rock,I Like It (Remix),hip hop
tfidf cosine,As Fast As I Could,country,Square One (Album Version),rock,Never Love You,r&b/soul,Keepin' Up,country
tfidf cosine,One More Time / Aerodynamic,electronic,Sweet Music,reggae,So Much More,electronic,Dance Me,electronic
tfidf cosine,One More Time (Romanthony's Unplugged),electronic,Baby Come Back,blues,The Hurt,pop,Givin' It Up,jazz
tfidf cosine,Touch It / Technologic,electronic,She Be The One,latin,Tune Me Out,reggae,Black,electronic
tfidf cosine,Boots &  Boys,electronic,Jonesy Boy,folk,Joy,r&b/soul,Infant Joy,classical
tfidf cosine,Animal,electronic,A Viable Commercial,punk,Sleep Tight,jazz,The Monitor,rock
tfidf cosine,Hot N Cold (Innerpartysystem Main),electronic,It's Only Your Life,folk,Dudley,rock,Time Is Money (Bastard),electronic
tfidf cosine,Captains and Cruise Ships,electronic,faraway voice,jazz,Spaceman,metal,Weak Become Heroes,hip hop
tfidf cosine,Designer Skyline,electronic,Sunny Road,folk,Marrakech,jazz,Where The Girls Are,country
tfidf cosine,Early Birdie,electronic,Adam Lives In Theory,r&b/soul,Hair,hip hop,2 Deep,hip hop
tfidf cosine,Meteor Shower,electronic,Don't Let It Get To You (Album Version),pop,Banstead,rock,Summer On The West Hill,folk
tfidf cosine,This Is The Future,electronic,Crime,reggae,Tears,metal,Modern Crusaders.,electronic
tfidf cosine,Kings and Queens (Innerpartysystem Remix Main),electronic,Starbound,blues,Heaven's In Here (1999 Digital Remaster),blues,Africa Unite,reggae
tfidf cosine,Bounce,electronic,Strictly 4 My N.I.G.G.A.Z.,hip hop,Rowdy Rowdy,hip hop,The Worst,hip hop
tfidf cosine,Vanished,electronic,Dead Cities,punk,Greensleeves,classical,On Bedford and Grand,punk
tfidf cosine,Xxzxcuzx,electronic,Left For Dead,reggae,You're The Voice,classical,Love Is (What I Say),rock
tfidf cosine,Die Another Day [Live],electronic,Just Another Day (Album Version),electronic,Woke up Dreaming,blues,Life of Tha Party,hip hop
tfidf cosine,Perfect (Nellee Hooper Instrumental),electronic,Pass The Dutchie,reggae,The Lover In Me,pop,Lovers In Captivity,rock
tfidf cosine,Love At First Sight (The Scumfrog's Beauty And The Beast Vocal Edit),electronic,You Are The Only One I Love,folk,I Believe,country,Kiss,jazz
tfidf cosine,I Am Not A Whore,electronic,Love Me Tender,country,Mr. Cool (Featuring Mario Winans) (Album Version),r&b/soul,Rush,electronic
tfidf cosine,Fever,electronic,Better Than Making Love,r&b/soul,Call Me Up,r&b/soul,Kiss me now,rock
tfidf cosine,Freestate,electronic,Let Yourself Go,jazz,Phoenix From The Fire,folk,Enjoy Yourself,r&b/soul
tfidf cosine,Personal Jesus,electronic,Personal Jesus,metal,-9-,rock,Reach Out And Touch (Live @ Fillmore West),jazz
tfidf cosine,Broken,electronic,I'm a Broken Heart,rock,Broken Hearted,r&b/soul,Forgiveness,r&b/soul
tfidf cosine,Kids With Guns (Quiet Village Remix),electronic,To Satellite,metal,Push Me Away,r&b/soul,Lively Up Your Monday,electronic
tfidf cosine,Rhinestone Eyes,electronic,Dandelion Hill,jazz,99 Red Balloons,punk,Soul Power,hip hop
tfidf cosine,Invaders Must Die,electronic,Stavesail,punk,Nipple To The Bottle,r&b/soul,The Earth Dies Screaming,reggae
tfidf cosine,Wake Up Call (Album Version),electronic,From This Dream,country,Right Here Right Now,electronic,Therapy,electronic
tfidf cosine,We Gonna Rock,electronic,Stop The Rock,electronic,Rock Lobster (Live),electronic,Baby We've Got A Date (Rock It Baby),reggae
tfidf cosine,The Great Collapse,electronic,W.O.M.A.N.,blues,Ain't That Just Like A Woman,blues,I'm A Woman,blues
tfidf cosine,Electric Barbarella (Radio Edit),electronic,Time To Make You Mine,pop,You're So Fine,blues,A Real Fine Place To Start,country
tfidf cosine,Pluto,electronic,i like the sunrise,jazz,All The Bodies,punk,Wait,jazz
tfidf cosine,Delta Bay,electronic,Who Shot Sam,country,The Messiah Will Come Again,blues,Shot In The Dark,reggae
tfidf cosine,We Are The People (Shazam Remix),electronic,Even So,folk,Believe,punk,The End Of The World,metal
tfidf cosine,You Left Me,electronic,Can't Get You Off My Mind,r&b/soul,Outside World,electronic,Love Is Strange,folk
tfidf cosine,The Warning,electronic,"Pacifics (Sdtrk ""N.Y. Is Red Hot"")",hip hop,Show Me The Money,hip hop,Lullaby of the Moths,rock
tfidf cosine,Keep It On Ice,electronic,His Name Is Mutty Ranks,hip hop,My Funny Valentine,rock,Fluffy Pup,punk
tfidf cosine,The Jester,electronic,Get Your Hands Up,hip hop,10_000 Feet,rock,Here I Go Again,folk
tfidf cosine,Lazy Days,electronic,One Happy Day,electronic,Take It Back,blues,Something I Can Never Have,rock
tfidf cosine,Someone Said Goodbye,electronic,Never Did Say Goodbye,reggae,Treason,rock,All We Ever Do Is Say Goodbye,folk
tfidf cosine,The Magic Of The Night,electronic,Flying high,metal,Angels on Earth,blues,When I Needed an Angel,blues
tfidf cosine,Gave It A Name,folk,I Feel Sorry For Him,country,Bungee,folk,Captain Anarchy,punk
tfidf cosine,The Vanishing Race,folk,Willie,blues,Wabash Cannonball,country,Roll On (Eighteen Wheeler),country
tfidf cosine,All We Ever Do Is Say Goodbye,folk,This Lull-a-bye (Album Version),jazz,Don't Say No More,r&b/soul,Goodbye,punk
tfidf cosine,Clarity,folk,Rubylove,folk,Ooh La La,blues,Throb,r&b/soul
tfidf cosine,Why Georgia,folk,Life It What It Is (Remastered LP Version),pop,Hair,hip hop,Grey (from Revelling Reckoning),folk
tfidf cosine,Mudfootball (For Moe Lerner),folk,Interlude 5,r&b/soul,Find My Way Back To My Heart,country,New Song,electronic
tfidf cosine,Sister Winter,folk,I Wish You Love,jazz,Stone Cold Heart,r&b/soul,Put Your Dreams Away,jazz
tfidf cosine,In A Graveyard,folk,Static Age,punk,I'm Going On A Long Journey Never To Return,blues,Weak Become Heroes,hip hop
tfidf cosine,Baby,folk,Fall On My Knees,folk,My Little Girl,blues,Love Won't Let Me Wait,r&b/soul
tfidf cosine,Janglin,folk,Daddy's Moonshine Still,country,Dead Weight Falls (Album Version),punk,Likkle Africa,reggae
tfidf cosine,Ballad In Plain D,folk,Mommy For A Day,country,Passin' Me By,hip hop,Nothing Left to Mutilate,metal
tfidf cosine,One Of Us Must Know (Sooner Or Later),folk,The Skeleton Song,reggae,Interlude 5,r&b/soul,Numbers,country
tfidf cosine,It's Growing,folk,Stop Playin',r&b/soul,Blues Prelude,jazz,Tin Pan Alley (aka Roughest Place In Town),blues
tfidf cosine,Oh_ Susannah (LP Version),folk,Love Henry,country,Down On My Knees,r&b/soul,Needles And Pins (Remastered Album Version ),punk
tfidf cosine,Something In The Way She Moves,folk,Cherry Ball Blues,blues,You're So Fine,blues,By The Bed,rock
tfidf cosine,Draw The Line,folk,Strike It Up,electronic,The Irony Of It All (Album Version),electronic,Adam Lives In Theory,r&b/soul
tfidf cosine,Sail Away,folk,Give Me Back My Wig,blues,Never Go Away,r&b/soul,Shining Star,r&b/soul
tfidf cosine,Stella The Artist,folk,Winter Rose,folk,Keep Your Hands Off Her,blues,Prayer for Beauty,r&b/soul
tfidf cosine,Swing Life Away (Acoustic),folk,Bourbon Borderline,country,Summer On The West Hill,folk,Revenge,metal
tfidf cosine,Billy 4,folk,St. Louie,hip hop,The Illest Brother,hip hop,Something to remember you by,jazz
tfidf cosine,Stuck Inside Of Mobile With The Memphis Blues Again,folk,The Winkle Man,reggae,Beale Street Mama,blues,B-Boy Bouillabaisse: A.W.O.L. (2009 Digital Remaster),hip hop
tfidf cosine,Pretty Peggy-O,folk,My Pretty Girl,blues,Truly Dead,reggae,Dead Love,rock
tfidf cosine,She Belongs To Me,folk,When A Woman Loves A Man,country,She's Everything,punk,Beef Bologna,punk
tfidf cosine,When The Deal Goes Down,folk,Strings,r&b/soul,Framed Then Failed,punk,Hold Me So Tight,electronic
tfidf cosine,With God On Our Side,folk,Into Battle,metal,Kinky Sex Makes the World Go 'Round,punk,Thanks For Nothing,electronic
tfidf cosine,Terrapin,folk,We Are In Love,jazz,Embraceable you,jazz,Black Is The Color,folk
tfidf cosine,On The 4th of July,folk,Standing,electronic,Proud To Fall,punk,Stavesail,punk
tfidf cosine,Company Man,folk,Chinese Arithmetic,rock,The Strawberry Roan,country,It's Not OK [Live From London],rock
tfidf cosine,Ace,folk,Old Hippie,country,The Hourglass,metal,El Lute,pop
tfidf cosine,How Do You Keep Love Alive,folk,Goodbye Young Tutor_ You've Now Outgrown Me,folk,Southern Hospitality,metal,Ain't No Woman (Like The One I've Got),r&b/soul
tfidf cosine,When The Stars Go Blue,folk,Laughing At Life,jazz,In The Blue Of The Evening,jazz,Static Age,punk
tfidf cosine,Forever My Friend,folk,Call Me,jazz,Straight From The Heart,pop,Make You Sweat (LP Version),jazz
tfidf cosine,How Come [Acoustic Mix],folk,Everybody Everybody,electronic,Begin Again,electronic,Demons Annoying Me,metal
tfidf cosine,Chelsea Hotel #2,folk,One Time We Lived,electronic,Come Get To This,r&b/soul,Weekenders,folk
tfidf cosine,Lethal Enforcer (Live From Union Chapel_ London),folk,Take Me,pop,Don't Get Around Much Anymore,jazz,Revenge,metal
tfidf cosine,Change,folk,Hindsight,metal,Angst In My Pants,electronic,So Alone,rock
tfidf cosine,Under The Weather,folk,Where I Stand,country,Love 101,reggae,I've Got You Under My Skin,jazz
tfidf cosine,So Sister,folk,Miss Ann,blues,By The Time I Get To Phoenix,r&b/soul,When She's Gone,folk
tfidf cosine,Lost Tonight,folk,Out of Character,blues,Even Cowgirls Get The Blues,rock,Disco,punk
tfidf cosine,Sunnyside Of The Street,folk,On The Sunny Side Of The Street,jazz,Dead End Street,jazz,Fannin Street,pop
tfidf cosine,Can't Tell Me Nothing,hip hop,I La La La Love You,blues,Interlude 5,r&b/soul,These Boots Are Made For Walkin',pop
tfidf cosine,Graduation Day,hip hop,Crossing the Boundary,hip hop,I'm,hip hop,Black Opera,classical
tfidf cosine,Wake Up Mr. West,hip hop,Keep Your Shit The Hardest,hip hop,Like Nothing Else,country,Honest Expression,hip hop
tfidf cosine,A8,hip hop,Man In The Mirror,pop,Dla Niego,pop,Blues For Suckers,blues
tfidf cosine,Boom Boom Guetta,hip hop,Steady Beat Convention,reggae,Pass The Mic (Pt. 2_ Skills To Pay The Bills) (2009 Digital Remaster),hip hop,We Gonna Rock,electronic
tfidf cosine,Communication,hip hop,Guitar Playin',hip hop,I'm That Type Of Ni**a,hip hop,All For One (Explicit) (2006 Remastered LP Version),hip hop
tfidf cosine,One Tribe,hip hop,The Illest Brother,hip hop,Yours (Live),jazz,Jerusalem,reggae
tfidf cosine,Sexy,hip hop,Naked,r&b/soul,In The Kitchen,r&b/soul,Let It Flow,rock
tfidf cosine,Tell Your Momma Come,hip hop,Pass The Mic (Pt. 2_ Skills To Pay The Bills) (2009 Digital Remaster),hip hop,Back In The Day (Explicit LP Version),hip hop,Show Me The Money,hip hop
tfidf cosine,The Apl Song,hip hop,Flow On (Move Me No Mountain),hip hop,Overdose (Album Version),hip hop,Party For Your Right To Fight,hip hop
tfidf cosine,Diamonds From Sierra Leone,hip hop,Flow On (Move Me No Mountain),hip hop,Honest Expression,hip hop,Bad Mutha,hip hop
tfidf cosine,If I Had,hip hop,I'm So Glad,blues,Honest Expression,hip hop,That's What It Is,hip hop
tfidf cosine,Ken Kaniff,hip hop,Soopaman Luva 3,hip hop,Faulty,hip hop,Hair,hip hop
tfidf cosine,My Darling,hip hop,The Illest Brother,hip hop,Interlude 5,r&b/soul,Rock It Like That,hip hop
tfidf cosine,8 Mile,hip hop,Book Of Life,hip hop,Flow On (Move Me No Mountain),hip hop,Mainstream,hip hop
tfidf cosine,Love Was Here,hip hop,All Of Me,country,Baby Come Back,blues,Billie Jean,r&b/soul
tfidf cosine,Be With You,hip hop,Random I Am (Album Version),punk,Revenge,metal,Ain't No Way (You Won't Love Me),r&b/soul
tfidf cosine,Locked Up,hip hop,Room In My Head,folk,Shanghaid,blues,Blues For Suckers,blues
tfidf cosine,So Ghetto,hip hop,Strictly 4 My N.I.G.G.A.Z.,hip hop,Right Now,hip hop,From What I Was Told,hip hop
tfidf cosine,Heart Of The City (Ain't No Love),hip hop,Strictly 4 My N.I.G.G.A.Z.,hip hop,Superstar (Double Murder = Double Platinum),r&b/soul,Who Run It,hip hop
tfidf cosine,Rabbit Run,hip hop,She Ain't Afraid,hip hop,Overdose (Album Version),hip hop,Mainstream,hip hop
tfidf cosine,Splurge,hip hop,Around The Way [Explicit Album Version],hip hop,Keep Your Shit The Hardest,hip hop,Claimin' True,hip hop
tfidf cosine,St. Louie,hip hop,From What I Was Told,hip hop,Just Another Day,hip hop,How We Do,r&b/soul
tfidf cosine,Wrap Sumden,hip hop,Contact Blitt,hip hop,Trife Life,hip hop,Pack The Pipe,hip hop
tfidf cosine,Soon You'll Understand,hip hop,Pack The Pipe,hip hop,Interlude 5,r&b/soul,The Illest Brother,hip hop
tfidf cosine,Encore,hip hop,Overdose (Album Version),hip hop,Peace_ Prosperity & Paper,hip hop,Pass The Mic (Pt. 2_ Skills To Pay The Bills) (2009 Digital Remaster),hip hop
tfidf cosine,Say Now,hip hop,Universal Prayer,pop,Oh Na Na Na,latin,Take This City,reggae
tfidf cosine,Been There Done That,hip hop,The Illest Brother,hip hop,Just Another Day,hip hop,Marie Laveau,country
tfidf cosine,Magical,hip hop,I Love You Babe,r&b/soul,Waiting For The Day,r&b/soul,I Still Love You,r&b/soul
tfidf cosine,Over,hip hop,Do It Again,pop,I'm Gon' Change,r&b/soul,Switch,hip hop
tfidf cosine,Wrap U Around Me,hip hop,Jack U Off (LP Version),r&b/soul,Never Letchu Go,r&b/soul,House Rent Boogie,blues
tfidf cosine,Paper Planes,hip hop,Plumskinzz (Loose Hoe_ God & Cupid),hip hop,Monkey Suit,punk,Just Like Greta,folk
tfidf cosine,Set It Off,hip hop,Physical Stamina,hip hop,B-Boy Bouillabaisse: A.W.O.L. (2009 Digital Remaster),hip hop,Right Now,hip hop
tfidf cosine,Ho,hip hop,Mambo Swing,jazz,Up On The House Top,country,Live On Mars,punk
tfidf cosine,The What,hip hop,Rowdy Rowdy,hip hop,The Worst,hip hop,Strictly 4 My N.I.G.G.A.Z.,hip hop
tfidf cosine,Rowdy Rowdy,hip hop,From What I Was Told,hip hop,Real Muthaphuckkin' G's,hip hop,I Don't Want To Talk About It,hip hop
tfidf cosine,Bang Out,hip hop,1st Booty On Duty,hip hop,Ho's A Housewife,hip hop,Arrested (Insert) (Explicit),hip hop
tfidf cosine,Snoopafella (Edited),hip hop,B-Boy Bouillabaisse: A.W.O.L. (2009 Digital Remaster),hip hop,Soopaman Luva 3,hip hop,Mortal City,folk
tfidf cosine,Hair,hip hop,Caroline (Album Version),pop,I Can Change,r&b/soul,Interlude 5,r&b/soul
tfidf cosine,Happymess,hip hop,Interlude 5,r&b/soul,The Right to Write Me Off,punk,Birthday Card,hip hop
tfidf cosine,Put Your Head On My Shoulder (Album Version),jazz,Love Struck,r&b/soul,Can't Get Enough Of You,reggae,I Can't Stand It,blues
tfidf cosine,Stuck In The Middle With You (Non-Album Track),jazz,When I Die,reggae,Stuck In The Middle,blues,G Up,rock
tfidf cosine,You'll Never Find Another Love Like Mine (Album Version),jazz,Love Is Strange,folk,Some Of Your Lovin',pop,Lotta Lovin',rock
tfidf cosine,Kiss me baby,jazz,Sit Right Here,blues,I'm Looking For A Woman,blues,On a Saturday Night,r&b/soul
tfidf cosine,Let's Go,jazz,Don't Let Me In,jazz,If You Really Love Me,r&b/soul,Beat Again,pop
tfidf cosine,Moon Over Miami,jazz,How High The Moon,jazz,Russian Lullaby,jazz,Paper Moon,jazz
tfidf cosine,Hit That Jive Jack,jazz,Shake,r&b/soul,Indian Dance,r&b/soul,Big Fat Mama Blues,blues
tfidf cosine,The Christmas Song,jazz,The Christmas Song,country,The Colliers,folk,Tell Me Something I Don't Know,pop
tfidf cosine,Too Young,jazz,It's You,pop,To Be Young_ Gifted And Black (LP Version),r&b/soul,My Finest Hour,pop
tfidf cosine,Unforgettable,jazz,Just Because,blues,You Give Good Love,r&b/soul,Fee Fie Foe Fum,blues
tfidf cosine,Autumn Leaves,jazz,Stay Gold,r&b/soul,Evening's Fall,metal,All In My Head,jazz
tfidf cosine,Love Is A Many Splendored Thing,jazz,Lover,electronic,For You,country,Holding On To Love,r&b/soul
tfidf cosine,Smoke Gets in Your Eyes,jazz,Smoke Gets In Your Eyes,folk,Find My Way Back To My Heart,country,I've Gotta See You Smile,folk
tfidf cosine,If You Can't Smile And Say Yes,jazz,Cry Baby,electronic,G Up,rock,Every Night About This Time,blues
tfidf cosine,She's Funny That Way,jazz,What You Do To Me,r&b/soul,Your Eyes,r&b/soul,Never Too Much,r&b/soul
tfidf cosine,The Ruby And The Pearl (2003 Digital Remaster),jazz,Love Me Warm And Tender,punk,Nighttime Birds,metal,Summertime,country
tfidf cosine,The Very Thought Of You,jazz,A Moment Isn't Very Long,country,Meditation,jazz,Slowmotion,electronic
tfidf cosine,Rudolph The Red-Nosed Reindeer,jazz,Rudolph The Red Nosed Reindeer,classical,Reeperbahn,blues,Red Beans & Rice,hip hop
tfidf cosine,December,jazz,May It Be,electronic,I Wish You Love,jazz,Words of Tranquility,electronic
tfidf cosine,Don't Know Why (Live),jazz,Buzz Me,blues,Phantom,hip hop,Otha Fish,hip hop
tfidf cosine,Humble Me,jazz,Saturday Evening Blues,blues,Old Smyrna Road,blues,Don't You Know,r&b/soul
tfidf cosine,I've Got To See You Again,jazz,Killing,punk,Better Days,r&b/soul,Down And Dirty,blues
tfidf cosine,Sinkin' Soon (iTunes Live Session),jazz,You're A Zombie,punk,She's Gonna Break Soon (Radio Edit) (w/o Horns),reggae,Bar Fight,latin
tfidf cosine,The Long Way Home,jazz,Love Don't Love You (LP Version),r&b/soul,You Sure Love To Ball,r&b/soul,One More Day,blues
tfidf cosine,Those Sweet Words,jazz,Sweet Inspiration,blues,Singing Softly To Me,folk,The Chosen Ones,blues
tfidf cosine,Wish I Could (Live),jazz,Passin' Me By,hip hop,Mr Rock & Roll,pop,Swimmer,jazz
tfidf cosine,My Dear Country,jazz,Guilty,jazz,Silence,reggae,Let's Kiss and Make Up,jazz
tfidf cosine,I Love The Way You Say Goodnight,jazz,It's a Pity to Say Goodnight,jazz,Cousin Dupree,jazz,It's Never Too Late,country
tfidf cosine,White Christmas,jazz,Sur Le Fil,pop,Le Rêve Des Filles,pop,Thérapie De Groupe,pop
tfidf cosine,Memories Are Made Of This,jazz,Back Then,hip hop,Fell in Love Without You (Cd),punk,I Can't Stand the Rain,jazz
tfidf cosine,Little Room,jazz,Disgusted,blues,The Hunter,punk,Academy Fight Song,punk
tfidf cosine,Bei Mir Bist Du Schön,jazz,Elefanter,rock,Lieber einen paffen,reggae,Es geht mir gut,punk
tfidf cosine,Don't Sit Under The Apple Tree,jazz,(You Were Made) Especially For Me,r&b/soul,Anyone Who Knows What Love Is (Will Understand),r&b/soul,In Love In Vain,jazz
tfidf cosine,Falling In Love Again,jazz,Falling In Love Again,pop,Never Gonna Fall,r&b/soul,Taking A Chance On Love,jazz
tfidf cosine,Heebie Jeebies,jazz,I Wanna Dance With You,country,Shall We Dance,jazz,Dance Me,electronic
tfidf cosine,I Will Survive,jazz,She Thinks,hip hop,Forever Ain't That Long Anymore,country,The Illest Brother,hip hop
tfidf cosine,In The Mood,jazz,The Cobbler,electronic,Who Is He? (And What Is He To You?),r&b/soul,Skid row Joe,country
tfidf cosine,Kiss,jazz,La Prima Volta (First Time Ever I Saw Your Face),classical,Kickin' It With Your Girlfriend,r&b/soul,Electric Lady,r&b/soul
tfidf cosine,Let Me Go Lover,jazz,Clone Your Lover,classical,The Climbing Rose,rock,My Only Lover,reggae
tfidf cosine,On An Evening In Roma (Sott'er Celo De Roma),jazz,Canto La Vita,classical,Libero liberi libera,reggae,Una Canzone Arresa,rock
tfidf cosine,No Puedo Mas Sin Ti (I'm Your Man),latin,Y Aqui Estoy,latin,Amame,pop,Te Extrano,latin
tfidf cosine,En Tus Pupilas,latin,Quisiera,latin,Desire,classical,Celos,latin
tfidf cosine,Que Me Quedes Tu,latin,No Paseis Por Alto A Los Genios,hip hop,Pregon Para Iluminarse,folk,Después De Ti,latin
tfidf cosine,Sombra De Ti,latin,No Te Vayas,blues,Quien No Ha Dicho Una Mentira,latin,Tu Pa Mi,reggae
tfidf cosine,Te Dejo Madrid,latin,Amor Mio No Te Vayas,latin,Suavemente,latin,Quiero,latin
tfidf cosine,Tú,latin,19 De Noviembre,latin,Sin Conocerte,pop,Amame,pop
tfidf cosine,La Chica De Ayer,latin,Eres,latin,Magia De Amor,classical,Lágrimas De Miel,latin
tfidf cosine,Adicto,latin,Giros,pop,Como La Primera Vez,latin,Obsesion (English Remix_ Album Version),latin
tfidf cosine,Al Despertar,latin,Es Por Ti,latin,La Coqueta,latin,Te Necesito,latin
tfidf cosine,Alguien Como Tú,latin,Como Yo,latin,Desde mi cielo,metal,Virgen De Riña,hip hop
tfidf cosine,Inalcanzable,latin,Una Flor En El Desierto,latin,Cosas Imposibles,latin,Tu Amor Eterno,latin
tfidf cosine,Lloro Por Ti,latin,De Oro,electronic,Amor de Tele,latin,Mujer Calavera,latin
tfidf cosine,Mamacita,latin,El ectoplasta,pop,Buena Vista Social Club,latin,Vuelve Conmigo,latin
tfidf cosine,Miss You,latin,I Miss You,r&b/soul,Miss Ann,blues,Freedom Feels Like Lonely,country
tfidf cosine,Para De Jugar,latin,Te Quiero Porque Te Quiero,latin,La Media Vuelta,latin,Por Mi Reggae Muero,reggae
tfidf cosine,She Be The One,latin,She's A Runner (24-Bit Digitally Remastered 02),rock,Touch It / Technologic,electronic,Not Your Baby,pop
tfidf cosine,Trapecista,latin,Guacamaya,latin,Amarte Es Todo,latin,Desire,classical
tfidf cosine,Tu Vacio,latin,Llega La Noche,latin,Desde Que No Estas,latin,Solo Con Un Beso,latin
tfidf cosine,Volveré,latin,Obsesion (English Remix_ Album Version),latin,Tu Pa Mi,reggae,Lloré Lloré,latin
tfidf cosine,Estoy Aquí,latin,Rosas,pop,Sampa,latin,splash shine,rock
tfidf cosine,Life Is Anew,latin,Because Of You,jazz,Because Of Love,r&b/soul,New Favorite,country
tfidf cosine,Donde Estas Corazon,latin,El 28,pop,Mediterraneo,folk,19 De Noviembre,latin
tfidf cosine,Octavo Día,latin,Agua De Mayo,latin,Como Un Haz De Luna,latin,Cantando,hip hop
tfidf cosine,Te Necesito,latin,Es Por Ti,latin,El 28,pop,Mediterraneo,folk
tfidf cosine,Evil Ways,latin,Can't Find My Way Home,punk,If You Really Love Me,r&b/soul,If You Change Your Mind,blues
tfidf cosine,Anna (el negro zumbon),latin,La Estación,latin,Ven,pop,Exilio,latin
tfidf cosine,Piensa en mi,latin,Después De Ti,latin,No Voy A Cambiar,latin,Que Voy A hacer Sin Tí,latin
tfidf cosine,Esperando,latin,Gulere Gulere,latin,He Chocado Con La Vida,latin,El Diablo,latin
tfidf cosine,Beautiful Liar (Bello Embustero),latin,Cantando,hip hop,Buenaventura Y Caney,latin,Cruz De Navajas,pop
tfidf cosine,Rosario Tijeras,latin,En Algún Rincón,latin,Se Duerme,reggae,Me Voy,latin
tfidf cosine,Animal Nocturno,latin,Rio De La Plata,latin,Santiago de Chile,latin,Cuando,latin
tfidf cosine,Alejate De Mi,latin,Enamorado,classical,Enséñame A Olvidar,latin,Virgen De Riña,hip hop
tfidf cosine,Entre Tus Alas,latin,Lloro Por Ti,latin,Llanto Lloro,latin,Pensar En Ti,latin
tfidf cosine,Me Basto,latin,Despedida,latin,Pierdo El Tiempo,pop,No Me Acostumbro,latin
tfidf cosine,Va Para Ti,latin,Manto Estelar,electronic,Te Quiero Porque Te Quiero,latin,La Novia Del Sol (La Canción de Evaluna),latin
tfidf cosine,Fui,latin,Enamorado,latin,Que Me Quedes Tu,latin,Por Ti Seré (You Raise Me Up),classical
tfidf cosine,Ilusionado,latin,Llévatelo Todo (Album Version),hip hop,Enzo,latin,Todos Quieren A Raymond,reggae
tfidf cosine,Piel De Ciudad,latin,Tu Y Yo,latin,El ectoplasta,pop,Hazme Sentir,latin
tfidf cosine,Quedate,latin,No Voy A Cambiar,latin,Se Te Olvido,latin,Vuelve Conmigo,latin
tfidf cosine,Brother Sport,latin,Far Beyond The Sun,electronic,Freestate,electronic,Door To My Heart,country
tfidf cosine,The Prince,metal,I Wish You Could Smile,classical,Autumn,classical,Marry the Devil,punk
tfidf cosine,Second Heartbeat,metal,Towards Loss,metal,Can't Take This (Album Version),punk,A Day In The Life Of A Fool,country
tfidf cosine,To End The Rapture,metal,Ev'ry Time We Say Goodbye,jazz,It Came Upon A Midnight Clear (Album Version),classical,Apocalyptic Destroyer of Angels,metal
tfidf cosine,Witness,metal,Breathe Again,r&b/soul,Breathe Without You,electronic,Say You're Sorry,jazz
tfidf cosine,Heartache Every Moment,metal,Lost In This Moment,country,When You Say You Love Me (Album Version),classical,Hirudineans,metal
tfidf cosine,Sigillum Diaboli,metal,Explode,pop,We Are In Love,jazz,Black Magic Woman,blues
tfidf cosine,Refined By Your Embrace,metal,Lay Back In The Arms Of Someone,country,A Man Without Love,pop,Hunter killer,metal
tfidf cosine,The Innocence Spilled,metal,Pain,hip hop,Grace Unhearing,metal,This Ain't A Love Song,rock
tfidf cosine,An American Dream,metal,Simple Favor,punk,Torches and Tragedies,punk,Moths,punk
tfidf cosine,The Changing Of Times,metal,Someone Said Goodbye,electronic,Don't Say Goodbye,r&b/soul,Wherever You're Goin' (It's Alright),pop
tfidf cosine,Autumn,metal,Auf das Leben,folk,Dschungelpartei,reggae,ROSENROT,metal
tfidf cosine,Chorus Of Angels,metal,It Came Upon A Midnight Clear (Album Version),classical,Lullaby,r&b/soul,From This Dream,country
tfidf cosine,Follow The Wolves,metal,17,country,Abandoned,metal,Extirpation,electronic
tfidf cosine,I Am You,metal,No Sympathy (for The Devil),metal,Rise,hip hop,Sentenced to Burn,metal
tfidf cosine,The Science Of Lies,metal,Phoenix From The Fire,folk,Freestate,electronic,Incarnadine,metal
tfidf cosine,Slow Down,metal,Towards Loss,metal,Saturday Come Slow,electronic,Swimmer,jazz
tfidf cosine,Steal Away (The Night),metal,That Ain't A Crime,country,Snowflakes Of Love,jazz,Remember Me,classical
tfidf cosine,Black Curtains (2004 Digital Remaster),metal,Black Is The Color,folk,Bags,punk,C.b.f.,metal
tfidf cosine,Die Dead Enough,metal,Never Enough,metal,Lightspan,electronic,Hymn,folk
tfidf cosine,Bodies,metal,Naked,r&b/soul,Have To Explode,rock,Switch,hip hop
tfidf cosine,Rotting Head,metal,The Sanity Assassin,punk,Bourbon,blues,Gutter Boy,punk
tfidf cosine,Gehenna,metal,Brotha,r&b/soul,GO,punk,Me And My Desire,punk
tfidf cosine,[sic] [Explicit],metal,She Ain't Afraid,hip hop,Rabbit Run,hip hop,I'm Sick,punk
tfidf cosine,Gunshots by Computer,metal,Tranny Chaser,pop,Twizala,r&b/soul,Here I Am,country
tfidf cosine,Hope Is... (Album Version),metal,No More Runnin,electronic,Lost In This Moment,country,Rise Up,r&b/soul
tfidf cosine,The Moor,metal,Cambridge (Album Version),punk,Standing,electronic,Turn Away,country
tfidf cosine,This Flesh A Tomb (Instrumental Version),metal,Baby Be Mine,pop,Little Girl,pop,Dream,r&b/soul
tfidf cosine,A Higher Standard,metal,One of Us,hip hop,Migration,folk,Automatic Man (Album Version),punk
tfidf cosine,Redemption,metal,Domination,metal,God Is My Friend,r&b/soul,Call the Ships to Port,electronic
tfidf cosine,We Die Alone (Bonus Track),metal,5 Years Of Silence,metal,Rise Against,metal,-9-,rock
tfidf cosine,Elements,metal,Heal The Waters,metal,Utterance,reggae,Infant Joy,classical
tfidf cosine,Know The Difference,metal,Don't Get Around Much Anymore,jazz,He Loves Me (Lyzel In E Flat),r&b/soul,You're Not Supposed To,r&b/soul
tfidf cosine,Peephole,metal,Bleed For Me,rock,Stuck In The Middle,blues,Web In Front,rock
tfidf cosine,Hellhounds on My Trail,metal,All About U,hip hop,Gotta Go,r&b/soul,Interlude 5,r&b/soul
tfidf cosine,No Commands,metal,It Doesn't Matter Anymore,pop,Take Me,pop,One Word,electronic
tfidf cosine,Mother (2006 Remastered Alternate Mix),metal,The Light & The Glass,rock,All That Jazz,jazz,Plaza,electronic
tfidf cosine,Lord Of The Flies (Live In Dortmund),metal,Soul Possessed,metal,May It Be,electronic,Oh Jerusalem,r&b/soul
tfidf cosine,Phantom Of The Opera (Live) (1998 Digital Remaster),metal,Don't Look Back,r&b/soul,Slam Harder,hip hop,Slam,hip hop
tfidf cosine,Re-Birth,metal,Into The Sun,jazz,Undefeated,punk,Burn,rock
tfidf cosine,This Pain,metal,Witness To A Murder (Part 2),classical,Blessed 2 Have,r&b/soul,Pain in My Heart,blues
tfidf cosine,You Are Not Alone,pop,Stay Another Day,pop,So Far,r&b/soul,From Here To Eternity,jazz
tfidf cosine,Baby Be Mine,pop,Be My Girl,electronic,Anytime,pop,Give Me Time,r&b/soul
tfidf cosine,Man In The Mirror,pop,Universal Prayer,pop,A8,hip hop,Blues For Suckers,blues
tfidf cosine,Why You Wanna Trip On Me,pop,Everytime We Live Together We Die A Bit More,electronic,Give Me What I Want (LP Version),r&b/soul,Ain't No Stopping Us Now,r&b/soul
tfidf cosine,TiK ToK,pop,Ringa Ding Ding,electronic,It's A Party,hip hop,Let's All Get Drunk,hip hop
tfidf cosine,Nothing Lasts Forever,pop,I Love You Babe,r&b/soul,The Hurt,pop,I'd Hate To Be You When People Find Out What This Song Is About (Album),rock
tfidf cosine,Roamer,pop,Let Me Out,rock,I Still Feel,electronic,B-Boy Bouillabaisse: A.W.O.L. (2009 Digital Remaster),hip hop
tfidf cosine,Live High (Album Version),pop,Easy,r&b/soul,Penelope Tree,pop,Easy Living,jazz
tfidf cosine,Did I Do That?,pop,So Not Over You,pop,Freedom,hip hop,What's On Your Mind,hip hop
tfidf cosine,I'll Be There,pop,I'll Be There,classical,Worlds Keep Spinning,jazz,You'll Be In My Heart,pop
tfidf cosine,I Think They're Thinking - Interlude,pop,Your Guts (I Hate 'em) (Live),reggae,Hate,electronic,Better Life,punk
tfidf cosine,Silent Movie,pop,Phoenix From The Fire,folk,Enjoy Yourself,r&b/soul,Freestate,electronic
tfidf cosine,Stumble,pop,More Than This,folk,What's Not Being Said,r&b/soul,More Than Words,pop
tfidf cosine,Heroe,pop,Tuesday,punk,Billie Jean,r&b/soul,One Kiss From Heaven,r&b/soul
tfidf cosine,Little Girl,pop,Tuesday,punk,One Kiss From Heaven,r&b/soul,Billie Jean,r&b/soul
tfidf cosine,Ruleta Rusa,pop,Obsesion (English Remix_ Album Version),latin,Mi Corazoncito,latin,Me Lo Estas Poniendo Dificil,latin
tfidf cosine,Contigo,pop,Mediterraneo,folk,Sueños,latin,19 De Noviembre,latin
tfidf cosine,Años Luz,pop,La Coqueta,latin,Mirta_ De Regreso,latin,Hazme Sentir,latin
tfidf cosine,Love Song,pop,I Will Write My Book,rock,Calls The Tune,punk,Vacation,punk
tfidf cosine,Candyman,pop,Plumskinzz (Loose Hoe_ God & Cupid),hip hop,Computer Love,r&b/soul,Such A Night,r&b/soul
tfidf cosine,Tell Me Something I Don't Know,pop,Miracle Mile,country,Kiss And Tell,r&b/soul,Stutter,pop
tfidf cosine,Cry,pop,Lentil (Live),punk,Bump What Your Friends Say,r&b/soul,Happymess,hip hop
tfidf cosine,Zora sourit,pop,3ème Sexe,electronic,Laquelle Des Deux Est La Plus Snob,pop,Le Commerce De L'eau,pop
tfidf cosine,Dance,pop,Hold You,reggae,Heroes Of Our Land,metal,Mercy,metal
tfidf cosine,Partout Je Vois,pop,L'Homme De La Situation,pop,Assassine,classical,Titanic,electronic
tfidf cosine,Anytime,pop,Dreamworld,r&b/soul,What You Do To Me,r&b/soul,Alguien Real (Baby_ I'm In Love),latin
tfidf cosine,Simplest Love,pop,Green Light Girl,blues,Leaving Green Sleeves,folk,Sing A Song,country
tfidf cosine,Midnight Bottle,pop,Drive Me To Drink,country,Tonight The Bottle Let Me Down,country,Emergency House Party,punk
tfidf cosine,Let Me Be,pop,Ain't No Way,r&b/soul,Bump In The Road,blues,Ain't No Way (You Won't Love Me),r&b/soul
tfidf cosine,Big Sky,pop,Alice,electronic,La Prima Volta (First Time Ever I Saw Your Face),classical,Incarnadine,metal
tfidf cosine,Thinking About You,pop,Out On The Western Plain,blues,London Boys,rock,Borderline,rock
tfidf cosine,A Groovy Kind Of Love (Live),pop,What Kind Of Love,country,Some Kind Of Friend,jazz,Love Affair,r&b/soul
tfidf cosine,That's Why You're Beautiful,pop,The Pugilist,folk,Cavatina,classical,Big Swing Face,jazz
tfidf cosine,Step By Step,pop,Stone County,blues,Little Bit [CSS Remix],electronic,It's Your Thing,jazz
tfidf cosine,Piece Of Me (Main Version),pop,Missing Piece,electronic,The Angry Cry Of The Angry Pie,punk,This Is Me (Acoustic Full Version),pop
tfidf cosine,Can't Make You Love Me,pop,System,pop,It's All Up To You,r&b/soul,Politically Correct,punk
tfidf cosine,Girl In The Mirror,pop,Someone i care about,punk,Damage,r&b/soul,253,electronic
tfidf cosine,Radar,pop,So What'Cha Want (Butt Naked Version) (Explicit) (2009 Digital Remaster),hip hop,I Don't Wanna Lose Your Love,r&b/soul,Move (If You Wanna),hip hop
tfidf cosine,When Your Eyes Say It,pop,Whispers,electronic,Tell Me,r&b/soul,Love Don't Love You (LP Version),r&b/soul
tfidf cosine,Precious (Live In Milan),pop,NoOne,r&b/soul,Broken Buildings,rock,If Trust Is Broken...,punk
tfidf cosine,Insectica,punk,Displaced,jazz,Disrepair,metal,There Must Be More,classical
tfidf cosine,Cambridge (Album Version),punk,The Moor,metal,Daybreaker (Roots Manuva Remix),folk,Relating To A Psychopath,r&b/soul
tfidf cosine,Disappear,punk,Swallows Me Whole,folk,Destination Unknown,pop,My Heart Belongs To You,classical
tfidf cosine,Fell in Love Without You (Cd),punk,Memories Are Made Of This,jazz,Dont Cry,punk,Back Then,hip hop
tfidf cosine,Point Of Extinction (Cd),punk,Lightspan,electronic,We Propose,reggae,If I Had,hip hop
tfidf cosine,Stand Too Close,punk,Overjoyed,r&b/soul,Indy 500,hip hop,Too Much Love,rock
tfidf cosine,Worker Bee,punk,Winter,folk,Good Day Here,country,Gold,pop
tfidf cosine,Mind Over Time,punk,I'm Not Silent,metal,Viva ! blunt force trauma,metal,All Over The World,rock
tfidf cosine,I Fought The Law,punk,I Held My Baby Last Night,blues,All Ghetto Girl,r&b/soul,My Girl,jazz
tfidf cosine,The Magnificent Seven,punk,Christmas Card From A Hooker In Minneapolis,blues,Willie And Laura Mae Jones,r&b/soul,I Can't Get My Hands On You,blues
tfidf cosine,Believe,punk,Alright,r&b/soul,Welcome To My Love,r&b/soul,One Love / People Get Ready,reggae
tfidf cosine,Empty Apartment,punk,Don't You (Forget About Me),punk,Broken Heart,country,Call Me,jazz
tfidf cosine,But Tonight We Dance,punk,Private Lives,electronic,Dance me love,jazz,Emergency House Party,punk
tfidf cosine,Faint Resemblance,punk,Wait A Minute,r&b/soul,Fields,electronic,Fiesta Loca,electronic
tfidf cosine,Survive,punk,Earthquake,rock,Highlight Of My Life,country,2x2x2,rock
tfidf cosine,The Dirt Whispered,punk,Digital Sea,electronic,Josey,punk,You Are Not Alone,pop
tfidf cosine,Get It Right (Album Version),punk,Something I Can Never Have,rock,When I Get Old,punk,All Terrain Vehicle                      	,rock
tfidf cosine,Want You Bad,punk,Bad Girls,pop,Ballchef,punk,You Need A Hug,punk
tfidf cosine,Staring At The Sun,punk,Punk Rock Points,electronic,Close My Eyes,reggae,Don't Cry For Me Argentina,rock
tfidf cosine,Operation Rescue,punk,World Of Uncertainty,reggae,16,pop,The Irony Of It All (Album Version),electronic
tfidf cosine,When Broken Is Easily Fixed (Album Version),punk,Pretty Lush (Album Version),metal,C.b.f.,metal,Bottomless Seas,punk
tfidf cosine,Want,punk,The Dog ( LP Version),r&b/soul,Do The Dog,reggae,TruDog: The Return,hip hop
tfidf cosine,Josey,punk,DHC,reggae,The Dirt Whispered,punk,Tinkers Blues,folk
tfidf cosine,1-2 Crush On You,punk,Knowledge Of Self,jazz,Auntie (Ma-Ma-Ma Belle),rock,Eat To Live (Album Version),hip hop
tfidf cosine,Brand New Cadillac,punk,He Ain't Comin' Home No More,classical,C'Mon,electronic,Goin' Back To Indiana,r&b/soul
tfidf cosine,Cool Confusion,punk,Me And My Desire,punk,Hollywood,blues,GO,punk
tfidf cosine,First Night Back In London,punk,Minutes to Miles,punk,Chest Pain,hip hop,B-Boy Bouillabaisse: A.W.O.L. (2009 Digital Remaster),hip hop
tfidf cosine,Inoculated City,punk,21 Guns (Good Riddance),punk,With God On Our Side,folk,Invaders Must Die,electronic
tfidf cosine,Lost In The Supermarket,punk,Here's To All The People I Have Lost,rock,Just In Time,jazz,The City,hip hop
tfidf cosine,Overpowered By Funk,punk,Funk Funk,r&b/soul,Shake Your Rump To The Funk,r&b/soul,One Nation Under A Groove,r&b/soul
tfidf cosine,Automatic Man (Album Version),punk,Reefer Man,jazz,Possessed To Skate,metal,I Call Him Love,pop
tfidf cosine,Chimaera (Album Version),punk,Hurts The Most,r&b/soul,Some Men Are Like Chocolate,classical,Ballchef,punk
tfidf cosine,Damned to Be Free (Album Version),punk,Ridiculous,hip hop,Wicked World,metal,Re-Birth,metal
tfidf cosine,Get Off,punk,Share My World,r&b/soul,Mainstream,hip hop,All For One (Explicit) (2006 Remastered LP Version),hip hop
tfidf cosine,Juneau,punk,Guess How Much I Love You,hip hop,Stone Cold Heart,r&b/soul,More Than You Know,jazz
tfidf cosine,Another The letter,punk,Where's The Truth,metal,Heart In The Right Place,pop,Promise Broken,country
tfidf cosine,Strange,punk,Something Written,jazz,Have To Explode,rock,DHC,reggae
tfidf cosine,Dude_ What Is a Land Pirate?,punk,Already Gone,pop,Destination: Death or Better Days,metal,I'd Hate To Be You When People Find Out What This Song Is About (Album),rock
tfidf cosine,Again I Go Unnoticed,punk,Another Wound,rock,I'm Still Waiting,r&b/soul,MV4,reggae
tfidf cosine,Carry This Picture,punk,Accidents,folk,Stingy,r&b/soul,The Cobbler,electronic
tfidf cosine,U R The One,r&b/soul,Jack U Off (LP Version),r&b/soul,Leave The Lights On (Album Version),pop,Never Letchu Go,r&b/soul
tfidf cosine,Ain't No Way (You Won't Love Me),r&b/soul,Love Affair,r&b/soul,Magical,hip hop,Honest Expression,hip hop
tfidf cosine,Nice & Slow,r&b/soul,Waiting For The Day,r&b/soul,Sex Packets (LP Version),hip hop,Star,hip hop
tfidf cosine,Roni,r&b/soul,Keep Your Hands Off Her,blues,My Little Girl,blues,Baby,folk
tfidf cosine,Damage,r&b/soul,Passin' Me By,hip hop,Caught Up,r&b/soul,Higher,r&b/soul
tfidf cosine,Gotta Be Ur Man,r&b/soul,Sunshine,hip hop,Be Your Husband,blues,Naked,r&b/soul
tfidf cosine,Birthmark,r&b/soul,Forgiveness,r&b/soul,Get It Together (Album Version),blues,Breakin Me,blues
tfidf cosine,Don't You Say No,r&b/soul,Disco,punk,Not Your Baby,pop,Naked,r&b/soul
tfidf cosine,Kickin' It With Your Girlfriend,r&b/soul,Interlude 5,r&b/soul,Kiss,jazz,Passin' Me By,hip hop
tfidf cosine,Rise Up,r&b/soul,Rise,hip hop,You Hold Me Together,country,Sometimes,pop
tfidf cosine,Joy Ride,r&b/soul,Joy,r&b/soul,Strings,r&b/soul,Make You Sweat (LP Version),jazz
tfidf cosine,Sprung,r&b/soul,I'm Ready,rock,GO,punk,Why You Doing Like That,rock
tfidf cosine,Never Too Much,r&b/soul,Too Much Pressure,reggae,Oh Baby I,r&b/soul,She's Funny That Way,jazz
tfidf cosine,Chocolate Factory,r&b/soul,Jack U Off (LP Version),r&b/soul,It Ain't Easy,reggae,Space,pop
tfidf cosine,I Mean (I Don't Mean It),r&b/soul,I Didn't Mean To Turn You On,rock,Do It All Again,r&b/soul,Tell Me,r&b/soul
tfidf cosine,In The Kitchen,r&b/soul,Sexy,hip hop,It's All Over,jazz,Rock And Roll Girls,rock
tfidf cosine,Distance And Time,r&b/soul,Oh Baby I,r&b/soul,The Look Of Love,jazz,20th Century,pop
tfidf cosine,Lover Man,r&b/soul,You Can't Judge A Book By It's Cover,blues,Moonlight Serenade,jazz,I Got a Woman,blues
tfidf cosine,Nobody Not Really (Interlude),r&b/soul,Jeannie's Diary,rock,A Really Good Time (1999 Digital Remaster),punk,Anyone Who Knows What Love Is (Will Understand),r&b/soul
tfidf cosine,Piano & I,r&b/soul,Lowrider,metal,Plumskinzz (Loose Hoe_ God & Cupid),hip hop,Without You,r&b/soul
tfidf cosine,Tell You Something (Nana's Reprise),r&b/soul,Club Megamix,rock,Destination: Overdrive,electronic,Everyday,folk
tfidf cosine,Try Sleeping With A Broken Heart,r&b/soul,Fast As I Can,folk,Forgiveness,r&b/soul,Lost In You,country
tfidf cosine,Why Do I Feel So Sad,r&b/soul,Tell Me (Acoustic),folk,Hate,electronic,You Need A Hug,punk
tfidf cosine,Lovin U,r&b/soul,Easy,r&b/soul,Work It Out,electronic,Easy To Love,jazz
tfidf cosine,My Ride,r&b/soul,Who Ride Wit Us,hip hop,To Da Crib,r&b/soul,Stop This Car,r&b/soul
tfidf cosine,Starting All Over,r&b/soul,I'm Not In The Mood (To Say No)!,country,Plumskinzz (Loose Hoe_ God & Cupid),hip hop,Life of Tha Party,hip hop
tfidf cosine,Oh Boy,r&b/soul,Jake,folk,Home,rock,Li'l Jack Horny,rock
tfidf cosine,Maybe,r&b/soul,Safe and Sound,reggae,FlyPaper,hip hop,Evenfall,rock
tfidf cosine,Stuck In the Middle,r&b/soul,Stop & Think It Over,pop,Loser Friendly,country,I Like It (Remix),hip hop
tfidf cosine,Bump What Your Friends Say,r&b/soul,Never Meant To Be,r&b/soul,Friends/Oh My My (LIve),folk,Don't Want You Back,pop
tfidf cosine,Smack Dab In The Middle,r&b/soul,Is This Love,reggae,Rock Me Baby,r&b/soul,20th Century Boy,rock
tfidf cosine,Don't You Know,r&b/soul,Soon Forward,reggae,Ain't Too Proud To Beg,r&b/soul,Rock Me Baby,r&b/soul
tfidf cosine,All I Ever Think About,r&b/soul,Nice & Slow,r&b/soul,Sex,hip hop,Waiting For The Day,r&b/soul
tfidf cosine,(You Were Made) Especially For Me,r&b/soul,Anyone Who Knows What Love Is (Will Understand),r&b/soul,Don't Sit Under The Apple Tree,jazz,Dream Catch Me,folk
tfidf cosine,I Was Made To Love Her,r&b/soul,Build Me Up Buttercup,pop,Black Dog,country,I BELIEVE,electronic
tfidf cosine,Bridge Over Troubled Water,r&b/soul,When I Lay My Burden Down,blues,Lay Down Your Sorrows,blues,Sweet Troubled Soul,rock
tfidf cosine,Goin' Back To Indiana,r&b/soul,Heaven,r&b/soul,I Got It Goin' On,jazz,He Ain't Comin' Home No More,classical
tfidf cosine,Lookin' Through The Windows,r&b/soul,Twizala,r&b/soul,Morning Light,reggae,Looking for Somebody,blues
tfidf cosine,You've Changed,r&b/soul,Here And Now,r&b/soul,Yeah,electronic,Something To Talk About,blues
tfidf cosine,Switch!,r&b/soul,Best Of Luck,country,I Don't Care,metal,The Winkle Man,reggae
tfidf cosine,One World (Not Three),reggae,Lightspan,electronic,Imagine,r&b/soul,This Respirator,reggae
tfidf cosine,Close My Eyes,reggae,B-Boy Bouillabaisse: A.W.O.L. (2009 Digital Remaster),hip hop,Days Like These,reggae,Bad Mutha,hip hop
tfidf cosine,Exaltation,reggae,Prism Of Life,electronic,O Holy Night,classical,All Over The World,rock
tfidf cosine,Fire and Heights,reggae,So Help Me God,electronic,Book Of Life,hip hop,All Fired Up_ No Place To Go,country
tfidf cosine,Jerusalem,reggae,One Tribe,hip hop,Autopilot,folk,Yours (Live),jazz
tfidf cosine,Warrior,reggae,Adam Lives In Theory,r&b/soul,B-Boy Bouillabaisse: A.W.O.L. (2009 Digital Remaster),hip hop,Memories Are Made Of This,jazz
tfidf cosine,Don't Push,reggae,B-Boy Bouillabaisse: A.W.O.L. (2009 Digital Remaster),hip hop,Make the Music With Your Mouth_ Biz,hip hop,The Dance,hip hop
tfidf cosine,Pawn Shop,reggae,Do You Remember,r&b/soul,Stone Cold,r&b/soul,The House That We Built,electronic
tfidf cosine,See you in the Light,reggae,At The Spot,r&b/soul,You Know How to Love Me,r&b/soul,Hyper-Ballad,electronic
tfidf cosine,Sweet Little Lies,reggae,Where's The Truth,metal,Masquerade,pop,Blind Rage,electronic
tfidf cosine,The Way You Make Me Feel,reggae,What You Do To Me,r&b/soul,By The Way,hip hop,There'll Come A Time,pop
tfidf cosine,Grito Mundial,reggae,Exilio,latin,Ven,pop,La Ranfla Del Cartel,hip hop
tfidf cosine,Get This Party Started: Ghost Remix,reggae,Everybody Everybody,electronic,Life Of The Party,reggae,Where's The Party,punk
tfidf cosine,Africa Unite,reggae,Sticky,reggae,Progress,rock,To All New Arrivals,electronic
tfidf cosine,Could You Be Loved,reggae,Destination Unknown,pop,You Do Something To Me,latin,Rollercoaster,hip hop
tfidf cosine,No Water,reggae,All Along The Water,pop,Don't Wanna Go To Bed Now,jazz,Rubylove,folk
tfidf cosine,One Love / People Get Ready,reggae,Believe,punk,Alright,rock,It's Alright,punk
tfidf cosine,Try Me,reggae,Take Me Away,electronic,Try Me Again,country,Without You,r&b/soul
tfidf cosine,Baby We've Got A Date (Rock It Baby),reggae,Rock Wit U (Awww Baby),r&b/soul,We Gonna Rock,electronic,The Street And Babe Shadow,rock
tfidf cosine,Johnny Was,reggae,She's Single Again,country,W.O.M.A.N.,blues,Take My Money,reggae
tfidf cosine,Riding High,reggae,Get Fresh,hip hop,Quills,hip hop,My Ride,r&b/soul
tfidf cosine,Soul Shakedown,reggae,Ringa Ding Ding,electronic,(Why Did I Tell You I Was Going To) Shanghai,jazz,Long Live The Party,rock
tfidf cosine,Trenchtown Rock,reggae,Sound Check,reggae,Turn Up The Music,rock,We Gonna Rock,electronic
tfidf cosine,Eternal Feedback (Sly),reggae,Your Emotions,punk,Down To Your Last One More,country,From December,rock
tfidf cosine,Black Progress,reggae,Handsworth Revolution,reggae,Fight The Power,hip hop,I'm Ready,rock
tfidf cosine,Reggae On Broadway,reggae,Give Me What I Want (LP Version),r&b/soul,Baby I Need Your Love,electronic,Naked,r&b/soul
tfidf cosine,Rebels Hop,reggae,Silence,reggae,Sweet Inspiration,pop,All Along The Water,pop
tfidf cosine,Stop The Train,reggae,Northern Bound Train,folk,Ridin Home,blues,First Train Home,blues
tfidf cosine,This Train,reggae,Ridin Home,blues,City To City,folk,Black Train Blues,blues
tfidf cosine,Defeat You,reggae,Still On It,hip hop,Saturday Morning,reggae,Jack U Off (LP Version),r&b/soul
tfidf cosine,Don't Get Nine,reggae,Getting Over You,r&b/soul,The Illest Brother,hip hop,Club Megamix,rock
tfidf cosine,Feva Las Vegas,reggae,N Digga Dee,hip hop,Still On It,hip hop,Jack U Off (LP Version),r&b/soul
tfidf cosine,Secrets,reggae,Interlude 5,r&b/soul,The Man In You,electronic,Why Doesn't Anybody Like Me?,punk
tfidf cosine,Work Work,reggae,Ice Is Workin' It,hip hop,Passin' Me By,hip hop,Interlude 5,r&b/soul
tfidf cosine,Good Rats (Live),reggae,Old Hippie,country,Roosevelt And Ira Lee,blues,Snoopafella (Edited),hip hop
tfidf cosine,Sol_ Playa Y Arena,reggae,La Carencia,reggae,Ayudame Freud,latin,El Arado,latin
tfidf cosine,I Don't Want To See You Cry,reggae,Just For You,r&b/soul,Words Get In The Way,pop,One Good Time,hip hop
tfidf cosine,Come Back Darling,reggae,My Special Prayer,r&b/soul,My Dearest Darling,blues,Stir It Up,reggae
tfidf cosine,Here I Am (Come And Take Me),reggae,Hump Bounce,blues,You Shouldn't Call The Doctor (If You Can't Afford The Bills),rock,Fantastic,hip hop
tfidf cosine,Light My Fire,reggae,Say After Me,pop,Buk-In-Hamm Palace (2002 Digital Remaster),reggae,Ariana,pop
tfidf cosine,Til Kingdom Come,rock,Which Way To Free?,rock,Look What You've Done For Me,r&b/soul,Until My Dreams Come True,country
tfidf cosine,Brothers Under The Bridges ('83),rock,Snoopafella (Edited),hip hop,Ashgrove,rock,El Paso,rock
tfidf cosine,The Big Payback,rock,Nosey Joe,jazz,God Damn Job,punk,Survival Song,folk
tfidf cosine,The Ties That Bind,rock,That's My Baby,blues,Cry For Me,latin,Getting Late,r&b/soul
tfidf cosine,Sam's Town,rock,B-Boy Bouillabaisse: A.W.O.L. (2009 Digital Remaster),hip hop,You Had Me (Live),r&b/soul,Fancy,country
tfidf cosine,Pink Ego Box,rock,Albedo 0.39,electronic,Inside,r&b/soul,Get Into My Groove,jazz
tfidf cosine,Secrets,rock,I'm Gonna Be The First One,jazz,Secret Life,electronic,Club Megamix,rock
tfidf cosine,Come Back,rock,Only When ur Lonely,r&b/soul,One More Day,blues,Whatever You Want (LP Version),r&b/soul
tfidf cosine,Time Is On My Side,rock,Anytime,pop,Baby Come Back,blues,A Song For Mama,r&b/soul
tfidf cosine,Fight (1994 Digital Remaster),rock,Fight The Power,hip hop,Protest Beat,reggae,Something's Gotta Give,jazz
tfidf cosine,This Ain't A Love Song,rock,I Want You,hip hop,Fee Fie Foe Fum,blues,They Were Wrong,folk
tfidf cosine,Superman Tonight,rock,Beauty Lies Within,electronic,Other Side of Day,rock,Don't Fall Apart On Me Tonight,country
tfidf cosine,Bad Obsession,rock,Last Man In The Bar,rock,Killing Time,r&b/soul,Kma Goodbye,folk
tfidf cosine,Anything That's Part Of You,rock,Love Don't Live Here,electronic,Love Don't Live Here Anymore,folk,Smile,punk
tfidf cosine,So I Thought,rock,Don't Call Me Peanut,folk,Song For The Rich,folk,With Love (Remember),blues
tfidf cosine,You're All I've Got Tonight,rock,I Didn't Know That You Cared,electronic,Someone i care about,punk,It's Alright,punk
tfidf cosine,Signal Fire,rock,There You Are,country,Forever,rock,Remember Me_ Oh God_ For Good,electronic
tfidf cosine,The Lightning Strike,rock,This Respirator,reggae,Mastering The World's Smallest Violin,punk,The Hourglass,metal
tfidf cosine,Dumb,rock,That's When The Music Takes Me,pop,Snowflakes Of Love,jazz,Happy Boys & Girls,pop
tfidf cosine,Something In The Way,rock,Out On The Western Plain,blues,I'm Cool,reggae,London Boys,rock
tfidf cosine,Oh! Gravity.,rock,Can We All Come Together,rock,Next Door Neighbour,hip hop,Brand New Key,country
tfidf cosine,Hotel Yorba,rock,Albee Square Mall,hip hop,Interlude 5,r&b/soul,Merrymaking At My Place,electronic
tfidf cosine,Prickly Thorn_ But Sweetly Worn (Live),rock,Aureus,classical,You're My Angel,country,Gammal sång,pop
tfidf cosine,St. Andrew (This Battle Is In The Air),rock,When I Needed an Angel,blues,Wandering Child,classical,You're My Angel,country
tfidf cosine,I Was Meant For the Stage,rock,20th Century,pop,Stavesail,punk,Lentil (Live),punk
tfidf cosine,Alpha Beta Parking Lot,rock,Enemmän,pop,When The Lights Go Out,blues,Sitä jotakin,pop
tfidf cosine,An Ode To No One,rock,Sixteen,punk,Come Back,rock,Anytime,pop
tfidf cosine,Over My Head (Cable Car),rock,Sex,hip hop,Beyond The Visible Spectrum,punk,Sweetwater Texas,country
tfidf cosine,No I In Threesome,rock,Day And Night,pop,Baby We've Got A Date (Rock It Baby),reggae,The Street And Babe Shadow,rock
tfidf cosine,Pace Is The Trick,rock,Today,electronic,Mamacita,reggae,Love Don't Do,blues
tfidf cosine,Embryo,rock,Re-Evolute,hip hop,Viva ! blunt force trauma,metal,Cancel (Album Version),r&b/soul
tfidf cosine,Borderline,rock,Out On The Western Plain,blues,London Boys,rock,My Bucket's Got a Hole In It (2006 Remastered Live Version),country
tfidf cosine,March Of The Pigs,rock,Do What You Do,pop,Let's Do This Now,metal,like you to me,punk
tfidf cosine,Burn,rock,A Fire In Babylon,metal,Crazy World,electronic,Part Of The Process,electronic
tfidf cosine,Something I Can Never Have,rock,Get It Right (Album Version),punk,Overcome,r&b/soul,You're Not Supposed To,r&b/soul
tfidf cosine,It's Your World Now,rock,Lentil (Live),punk,Beauty And The Beast,metal,Ribbon Of Darkness,country
tfidf cosine,Something There Is About You,rock,My Story,jazz,Hook,blues,Rotten Apple Pie,hip hop
tfidf cosine,From Underneath,rock,Me And The Devil,blues,New Generation,reggae,Dave's Friend,reggae
tfidf cosine,Turn It On,rock,Turn,pop,Tell You Something (Nana's Reprise),r&b/soul,100% Pure Love,electronic
tfidf cosine,Something On My Mind,rock,On My Mind,electronic,Valentine,rock,I Like It (Remix),hip hop
